fecha;gvz;sma200;reg
2009.03.18;25.69;38.45;0
2009.03.19;41.52;38.54;1
2009.03.20;38.90;38.62;1
2009.03.23;29.76;38.66;0
2009.03.24;36.28;38.72;0
2009.03.25;36.28;38.78;0
2009.03.26;35.19;38.83;0
2009.03.27;33.25;38.87;0
2009.03.30;33.62;38.91;0
2009.03.31;31.39;38.94;0
2009.04.01;32.33;38.98;0
2009.04.02;34.39;39.03;0
2009.04.03;36.42;39.09;0
2009.04.06;32.95;39.13;0
2009.04.07;32.07;39.16;0
2009.04.08;30.42;39.18;0
2009.04.09;28.00;39.19;0
2009.04.13;29.09;39.20;0
2009.04.14;28.88;39.20;0
2009.04.15;27.47;39.21;0
2009.04.16;27.42;39.21;0
2009.04.17;27.41;39.21;0
2009.04.20;28.45;39.22;0
2009.04.21;29.00;39.23;0
2009.04.22;28.67;39.24;0
2009.04.23;29.92;39.26;0
2009.04.24;30.08;39.28;0
2009.04.27;30.24;39.29;0
2009.04.28;28.53;39.27;0
2009.04.29;27.98;39.25;0
2009.04.30;26.70;39.23;0
2009.05.01;26.44;39.23;0
2009.05.04;28.26;39.23;0
2009.05.05;27.49;39.23;0
2009.05.06;26.77;39.23;0
2009.05.07;26.75;39.24;0
2009.05.08;25.93;39.24;0
2009.05.11;23.60;39.23;0
2009.05.12;23.80;39.22;0
2009.05.13;25.41;39.21;0
2009.05.14;23.08;39.20;0
2009.05.15;22.60;39.19;0
2009.05.18;22.46;39.18;0
2009.05.19;22.41;39.17;0
2009.05.20;24.74;39.17;0
2009.05.21;27.94;39.18;0
2009.05.22;28.34;39.19;0
2009.05.26;26.33;39.20;0
2009.05.27;25.82;39.19;0
2009.05.28;26.70;39.17;0
2009.05.29;28.44;39.15;0
2009.06.01;29.50;39.15;0
2009.06.02;28.69;39.15;0
2009.06.03;27.64;39.13;0
2009.06.04;28.16;39.11;0
2009.06.05;26.82;39.09;0
2009.06.08;27.09;39.07;0
2009.06.09;25.03;39.05;0
2009.06.10;24.78;39.03;0
2009.06.11;24.44;39.01;0
2009.06.12;24.79;38.99;0
2009.06.15;25.31;38.98;0
2009.06.16;23.12;38.96;0
2009.06.17;22.80;38.94;0
2009.06.18;22.43;38.90;0
2009.06.19;21.64;38.86;0
2009.06.22;22.10;38.82;0
2009.06.23;21.93;38.78;0
2009.06.24;22.74;38.74;0
2009.06.25;22.72;38.69;0
2009.06.26;21.97;38.63;0
2009.06.29;21.72;38.56;0
2009.06.30;20.90;38.49;0
2009.07.01;20.29;38.40;0
2009.07.02;19.93;38.30;0
2009.07.06;20.60;38.15;0
2009.07.07;20.71;37.98;0
2009.07.08;23.58;37.86;0
2009.07.09;21.02;37.70;0
2009.07.10;20.79;37.56;0
2009.07.13;19.27;37.44;0
2009.07.14;18.80;37.32;0
2009.07.15;19.36;37.19;0
2009.07.16;18.26;37.03;0
2009.07.17;18.10;36.87;0
2009.07.20;18.55;36.73;0
2009.07.21;18.05;36.56;0
2009.07.22;17.46;36.39;0
2009.07.23;18.44;36.21;0
2009.07.24;18.04;36.04;0
2009.07.27;18.72;35.88;0
2009.07.28;19.26;35.72;0
2009.07.29;19.39;35.49;0
2009.07.30;18.85;35.28;0
2009.07.31;20.51;35.11;0
2009.08.03;21.11;34.93;0
2009.08.04;23.58;34.78;0
2009.08.05;22.12;34.61;0
2009.08.06;21.13;34.47;0
2009.08.07;20.95;34.33;0
2009.08.10;20.33;34.15;0
2009.08.11;19.61;33.97;0
2009.08.12;19.83;33.78;0
2009.08.13;19.97;33.59;0
2009.08.14;19.56;33.38;0
2009.08.17;19.83;33.18;0
2009.08.18;18.93;32.99;0
2009.08.19;19.38;32.81;0
2009.08.20;18.12;32.63;0
2009.08.21;19.11;32.48;0
2009.08.24;19.65;32.34;0
2009.08.25;19.56;32.20;0
2009.08.26;19.60;32.08;0
2009.08.27;19.52;31.95;0
2009.08.28;19.32;31.82;0
2009.08.31;20.43;31.70;0
2009.09.01;21.40;31.56;0
2009.09.02;25.58;31.44;0
2009.09.03;28.86;31.34;0
2009.09.04;27.23;31.25;0
2009.09.08;26.97;31.16;0
2009.09.09;24.71;31.05;0
2009.09.10;24.22;30.91;0
2009.09.11;25.67;30.76;0
2009.09.14;24.78;30.63;0
2009.09.15;24.43;30.50;0
2009.09.16;25.09;30.38;0
2009.09.17;23.53;30.25;0
2009.09.18;22.62;30.12;0
2009.09.21;23.22;30.00;0
2009.09.22;24.53;29.89;0
2009.09.23;23.98;29.78;0
2009.09.24;22.00;29.66;0
2009.09.25;21.79;29.55;0
2009.09.28;20.40;29.42;0
2009.09.29;20.45;29.29;0
2009.09.30;21.54;29.17;0
2009.10.01;21.46;29.04;0
2009.10.02;21.38;28.91;0
2009.10.05;22.78;28.79;0
2009.10.06;25.36;28.69;0
2009.10.07;24.01;28.60;0
2009.10.08;24.88;28.52;0
2009.10.09;23.19;28.43;0
2009.10.12;22.47;28.35;0
2009.10.13;22.34;28.25;0
2009.10.14;20.57;28.13;0
2009.10.15;20.35;28.02;0
2009.10.16;20.76;27.90;0
2009.10.19;20.90;27.80;0
2009.10.20;20.09;27.70;0
2009.10.21;21.53;27.61;0
2009.10.22;19.75;27.51;0
2009.10.23;19.98;27.41;0
2009.10.26;20.87;27.32;0
2009.10.27;20.52;27.24;0
2009.10.28;21.19;27.17;0
2009.10.29;20.72;27.10;0
2009.10.30;21.20;27.03;0
2009.11.02;22.30;26.97;0
2009.11.03;25.25;26.91;0
2009.11.04;25.13;26.85;0
2009.11.05;22.76;26.79;0
2009.11.06;21.45;26.70;0
2009.11.09;21.92;26.61;0
2009.11.10;22.04;26.53;0
2009.11.11;22.45;26.46;0
2009.11.12;23.06;26.38;0
2009.11.13;21.90;26.29;0
2009.11.16;24.34;26.21;0
2009.11.17;23.03;26.13;0
2009.11.18;24.10;26.05;0
2009.11.19;23.96;25.98;0
2009.11.20;24.65;25.91;0
2009.11.23;25.64;25.86;0
2009.11.24;23.56;25.79;0
2009.11.25;25.39;25.72;0
2009.11.27;27.14;25.66;1
2009.11.30;26.27;25.60;1
2009.12.01;26.69;25.52;1
2009.12.02;26.74;25.44;1
2009.12.03;26.81;25.38;1
2009.12.04;29.82;25.32;1
2009.12.07;29.12;25.26;1
2009.12.08;29.20;25.20;1
2009.12.09;28.99;25.14;1
2009.12.10;27.86;25.08;1
2009.12.11;27.82;25.02;1
2009.12.14;25.48;24.94;1
2009.12.15;26.05;24.88;1
2009.12.16;24.90;24.82;1
2009.12.17;27.16;24.77;1
2009.12.18;26.59;24.71;1
2009.12.21;25.88;24.65;1
2009.12.22;25.22;24.59;1
2009.12.23;23.36;24.53;0
2009.12.24;23.10;24.48;0
2009.12.28;26.02;24.44;1
2009.12.29;24.85;24.39;1
2009.12.30;24.53;24.40;1
2009.12.31;23.71;24.39;0
2010.01.04;24.59;24.30;1
2010.01.05;23.34;24.22;0
2010.01.06;23.90;24.20;0
2010.01.07;23.32;24.13;0
2010.01.08;22.04;24.06;0
2010.01.11;20.97;23.99;0
2010.01.12;21.97;23.93;0
2010.01.13;20.63;23.87;0
2010.01.14;21.34;23.82;0
2010.01.15;21.48;23.76;0
2010.01.19;21.31;23.70;0
2010.01.20;22.85;23.63;0
2010.01.21;24.82;23.59;1
2010.01.22;26.01;23.56;1
2010.01.25;24.73;23.53;1
2010.01.26;24.35;23.51;1
2010.01.27;24.08;23.49;1
2010.01.28;23.35;23.46;0
2010.01.29;23.87;23.44;1
2010.02.01;23.84;23.42;1
2010.02.02;22.75;23.40;0
2010.02.03;22.09;23.37;0
2010.02.04;27.19;23.36;1
2010.02.05;27.59;23.35;1
2010.02.08;26.88;23.34;1
2010.02.09;25.45;23.31;1
2010.02.10;26.02;23.29;1
2010.02.11;25.48;23.28;1
2010.02.12;24.29;23.26;1
2010.02.16;25.38;23.25;1
2010.02.17;24.88;23.25;1
2010.02.18;24.00;23.22;1
2010.02.19;24.05;23.21;1
2010.02.22;23.53;23.19;1
2010.02.23;23.89;23.18;1
2010.02.24;22.68;23.16;0
2010.02.25;21.85;23.15;0
2010.02.26;21.31;23.14;0
2010.03.01;21.13;23.12;0
2010.03.02;21.76;23.11;0
2010.03.03;21.37;23.11;0
2010.03.04;20.06;23.09;0
2010.03.05;19.29;23.08;0
2010.03.08;19.89;23.05;0
2010.03.09;19.88;23.01;0
2010.03.10;20.93;22.98;0
2010.03.11;20.19;22.95;0
2010.03.12;20.16;22.92;0
2010.03.15;20.90;22.89;0
2010.03.16;20.32;22.85;0
2010.03.17;19.80;22.80;0
2010.03.18;19.23;22.75;0
2010.03.19;19.71;22.71;0
2010.03.22;19.06;22.67;0
2010.03.23;18.52;22.62;0
2010.03.24;20.81;22.59;0
2010.03.25;20.27;22.57;0
2010.03.26;19.73;22.54;0
2010.03.29;19.07;22.52;0
2010.03.30;18.16;22.48;0
2010.03.31;18.14;22.45;0
2010.04.01;17.49;22.42;0
2010.04.05;18.06;22.40;0
2010.04.06;17.93;22.37;0
2010.04.07;19.13;22.36;0
2010.04.08;18.86;22.35;0
2010.04.09;19.40;22.33;0
2010.04.12;18.27;22.31;0
2010.04.13;17.51;22.28;0
2010.04.14;17.31;22.26;0
2010.04.15;17.44;22.24;0
2010.04.16;18.85;22.23;0
2010.04.19;18.94;22.22;0
2010.04.20;17.69;22.21;0
2010.04.21;17.80;22.20;0
2010.04.22;17.77;22.18;0
2010.04.23;17.90;22.15;0
2010.04.26;17.73;22.14;0
2010.04.27;20.90;22.14;0
2010.04.28;20.13;22.14;0
2010.04.29;19.35;22.15;0
2010.04.30;20.42;22.15;0
2010.05.03;20.93;22.16;0
2010.05.04;21.71;22.18;0
2010.05.05;21.79;22.20;0
2010.05.06;26.31;22.24;1
2010.05.07;26.24;22.28;1
2010.05.10;24.35;22.31;1
2010.05.11;25.96;22.35;1
2010.05.12;25.34;22.39;1
2010.05.13;24.41;22.41;1
2010.05.14;26.21;22.45;1
2010.05.17;26.46;22.48;1
2010.05.18;26.25;22.51;1
2010.05.19;27.05;22.54;1
2010.05.20;30.73;22.58;1
2010.05.21;27.78;22.61;1
2010.05.24;25.72;22.63;1
2010.05.25;25.72;22.65;1
2010.05.26;24.74;22.68;1
2010.05.27;23.00;22.69;1
2010.05.28;22.28;22.70;0
2010.06.01;23.15;22.72;1
2010.06.02;21.55;22.73;0
2010.06.03;21.70;22.74;0
2010.06.04;23.15;22.76;1
2010.06.07;24.95;22.79;1
2010.06.08;24.98;22.82;1
2010.06.09;24.58;22.85;1
2010.06.10;23.29;22.87;1
2010.06.11;21.62;22.88;0
2010.06.14;21.79;22.89;0
2010.06.15;21.26;22.90;0
2010.06.16;20.85;22.91;0
2010.06.17;22.78;22.92;0
2010.06.18;22.04;22.92;0
2010.06.21;22.25;22.90;0
2010.06.22;22.37;22.87;0
2010.06.23;22.38;22.85;0
2010.06.24;22.27;22.82;0
2010.06.25;22.06;22.81;0
2010.06.28;22.80;22.80;0
2010.06.29;24.07;22.80;1
2010.06.30;23.46;22.79;1
2010.07.01;25.13;22.79;1
2010.07.02;22.95;22.78;1
2010.07.06;23.70;22.78;1
2010.07.07;22.00;22.78;0
2010.07.08;20.26;22.76;0
2010.07.09;19.68;22.74;0
2010.07.12;18.51;22.71;0
2010.07.13;18.99;22.70;0
2010.07.14;18.99;22.68;0
2010.07.15;17.18;22.67;0
2010.07.16;20.13;22.67;0
2010.07.19;20.31;22.66;0
2010.07.20;20.41;22.66;0
2010.07.21;20.50;22.65;0
2010.07.22;19.81;22.64;0
2010.07.23;20.28;22.61;0
2010.07.26;20.98;22.60;0
2010.07.27;22.12;22.58;0
2010.07.28;21.29;22.57;0
2010.07.29;19.74;22.56;0
2010.07.30;18.86;22.54;0
2010.08.02;18.79;22.53;0
2010.08.03;18.42;22.52;0
2010.08.04;18.11;22.51;0
2010.08.05;18.00;22.49;0
2010.08.06;17.82;22.48;0
2010.08.09;17.61;22.46;0
2010.08.10;18.11;22.46;0
2010.08.11;19.00;22.45;0
2010.08.12;18.74;22.44;0
2010.08.13;18.37;22.43;0
2010.08.16;18.50;22.42;0
2010.08.17;17.37;22.40;0
2010.08.18;17.79;22.38;0
2010.08.19;18.14;22.36;0
2010.08.20;18.87;22.33;0
2010.08.23;18.42;22.30;0
2010.08.24;19.11;22.28;0
2010.08.25;19.60;22.27;0
2010.08.26;18.81;22.25;0
2010.08.27;18.39;22.23;0
2010.08.30;18.52;22.21;0
2010.08.31;19.39;22.20;0
2010.09.01;17.98;22.18;0
2010.09.02;17.83;22.14;0
2010.09.03;17.51;22.12;0
2010.09.07;17.77;22.08;0
2010.09.08;17.88;22.05;0
2010.09.09;17.41;22.02;0
2010.09.10;17.30;21.98;0
2010.09.13;16.69;21.94;0
2010.09.14;18.24;21.91;0
2010.09.15;17.56;21.86;0
2010.09.16;18.26;21.82;0
2010.09.17;18.08;21.78;0
2010.09.20;17.92;21.73;0
2010.09.21;17.94;21.69;0
2010.09.22;17.36;21.62;0
2010.09.23;17.56;21.57;0
2010.09.24;17.81;21.51;0
2010.09.27;18.22;21.46;0
2010.09.28;18.20;21.41;0
2010.09.29;18.65;21.36;0
2010.09.30;18.65;21.33;0
2010.10.01;18.41;21.29;0
2010.10.04;18.88;21.26;0
2010.10.05;19.58;21.22;0
2010.10.06;19.84;21.19;0
2010.10.07;21.43;21.17;1
2010.10.08;20.65;21.14;0
2010.10.11;20.13;21.13;0
2010.10.12;20.01;21.11;0
2010.10.13;20.85;21.09;0
2010.10.14;22.61;21.07;1
2010.10.15;21.05;21.06;0
2010.10.18;20.89;21.04;0
2010.10.19;21.16;21.03;1
2010.10.20;20.51;21.01;0
2010.10.21;21.11;21.00;1
2010.10.22;20.45;20.98;0
2010.10.25;20.06;20.97;0
2010.10.26;20.16;20.97;0
2010.10.27;20.42;20.96;0
2010.10.28;20.81;20.96;0
2010.10.29;21.24;20.96;1
2010.11.01;22.45;20.97;1
2010.11.02;21.87;20.97;1
2010.11.03;20.68;20.96;0
2010.11.04;21.48;20.94;1
2010.11.05;21.06;20.92;1
2010.11.08;22.38;20.91;1
2010.11.09;24.65;20.91;1
2010.11.10;24.02;20.91;1
2010.11.11;23.22;20.91;1
2010.11.12;23.67;20.90;1
2010.11.15;23.32;20.90;1
2010.11.16;23.56;20.91;1
2010.11.17;22.09;20.91;1
2010.11.18;21.31;20.88;1
2010.11.19;20.13;20.84;0
2010.11.22;20.23;20.81;0
2010.11.23;21.33;20.79;1
2010.11.24;20.59;20.76;0
2010.11.26;15.92;20.71;0
2010.11.29;21.51;20.70;1
2010.11.30;22.61;20.68;1
2010.12.01;22.64;20.67;1
2010.12.02;21.69;20.66;1
2010.12.03;20.95;20.64;1
2010.12.06;20.74;20.63;1
2010.12.07;20.97;20.62;1
2010.12.08;21.13;20.61;1
2010.12.09;20.04;20.60;0
2010.12.10;19.63;20.59;0
2010.12.13;17.35;20.57;0
2010.12.14;16.77;20.55;0
2010.12.15;16.87;20.52;0
2010.12.16;17.31;20.51;0
2010.12.17;16.41;20.50;0
2010.12.20;16.30;20.48;0
2010.12.21;16.66;20.46;0
2010.12.22;16.32;20.44;0
2010.12.23;16.23;20.42;0
2010.12.27;17.31;20.41;0
2010.12.28;18.70;20.39;0
2010.12.29;19.54;20.39;0
2010.12.30;19.67;20.39;0
2010.12.31;19.53;20.39;0
2011.01.03;18.95;20.39;0
2011.01.04;18.84;20.39;0
2011.01.05;18.83;20.39;0
2011.01.06;19.24;20.38;0
2011.01.07;18.50;20.37;0
2011.01.10;18.32;20.36;0
2011.01.11;17.52;20.36;0
2011.01.12;16.92;20.35;0
2011.01.13;18.46;20.35;0
2011.01.14;18.72;20.36;0
2011.01.18;17.66;20.36;0
2011.01.19;17.95;20.36;0
2011.01.20;18.53;20.35;0
2011.01.21;19.06;20.35;0
2011.01.24;18.99;20.35;0
2011.01.25;18.73;20.35;0
2011.01.26;18.86;20.36;0
2011.01.27;18.87;20.37;0
2011.01.28;18.65;20.38;0
2011.01.31;18.33;20.37;0
2011.02.01;17.70;20.37;0
2011.02.02;17.22;20.36;0
2011.02.03;17.74;20.36;0
2011.02.04;17.00;20.36;0
2011.02.07;16.14;20.35;0
2011.02.08;15.61;20.34;0
2011.02.09;15.84;20.32;0
2011.02.10;15.49;20.29;0
2011.02.11;15.87;20.27;0
2011.02.14;15.56;20.25;0
2011.02.15;15.23;20.22;0
2011.02.16;15.13;20.19;0
2011.02.17;15.30;20.16;0
2011.02.18;16.17;20.11;0
2011.02.22;16.83;20.06;0
2011.02.23;18.02;20.03;0
2011.02.24;16.62;19.98;0
2011.02.25;15.69;19.93;0
2011.02.28;15.98;19.89;0
2011.03.01;17.46;19.85;0
2011.03.02;17.91;19.80;0
2011.03.03;17.56;19.76;0
2011.03.04;17.50;19.71;0
2011.03.07;17.79;19.65;0
2011.03.08;17.35;19.60;0
2011.03.09;16.65;19.55;0
2011.03.10;17.18;19.51;0
2011.03.11;17.65;19.47;0
2011.03.14;17.95;19.45;0
2011.03.15;19.04;19.43;0
2011.03.16;18.74;19.41;0
2011.03.17;18.16;19.39;0
2011.03.18;18.10;19.37;0
2011.03.21;17.01;19.34;0
2011.03.22;16.63;19.30;0
2011.03.23;16.83;19.26;0
2011.03.24;17.61;19.23;0
2011.03.25;16.95;19.19;0
2011.03.28;17.09;19.17;0
2011.03.29;16.40;19.14;0
2011.03.30;15.91;19.12;0
2011.03.31;17.16;19.10;0
2011.04.01;16.24;19.07;0
2011.04.04;15.82;19.04;0
2011.04.05;16.41;19.01;0
2011.04.06;16.05;18.97;0
2011.04.07;15.74;18.94;0
2011.04.08;15.59;18.91;0
2011.04.11;15.26;18.87;0
2011.04.12;15.65;18.84;0
2011.04.13;14.72;18.79;0
2011.04.14;15.06;18.75;0
2011.04.15;15.78;18.70;0
2011.04.18;16.73;18.67;0
2011.04.19;16.31;18.63;0
2011.04.20;16.38;18.61;0
2011.04.21;15.70;18.58;0
2011.04.25;18.32;18.58;0
2011.04.26;17.30;18.57;0
2011.04.27;17.76;18.56;0
2011.04.28;17.82;18.56;0
2011.04.29;20.25;18.57;1
2011.05.02;21.11;18.58;1
2011.05.03;19.61;18.58;1
2011.05.04;19.80;18.57;1
2011.05.05;22.06;18.58;1
2011.05.06;21.40;18.59;1
2011.05.09;19.95;18.59;1
2011.05.10;19.14;18.58;1
2011.05.11;19.47;18.56;1
2011.05.12;19.23;18.55;1
2011.05.13;19.77;18.55;1
2011.05.16;19.33;18.56;1
2011.05.17;19.00;18.56;1
2011.05.18;18.15;18.56;0
2011.05.19;17.44;18.55;0
2011.05.20;17.55;18.55;0
2011.05.23;18.30;18.55;0
2011.05.24;17.84;18.55;0
2011.05.25;17.53;18.55;0
2011.05.26;16.66;18.54;0
2011.05.27;16.62;18.53;0
2011.05.31;16.74;18.52;0
2011.06.01;17.74;18.52;0
2011.06.02;17.38;18.52;0
2011.06.03;16.79;18.51;0
2011.06.06;18.12;18.51;0
2011.06.07;16.84;18.50;0
2011.06.08;16.56;18.49;0
2011.06.09;16.06;18.48;0
2011.06.10;16.51;18.46;0
2011.06.13;16.95;18.45;0
2011.06.14;15.33;18.44;0
2011.06.15;17.32;18.43;0
2011.06.16;17.61;18.42;0
2011.06.17;17.03;18.42;0
2011.06.20;16.64;18.41;0
2011.06.21;15.99;18.40;0
2011.06.22;16.10;18.40;0
2011.06.23;16.97;18.39;0
2011.06.24;17.79;18.39;0
2011.06.27;17.52;18.39;0
2011.06.28;16.84;18.39;0
2011.06.29;15.79;18.38;0
2011.06.30;15.34;18.37;0
2011.07.01;15.06;18.36;0
2011.07.05;15.15;18.34;0
2011.07.06;15.81;18.33;0
2011.07.07;15.29;18.32;0
2011.07.08;15.18;18.31;0
2011.07.11;16.30;18.30;0
2011.07.12;17.63;18.30;0
2011.07.13;18.22;18.30;0
2011.07.14;17.90;18.30;0
2011.07.15;16.91;18.29;0
2011.07.18;18.96;18.29;1
2011.07.19;18.14;18.29;0
2011.07.20;17.91;18.28;0
2011.07.21;17.40;18.27;0
2011.07.22;16.98;18.26;0
2011.07.25;18.69;18.24;1
2011.07.26;18.58;18.23;1
2011.07.27;19.24;18.23;1
2011.07.28;18.99;18.23;1
2011.07.29;19.53;18.22;1
2011.08.01;19.58;18.20;1
2011.08.02;20.09;18.20;1
2011.08.03;19.95;18.19;1
2011.08.04;22.28;18.20;1
2011.08.05;21.74;18.21;1
2011.08.08;28.21;18.24;1
2011.08.09;31.13;18.29;1
2011.08.10;32.20;18.36;1
2011.08.11;29.76;18.40;1
2011.08.12;25.91;18.43;1
2011.08.15;24.81;18.45;1
2011.08.16;26.68;18.48;1
2011.08.17;25.12;18.49;1
2011.08.18;26.81;18.52;1
2011.08.19;28.91;18.56;1
2011.08.22;33.09;18.62;1
2011.08.23;33.42;18.68;1
2011.08.24;33.29;18.73;1
2011.08.25;34.42;18.78;1
2011.08.26;33.03;18.83;1
2011.08.29;32.55;18.87;1
2011.08.30;32.12;18.91;1
2011.08.31;30.42;18.95;1
2011.09.01;28.06;18.97;1
2011.09.02;30.16;19.01;1
2011.09.06;34.17;19.08;1
2011.09.07;34.11;19.15;1
2011.09.08;34.43;19.22;1
2011.09.09;37.58;19.30;1
2011.09.12;37.20;19.38;1
2011.09.13;32.49;19.46;1
2011.09.14;29.83;19.51;1
2011.09.15;29.46;19.54;1
2011.09.16;28.86;19.57;1
2011.09.19;30.70;19.62;1
2011.09.20;30.63;19.67;1
2011.09.21;29.68;19.71;1
2011.09.22;32.19;19.77;1
2011.09.23;39.17;19.86;1
2011.09.26;39.86;19.96;1
2011.09.27;36.55;20.04;1
2011.09.28;39.95;20.15;1
2011.09.29;37.08;20.25;1
2011.09.30;37.03;20.36;1
2011.10.03;36.92;20.45;1
2011.10.04;37.74;20.56;1
2011.10.05;36.94;20.66;1
2011.10.06;35.22;20.76;1
2011.10.07;33.16;20.84;1
2011.10.10;31.26;20.92;1
2011.10.11;30.62;20.98;1
2011.10.12;29.51;21.04;1
2011.10.13;28.48;21.08;1
2011.10.14;26.61;21.12;1
2011.10.17;28.93;21.16;1
2011.10.18;29.17;21.21;1
2011.10.19;31.13;21.27;1
2011.10.20;32.08;21.34;1
2011.10.21;28.89;21.39;1
2011.10.24;26.98;21.43;1
2011.10.25;29.92;21.49;1
2011.10.26;30.79;21.56;1
2011.10.27;27.58;21.61;1
2011.10.28;25.84;21.65;1
2011.10.31;27.45;21.69;1
2011.11.01;29.70;21.75;1
2011.11.02;30.16;21.81;1
2011.11.03;30.12;21.87;1
2011.11.04;28.37;21.92;1
2011.11.07;30.24;21.97;1
2011.11.08;29.21;22.02;1
2011.11.09;29.85;22.08;1
2011.11.10;28.81;22.13;1
2011.11.11;27.85;22.18;1
2011.11.14;27.85;22.22;1
2011.11.15;26.75;22.27;1
2011.11.16;26.94;22.32;1
2011.11.17;28.86;22.37;1
2011.11.18;27.59;22.43;1
2011.11.21;30.07;22.49;1
2011.11.22;27.56;22.55;1
2011.11.23;27.81;22.61;1
2011.11.25;20.46;22.64;0
2011.11.28;26.61;22.69;1
2011.11.29;25.74;22.74;1
2011.11.30;25.32;22.79;1
2011.12.01;24.55;22.84;1
2011.12.02;23.51;22.88;1
2011.12.05;24.97;22.93;1
2011.12.06;24.52;22.96;1
2011.12.07;24.15;23.00;1
2011.12.08;25.18;23.04;1
2011.12.09;23.13;23.08;1
2011.12.12;23.66;23.11;1
2011.12.13;24.10;23.15;1
2011.12.14;28.63;23.20;1
2011.12.15;27.28;23.25;1
2011.12.16;24.80;23.29;1
2011.12.19;23.42;23.31;1
2011.12.20;21.33;23.33;0
2011.12.21;21.22;23.36;0
2011.12.22;20.23;23.37;0
2011.12.23;19.67;23.38;0
2011.12.27;20.81;23.40;0
2011.12.28;24.33;23.42;1
2011.12.29;23.12;23.44;0
2011.12.30;23.24;23.47;0
2012.01.03;22.90;23.49;0
2012.01.04;22.08;23.52;0
2012.01.05;22.34;23.55;0
2012.01.06;21.30;23.57;0
2012.01.09;21.47;23.59;0
2012.01.10;21.51;23.61;0
2012.01.11;22.34;23.64;0
2012.01.12;21.60;23.66;0
2012.01.13;21.20;23.69;0
2012.01.17;21.60;23.71;0
2012.01.18;21.14;23.74;0
2012.01.19;20.34;23.76;0
2012.01.20;19.58;23.78;0
2012.01.23;20.18;23.80;0
2012.01.24;20.08;23.82;0
2012.01.25;22.24;23.85;0
2012.01.26;21.71;23.88;0
2012.01.27;20.82;23.91;0
2012.01.30;21.23;23.94;0
2012.01.31;20.93;23.97;0
2012.02.01;21.54;24.00;0
2012.02.02;21.93;24.03;0
2012.02.03;21.05;24.05;0
2012.02.06;21.20;24.07;0
2012.02.07;20.45;24.10;0
2012.02.08;20.69;24.11;0
2012.02.09;20.03;24.12;0
2012.02.10;19.73;24.13;0
2012.02.13;19.07;24.14;0
2012.02.14;19.24;24.13;0
2012.02.15;19.28;24.13;0
2012.02.16;19.21;24.12;0
2012.02.17;18.61;24.12;0
2012.02.21;19.94;24.11;0
2012.02.22;19.84;24.10;0
2012.02.23;19.76;24.10;0
2012.02.24;19.01;24.10;0
2012.02.27;19.10;24.10;0
2012.02.28;20.12;24.10;0
2012.02.29;22.90;24.12;0
2012.03.01;19.53;24.12;0
2012.03.02;18.96;24.12;0
2012.03.05;19.40;24.12;0
2012.03.06;20.23;24.14;0
2012.03.07;19.18;24.15;0
2012.03.08;19.26;24.15;0
2012.03.09;19.41;24.16;0
2012.03.12;19.21;24.17;0
2012.03.13;20.47;24.19;0
2012.03.14;20.60;24.21;0
2012.03.15;18.24;24.21;0
2012.03.16;18.99;24.22;0
2012.03.19;17.83;24.22;0
2012.03.20;18.42;24.23;0
2012.03.21;18.04;24.23;0
2012.03.22;18.51;24.24;0
2012.03.23;18.30;24.25;0
2012.03.26;19.22;24.26;0
2012.03.27;18.62;24.27;0
2012.03.28;18.18;24.28;0
2012.03.29;17.43;24.29;0
2012.03.30;17.01;24.29;0
2012.04.02;17.10;24.28;0
2012.04.03;18.05;24.29;0
2012.04.04;18.88;24.30;0
2012.04.05;18.02;24.31;0
2012.04.09;19.21;24.33;0
2012.04.10;19.94;24.34;0
2012.04.11;20.02;24.35;0
2012.04.12;18.64;24.36;0
2012.04.13;18.44;24.37;0
2012.04.16;18.80;24.38;0
2012.04.17;18.03;24.39;0
2012.04.18;17.54;24.41;0
2012.04.19;17.33;24.42;0
2012.04.20;16.72;24.42;0
2012.04.23;17.11;24.43;0
2012.04.24;17.64;24.44;0
2012.04.25;17.45;24.45;0
2012.04.26;16.94;24.45;0
2012.04.27;16.61;24.44;0
2012.04.30;16.93;24.43;0
2012.05.01;16.47;24.43;0
2012.05.02;16.55;24.42;0
2012.05.03;17.45;24.42;0
2012.05.04;16.32;24.41;0
2012.05.07;16.38;24.40;0
2012.05.08;17.93;24.41;0
2012.05.09;19.32;24.41;0
2012.05.10;18.25;24.41;0
2012.05.11;18.46;24.41;0
2012.05.14;20.05;24.41;0
2012.05.15;20.75;24.42;0
2012.05.16;22.20;24.43;0
2012.05.17;22.59;24.44;0
2012.05.18;23.29;24.46;0
2012.05.21;20.69;24.45;0
2012.05.22;20.04;24.44;0
2012.05.23;21.79;24.41;0
2012.05.24;21.93;24.36;0
2012.05.25;21.11;24.31;0
2012.05.29;21.72;24.27;0
2012.05.30;23.46;24.26;0
2012.05.31;23.11;24.25;0
2012.06.01;25.30;24.24;1
2012.06.04;25.36;24.24;1
2012.06.05;23.99;24.23;0
2012.06.06;23.14;24.20;0
2012.06.07;22.92;24.15;0
2012.06.08;22.03;24.09;0
2012.06.11;22.19;24.04;0
2012.06.12;22.90;23.98;0
2012.06.13;23.96;23.93;1
2012.06.14;24.10;23.89;1
2012.06.15;22.94;23.84;0
2012.06.18;20.64;23.80;0
2012.06.19;20.51;23.76;0
2012.06.20;19.88;23.71;0
2012.06.21;21.07;23.64;0
2012.06.22;20.29;23.57;0
2012.06.25;20.46;23.50;0
2012.06.26;20.47;23.42;0
2012.06.27;19.96;23.33;0
2012.06.28;20.56;23.27;0
2012.06.29;19.53;23.22;0
2012.07.02;19.34;23.17;0
2012.07.03;25.23;23.15;1
2012.07.05;18.94;23.09;0
2012.07.06;19.46;23.04;0
2012.07.09;19.04;22.98;0
2012.07.10;20.28;22.92;0
2012.07.11;19.22;22.82;0
2012.07.12;19.31;22.72;0
2012.07.13;18.52;22.63;0
2012.07.16;18.03;22.52;0
2012.07.17;17.70;22.42;0
2012.07.18;17.35;22.33;0
2012.07.19;16.83;22.23;0
2012.07.20;16.88;22.12;0
2012.07.23;18.34;22.03;0
2012.07.24;19.60;21.95;0
2012.07.25;19.64;21.88;0
2012.07.26;19.37;21.82;0
2012.07.27;19.11;21.77;0
2012.07.30;19.43;21.71;0
2012.07.31;19.51;21.67;0
2012.08.01;19.01;21.63;0
2012.08.02;18.05;21.58;0
2012.08.03;16.65;21.52;0
2012.08.06;16.35;21.44;0
2012.08.07;16.48;21.36;0
2012.08.08;16.25;21.30;0
2012.08.09;16.19;21.25;0
2012.08.10;16.16;21.18;0
2012.08.13;15.13;21.10;0
2012.08.14;14.96;21.04;0
2012.08.15;14.87;20.98;0
2012.08.16;15.17;20.92;0
2012.08.17;14.70;20.84;0
2012.08.20;14.78;20.77;0
2012.08.21;16.29;20.70;0
2012.08.22;17.15;20.64;0
2012.08.23;17.94;20.58;0
2012.08.24;16.88;20.52;0
2012.08.27;16.90;20.45;0
2012.08.28;16.54;20.39;0
2012.08.29;16.50;20.34;0
2012.08.30;17.14;20.28;0
2012.08.31;17.89;20.24;0
2012.09.04;17.97;20.19;0
2012.09.05;18.18;20.14;0
2012.09.06;17.80;20.09;0
2012.09.07;18.95;20.04;0
2012.09.10;19.08;19.99;0
2012.09.11;19.59;19.95;0
2012.09.12;20.15;19.95;1
2012.09.13;19.03;19.91;0
2012.09.14;17.87;19.87;0
2012.09.17;18.08;19.84;0
2012.09.18;17.89;19.80;0
2012.09.19;17.69;19.77;0
2012.09.20;17.29;19.74;0
2012.09.21;17.09;19.70;0
2012.09.24;16.94;19.66;0
2012.09.25;16.74;19.62;0
2012.09.26;16.31;19.59;0
2012.09.27;17.02;19.55;0
2012.09.28;16.76;19.52;0
2012.10.01;16.90;19.46;0
2012.10.02;16.34;19.40;0
2012.10.03;16.59;19.36;0
2012.10.04;17.27;19.33;0
2012.10.05;15.88;19.30;0
2012.10.08;16.13;19.28;0
2012.10.09;15.72;19.26;0
2012.10.10;15.53;19.24;0
2012.10.11;15.31;19.21;0
2012.10.12;15.72;19.17;0
2012.10.15;15.47;19.13;0
2012.10.16;15.12;19.09;0
2012.10.17;14.64;19.05;0
2012.10.18;14.73;19.01;0
2012.10.19;15.10;18.97;0
2012.10.22;14.88;18.94;0
2012.10.23;15.80;18.91;0
2012.10.24;15.70;18.88;0
2012.10.25;15.36;18.85;0
2012.10.26;14.92;18.81;0
2012.10.31;14.99;18.78;0
2012.11.01;14.49;18.75;0
2012.11.02;16.20;18.72;0
2012.11.05;17.48;18.71;0
2012.11.06;18.00;18.70;0
2012.11.07;16.69;18.68;0
2012.11.08;17.02;18.67;0
2012.11.09;16.07;18.64;0
2012.11.12;15.66;18.61;0
2012.11.13;14.54;18.58;0
2012.11.14;14.94;18.54;0
2012.11.15;14.26;18.51;0
2012.11.16;13.28;18.47;0
2012.11.19;13.61;18.43;0
2012.11.20;13.52;18.39;0
2012.11.21;13.22;18.35;0
2012.11.23;15.48;18.33;0
2012.11.26;13.18;18.29;0
2012.11.27;13.68;18.26;0
2012.11.28;13.70;18.23;0
2012.11.29;12.67;18.19;0
2012.11.30;13.24;18.16;0
2012.12.03;13.40;18.13;0
2012.12.04;13.95;18.11;0
2012.12.05;14.00;18.09;0
2012.12.06;14.07;18.06;0
2012.12.07;13.87;18.03;0
2012.12.10;14.20;18.00;0
2012.12.11;14.16;17.97;0
2012.12.12;13.34;17.95;0
2012.12.13;13.01;17.91;0
2012.12.14;12.60;17.86;0
2012.12.17;11.97;17.82;0
2012.12.18;13.69;17.79;0
2012.12.19;13.73;17.77;0
2012.12.20;14.53;17.74;0
2012.12.21;13.82;17.71;0
2012.12.24;13.21;17.68;0
2012.12.26;13.56;17.65;0
2012.12.27;14.83;17.63;0
2012.12.28;15.30;17.60;0
2012.12.31;14.38;17.57;0
2013.01.02;13.43;17.55;0
2013.01.03;13.72;17.52;0
2013.01.04;13.78;17.50;0
2013.01.07;14.51;17.48;0
2013.01.08;14.08;17.46;0
2013.01.09;14.16;17.44;0
2013.01.10;13.27;17.42;0
2013.01.11;13.79;17.39;0
2013.01.14;13.78;17.36;0
2013.01.15;13.76;17.34;0
2013.01.16;14.49;17.33;0
2013.01.17;14.90;17.32;0
2013.01.18;13.80;17.30;0
2013.01.22;12.71;17.27;0
2013.01.23;12.46;17.24;0
2013.01.24;13.03;17.22;0
2013.01.25;14.08;17.19;0
2013.01.28;14.39;17.16;0
2013.01.29;13.59;17.13;0
2013.01.30;13.21;17.10;0
2013.01.31;13.76;17.08;0
2013.02.01;13.32;17.05;0
2013.02.04;13.78;17.03;0
2013.02.05;13.03;17.01;0
2013.02.06;13.57;16.99;0
2013.02.07;13.59;16.97;0
2013.02.08;13.14;16.95;0
2013.02.11;14.38;16.94;0
2013.02.12;14.06;16.92;0
2013.02.13;14.70;16.91;0
2013.02.14;14.72;16.90;0
2013.02.15;15.90;16.90;0
2013.02.19;15.75;16.89;0
2013.02.20;18.59;16.90;1
2013.02.21;16.90;16.90;1
2013.02.22;16.26;16.90;0
2013.02.25;17.48;16.90;1
2013.02.26;15.61;16.89;0
2013.02.27;15.57;16.87;0
2013.02.28;15.79;16.86;0
2013.03.01;15.75;16.85;0
2013.03.04;16.03;16.83;0
2013.03.05;15.47;16.80;0
2013.03.06;15.05;16.77;0
2013.03.07;14.84;16.73;0
2013.03.08;13.54;16.68;0
2013.03.11;12.96;16.64;0
2013.03.12;12.07;16.60;0
2013.03.13;12.24;16.55;0
2013.03.14;12.59;16.51;0
2013.03.15;12.43;16.46;0
2013.03.18;13.30;16.42;0
2013.03.19;14.52;16.38;0
2013.03.20;13.33;16.33;0
2013.03.21;13.37;16.27;0
2013.03.22;12.89;16.20;0
2013.03.25;12.99;16.15;0
2013.03.26;12.48;16.10;0
2013.03.27;12.33;16.04;0
2013.03.28;12.41;16.00;0
2013.04.01;13.13;15.95;0
2013.04.02;13.73;15.90;0
2013.04.03;15.21;15.86;0
2013.04.04;16.03;15.82;1
2013.04.05;14.46;15.78;0
2013.04.08;14.22;15.75;0
2013.04.09;13.54;15.71;0
2013.04.10;15.15;15.69;0
2013.04.11;15.29;15.66;0
2013.04.12;21.32;15.66;1
2013.04.15;34.48;15.73;1
2013.04.16;30.02;15.78;1
2013.04.17;26.93;15.82;1
2013.04.18;24.57;15.84;1
2013.04.19;24.37;15.86;1
2013.04.22;23.28;15.88;1
2013.04.23;23.68;15.87;1
2013.04.24;21.49;15.89;1
2013.04.25;22.35;15.90;1
2013.04.26;24.21;15.93;1
2013.04.29;23.16;15.94;1
2013.04.30;22.09;15.95;1
2013.05.01;22.93;15.97;1
2013.05.02;22.06;15.99;1
2013.05.03;20.37;16.00;1
2013.05.06;20.37;16.01;1
2013.05.07;22.07;16.04;1
2013.05.08;20.64;16.06;1
2013.05.09;21.62;16.08;1
2013.05.10;23.95;16.11;1
2013.05.13;25.04;16.14;1
2013.05.14;25.06;16.16;1
2013.05.15;28.01;16.21;1
2013.05.16;27.18;16.25;1
2013.05.17;28.34;16.29;1
2013.05.20;26.66;16.33;1
2013.05.21;27.18;16.37;1
2013.05.22;27.61;16.42;1
2013.05.23;26.08;16.46;1
2013.05.24;24.90;16.51;1
2013.05.28;24.86;16.55;1
2013.05.29;22.76;16.58;1
2013.05.30;21.43;16.61;1
2013.05.31;22.63;16.64;1
2013.06.03;21.68;16.67;1
2013.06.04;22.32;16.71;1
2013.06.05;22.65;16.75;1
2013.06.06;22.33;16.78;1
2013.06.07;23.58;16.83;1
2013.06.10;22.68;16.87;1
2013.06.11;23.27;16.90;1
2013.06.12;22.04;16.93;1
2013.06.13;22.69;16.95;1
2013.06.14;20.91;16.97;1
2013.06.17;21.27;16.99;1
2013.06.18;22.70;17.02;1
2013.06.19;22.53;17.05;1
2013.06.20;29.94;17.12;1
2013.06.21;27.19;17.16;1
2013.06.24;27.69;17.21;1
2013.06.25;25.86;17.25;1
2013.06.26;31.43;17.32;1
2013.06.27;33.51;17.39;1
2013.06.28;31.84;17.46;1
2013.07.01;28.84;17.50;1
2013.07.02;28.19;17.54;1
2013.07.03;27.25;17.58;1
2013.07.05;27.15;17.63;1
2013.07.08;26.79;17.67;1
2013.07.09;25.68;17.71;1
2013.07.10;26.24;17.75;1
2013.07.11;23.85;17.79;1
2013.07.12;24.07;17.82;1
2013.07.15;23.53;17.86;1
2013.07.16;23.20;17.89;1
2013.07.17;23.61;17.92;1
2013.07.18;22.52;17.95;1
2013.07.19;21.19;17.97;1
2013.07.22;21.76;18.00;1
2013.07.23;21.66;18.02;1
2013.07.24;22.61;18.05;1
2013.07.25;21.77;18.08;1
2013.07.26;22.22;18.11;1
2013.07.29;22.77;18.14;1
2013.07.30;23.72;18.18;1
2013.07.31;24.99;18.23;1
2013.08.01;24.61;18.28;1
2013.08.02;24.24;18.32;1
2013.08.05;23.49;18.36;1
2013.08.06;23.82;18.40;1
2013.08.07;23.49;18.45;1
2013.08.08;21.71;18.48;1
2013.08.09;21.50;18.51;1
2013.08.12;21.58;18.55;1
2013.08.13;21.37;18.57;1
2013.08.14;21.21;18.60;1
2013.08.15;22.45;18.64;1
2013.08.16;22.97;18.68;1
2013.08.19;24.25;18.72;1
2013.08.20;23.82;18.77;1
2013.08.21;23.28;18.81;1
2013.08.22;22.69;18.83;1
2013.08.23;22.63;18.86;1
2013.08.26;23.67;18.89;1
2013.08.27;23.90;18.92;1
2013.08.28;25.89;18.97;1
2013.08.29;24.36;19.02;1
2013.08.30;24.44;19.07;1
2013.09.03;25.20;19.12;1
2013.09.04;24.61;19.17;1
2013.09.05;25.64;19.23;1
2013.09.06;23.59;19.28;1
2013.09.09;22.04;19.32;1
2013.09.10;22.58;19.37;1
2013.09.11;22.63;19.41;1
2013.09.12;25.09;19.47;1
2013.09.13;24.88;19.52;1
2013.09.16;25.12;19.58;1
2013.09.17;25.35;19.64;1
2013.09.18;23.20;19.69;1
2013.09.19;21.75;19.73;1
2013.09.20;22.27;19.78;1
2013.09.23;22.70;19.82;1
2013.09.24;22.84;19.86;1
2013.09.25;21.97;19.90;1
2013.09.26;21.79;19.94;1
2013.09.27;22.57;19.98;1
2013.09.30;23.72;20.04;1
2013.10.01;25.48;20.10;1
2013.10.02;24.04;20.16;1
2013.10.03;24.54;20.22;1
2013.10.04;24.77;20.27;1
2013.10.07;24.81;20.33;1
2013.10.08;25.44;20.38;1
2013.10.09;25.81;20.44;1
2013.10.10;25.36;20.50;1
2013.10.11;25.83;20.57;1
2013.10.14;26.45;20.62;1
2013.10.15;26.07;20.68;1
2013.10.16;24.72;20.73;1
2013.10.17;22.31;20.77;1
2013.10.18;21.43;20.81;1
2013.10.21;21.52;20.85;1
2013.10.22;20.75;20.88;0
2013.10.23;20.52;20.91;0
2013.10.24;20.67;20.95;0
2013.10.25;19.90;20.98;0
2013.10.28;20.32;21.01;0
2013.10.29;20.65;21.05;0
2013.10.30;20.81;21.08;0
2013.10.31;20.57;21.11;0
2013.11.01;20.68;21.14;0
2013.11.04;20.30;21.17;0
2013.11.05;20.19;21.21;0
2013.11.06;19.43;21.25;0
2013.11.07;20.01;21.28;0
2013.11.08;19.37;21.31;0
2013.11.11;19.15;21.33;0
2013.11.12;21.20;21.37;0
2013.11.13;20.46;21.41;0
2013.11.14;19.44;21.43;0
2013.11.15;18.03;21.46;0
2013.11.18;19.52;21.49;0
2013.11.19;19.45;21.52;0
2013.11.20;23.04;21.57;1
2013.11.21;21.30;21.60;0
2013.11.22;20.33;21.64;0
2013.11.25;20.02;21.67;0
2013.11.26;19.68;21.70;0
2013.11.27;19.75;21.72;0
2013.11.29;19.33;21.74;0
2013.12.02;21.43;21.77;0
2013.12.03;21.09;21.80;0
2013.12.04;20.82;21.81;0
2013.12.05;21.78;21.83;0
2013.12.06;20.50;21.86;0
2013.12.09;20.65;21.87;0
2013.12.10;19.63;21.89;0
2013.12.11;20.02;21.91;0
2013.12.12;22.24;21.95;1
2013.12.13;21.87;21.98;0
2013.12.16;21.91;22.01;0
2013.12.17;21.79;22.04;0
2013.12.18;21.39;22.07;0
2013.12.19;22.07;22.11;0
2013.12.20;21.01;22.14;0
2013.12.23;20.76;22.18;0
2013.12.24;20.08;22.22;0
2013.12.26;19.84;22.26;0
2013.12.27;19.10;22.29;0
2013.12.30;20.75;22.33;0
2013.12.31;21.65;22.38;0
2014.01.02;20.42;22.41;0
2014.01.03;19.19;22.44;0
2014.01.06;19.50;22.47;0
2014.01.07;19.12;22.50;0
2014.01.08;19.43;22.53;0
2014.01.09;18.46;22.56;0
2014.01.10;17.27;22.58;0
2014.01.13;16.67;22.60;0
2014.01.14;16.50;22.62;0
2014.01.15;16.43;22.64;0
2014.01.16;15.39;22.64;0
2014.01.17;14.34;22.63;0
2014.01.21;15.97;22.64;0
2014.01.22;15.62;22.64;0
2014.01.23;16.01;22.65;0
2014.01.24;17.54;22.67;0
2014.01.27;18.38;22.68;0
2014.01.28;18.71;22.67;0
2014.01.29;17.45;22.58;0
2014.01.30;17.97;22.52;0
2014.01.31;18.62;22.48;0
2014.02.03;19.15;22.45;0
2014.02.04;18.51;22.43;0
2014.02.05;18.52;22.40;0
2014.02.06;17.93;22.37;0
2014.02.07;16.59;22.35;0
2014.02.10;17.08;22.32;0
2014.02.11;16.81;22.29;0
2014.02.12;16.23;22.25;0
2014.02.13;16.13;22.22;0
2014.02.14;16.26;22.19;0
2014.02.18;16.28;22.16;0
2014.02.19;16.48;22.14;0
2014.02.20;16.07;22.12;0
2014.02.21;15.73;22.09;0
2014.02.24;15.94;22.06;0
2014.02.25;15.86;22.03;0
2014.02.26;16.46;22.00;0
2014.02.27;15.75;21.95;0
2014.02.28;16.07;21.90;0
2014.03.03;17.05;21.85;0
2014.03.04;16.75;21.80;0
2014.03.05;16.58;21.74;0
2014.03.06;16.31;21.69;0
2014.03.07;15.82;21.63;0
2014.03.10;15.83;21.57;0
2014.03.11;16.14;21.52;0
2014.03.12;16.67;21.48;0
2014.03.13;17.30;21.44;0
2014.03.14;18.32;21.42;0
2014.03.17;17.87;21.40;0
2014.03.18;17.37;21.38;0
2014.03.19;17.59;21.36;0
2014.03.20;16.91;21.33;0
2014.03.21;16.43;21.30;0
2014.03.24;17.53;21.27;0
2014.03.25;17.16;21.24;0
2014.03.26;17.32;21.22;0
2014.03.27;17.60;21.19;0
2014.03.28;17.48;21.16;0
2014.03.31;17.37;21.14;0
2014.04.01;16.65;21.12;0
2014.04.02;16.19;21.09;0
2014.04.03;16.01;21.06;0
2014.04.04;15.81;21.02;0
2014.04.07;15.95;20.95;0
2014.04.08;15.99;20.90;0
2014.04.09;14.83;20.83;0
2014.04.10;15.06;20.78;0
2014.04.11;15.19;20.70;0
2014.04.14;15.34;20.61;0
2014.04.15;16.10;20.53;0
2014.04.16;15.44;20.46;0
2014.04.17;15.96;20.40;0
2014.04.21;16.22;20.35;0
2014.04.22;16.19;20.29;0
2014.04.23;15.61;20.23;0
2014.04.24;15.86;20.19;0
2014.04.25;16.07;20.13;0
2014.04.28;15.56;20.09;0
2014.04.29;15.31;20.05;0
2014.04.30;15.52;20.01;0
2014.05.01;15.15;19.97;0
2014.05.02;14.85;19.93;0
2014.05.05;15.51;19.89;0
2014.05.06;15.02;19.86;0
2014.05.07;15.40;19.83;0
2014.05.08;14.87;19.79;0
2014.05.09;14.76;19.75;0
2014.05.12;14.04;19.72;0
2014.05.13;13.61;19.67;0
2014.05.14;13.76;19.63;0
2014.05.15;14.57;19.58;0
2014.05.16;14.04;19.53;0
2014.05.19;14.23;19.48;0
2014.05.20;14.07;19.42;0
2014.05.21;14.36;19.38;0
2014.05.22;13.98;19.33;0
2014.05.23;14.52;19.28;0
2014.05.27;16.21;19.26;0
2014.05.28;15.80;19.23;0
2014.05.29;15.01;19.20;0
2014.05.30;15.34;19.17;0
2014.06.02;15.55;19.14;0
2014.06.03;15.05;19.10;0
2014.06.04;14.79;19.06;0
2014.06.05;14.15;19.01;0
2014.06.06;13.22;18.96;0
2014.06.09;12.77;18.90;0
2014.06.10;12.37;18.85;0
2014.06.11;12.36;18.80;0
2014.06.12;12.91;18.75;0
2014.06.13;12.52;18.69;0
2014.06.16;12.41;18.62;0
2014.06.17;12.53;18.56;0
2014.06.18;12.11;18.50;0
2014.06.19;14.48;18.45;0
2014.06.20;12.79;18.39;0
2014.06.23;12.93;18.33;0
2014.06.24;12.96;18.27;0
2014.06.25;12.92;18.23;0
2014.06.26;12.76;18.18;0
2014.06.27;12.64;18.13;0
2014.06.30;14.01;18.07;0
2014.07.01;13.74;18.02;0
2014.07.02;13.89;17.96;0
2014.07.03;12.99;17.90;0
2014.07.07;12.99;17.85;0
2014.07.08;12.83;17.80;0
2014.07.09;13.05;17.76;0
2014.07.10;12.91;17.71;0
2014.07.11;13.27;17.66;0
2014.07.14;14.23;17.62;0
2014.07.15;14.73;17.59;0
2014.07.16;14.67;17.55;0
2014.07.17;15.52;17.51;0
2014.07.18;14.35;17.45;0
2014.07.21;14.69;17.40;0
2014.07.22;14.62;17.35;0
2014.07.23;14.07;17.30;0
2014.07.24;14.33;17.25;0
2014.07.25;14.68;17.19;0
2014.07.28;14.55;17.14;0
2014.07.29;15.05;17.09;0
2014.07.30;14.85;17.03;0
2014.07.31;15.46;16.98;0
2014.08.01;14.37;16.92;0
2014.08.04;14.17;16.86;0
2014.08.05;14.76;16.83;0
2014.08.06;14.51;16.79;0
2014.08.07;14.82;16.76;0
2014.08.08;14.85;16.73;0
2014.08.11;14.49;16.70;0
2014.08.12;14.35;16.67;0
2014.08.13;13.53;16.64;0
2014.08.14;12.55;16.60;0
2014.08.15;13.33;16.56;0
2014.08.18;13.46;16.52;0
2014.08.19;13.43;16.49;0
2014.08.20;13.51;16.45;0
2014.08.21;13.84;16.42;0
2014.08.22;13.46;16.39;0
2014.08.25;13.55;16.36;0
2014.08.26;13.24;16.32;0
2014.08.27;12.72;16.29;0
2014.08.28;12.90;16.26;0
2014.08.29;12.85;16.22;0
2014.09.02;14.05;16.18;0
2014.09.03;13.44;16.15;0
2014.09.04;14.01;16.13;0
2014.09.05;13.27;16.10;0
2014.09.08;14.47;16.08;0
2014.09.09;15.36;16.04;0
2014.09.10;15.89;16.01;0
2014.09.11;16.42;15.99;1
2014.09.12;17.86;15.98;1
2014.09.15;16.50;15.97;1
2014.09.16;16.58;15.95;1
2014.09.17;17.14;15.94;1
2014.09.18;15.50;15.91;0
2014.09.19;16.90;15.89;1
2014.09.22;16.44;15.87;1
2014.09.23;16.65;15.84;1
2014.09.24;17.21;15.83;1
2014.09.25;17.99;15.81;1
2014.09.26;17.84;15.80;1
2014.09.29;17.17;15.79;1
2014.09.30;18.83;15.77;1
2014.10.01;18.73;15.76;1
2014.10.02;18.20;15.74;1
2014.10.03;19.13;15.72;1
2014.10.06;17.60;15.71;1
2014.10.07;17.56;15.68;1
2014.10.08;17.50;15.67;1
2014.10.09;17.86;15.65;1
2014.10.10;18.11;15.64;1
2014.10.13;17.69;15.63;1
2014.10.14;17.98;15.62;1
2014.10.15;20.04;15.62;1
2014.10.16;19.68;15.61;1
2014.10.17;18.08;15.60;1
2014.10.20;17.27;15.59;1
2014.10.21;17.01;15.58;1
2014.10.22;16.58;15.56;1
2014.10.23;16.91;15.55;1
2014.10.24;16.24;15.54;1
2014.10.27;16.49;15.54;1
2014.10.28;16.30;15.54;1
2014.10.29;16.75;15.54;1
2014.10.30;18.08;15.54;1
2014.10.31;21.54;15.58;1
2014.11.03;21.10;15.61;1
2014.11.04;20.10;15.63;1
2014.11.05;23.38;15.67;1
2014.11.06;23.18;15.70;1
2014.11.07;21.38;15.72;1
2014.11.10;22.23;15.74;1
2014.11.11;21.43;15.76;1
2014.11.12;21.29;15.78;1
2014.11.13;20.98;15.79;1
2014.11.14;23.36;15.81;1
2014.11.17;23.37;15.84;1
2014.11.18;23.97;15.86;1
2014.11.19;24.26;15.89;1
2014.11.20;21.50;15.91;1
2014.11.21;21.23;15.93;1
2014.11.24;20.64;15.95;1
2014.11.25;20.67;15.97;1
2014.11.26;21.24;15.99;1
2014.11.28;25.17;16.04;1
2014.12.01;22.33;16.07;1
2014.12.02;21.29;16.10;1
2014.12.03;20.62;16.12;1
2014.12.04;20.30;16.14;1
2014.12.05;20.02;16.16;1
2014.12.08;19.55;16.18;1
2014.12.09;20.09;16.20;1
2014.12.10;19.27;16.21;1
2014.12.11;19.11;16.23;1
2014.12.12;19.66;16.25;1
2014.12.15;20.95;16.27;1
2014.12.16;22.08;16.29;1
2014.12.17;20.90;16.31;1
2014.12.18;19.28;16.33;1
2014.12.19;18.68;16.34;1
2014.12.22;20.26;16.37;1
2014.12.23;19.76;16.38;1
2014.12.24;19.37;16.40;1
2014.12.26;18.92;16.41;1
2014.12.29;20.15;16.41;1
2014.12.30;19.48;16.42;1
2014.12.31;20.08;16.44;1
2015.01.02;20.23;16.45;1
2015.01.05;21.26;16.47;1
2015.01.06;20.78;16.49;1
2015.01.07;20.35;16.51;1
2015.01.08;19.20;16.52;1
2015.01.09;18.44;16.52;1
2015.01.12;17.65;16.52;1
2015.01.13;17.63;16.52;1
2015.01.14;18.52;16.53;1
2015.01.15;21.83;16.56;1
2015.01.16;22.66;16.59;1
2015.01.20;23.43;16.62;1
2015.01.21;22.34;16.66;1
2015.01.22;21.25;16.68;1
2015.01.23;20.62;16.71;1
2015.01.26;20.04;16.73;1
2015.01.27;20.16;16.76;1
2015.01.28;19.31;16.78;1
2015.01.29;20.25;16.80;1
2015.01.30;19.65;16.82;1
2015.02.02;20.33;16.85;1
2015.02.03;20.30;16.87;1
2015.02.04;20.36;16.89;1
2015.02.05;20.06;16.91;1
2015.02.06;20.59;16.93;1
2015.02.09;20.30;16.95;1
2015.02.10;19.71;16.97;1
2015.02.11;20.07;17.00;1
2015.02.12;19.31;17.02;1
2015.02.13;18.49;17.03;1
2015.02.17;19.61;17.05;1
2015.02.18;19.54;17.08;1
2015.02.19;18.62;17.09;1
2015.02.20;19.26;17.11;1
2015.02.23;19.40;17.13;1
2015.02.24;18.77;17.15;1
2015.02.25;17.40;17.17;1
2015.02.26;16.65;17.18;0
2015.02.27;15.91;17.19;0
2015.03.02;16.38;17.20;0
2015.03.03;16.76;17.21;0
2015.03.04;16.66;17.23;0
2015.03.05;16.90;17.24;0
2015.03.06;18.43;17.26;1
2015.03.09;17.58;17.28;1
2015.03.10;18.97;17.30;1
2015.03.11;20.01;17.33;1
2015.03.12;19.07;17.35;1
2015.03.13;18.90;17.36;1
2015.03.16;19.14;17.38;1
2015.03.17;20.83;17.41;1
2015.03.18;18.65;17.42;1
2015.03.19;17.25;17.44;0
2015.03.20;17.21;17.45;0
2015.03.23;17.26;17.46;0
2015.03.24;16.84;17.48;0
2015.03.25;16.38;17.50;0
2015.03.26;16.02;17.52;0
2015.03.27;15.83;17.53;0
2015.03.30;16.64;17.55;0
2015.03.31;16.34;17.57;0
2015.04.01;16.04;17.59;0
2015.04.02;16.01;17.61;0
2015.04.06;15.74;17.63;0
2015.04.07;15.20;17.63;0
2015.04.08;14.79;17.64;0
2015.04.09;15.00;17.65;0
2015.04.10;14.23;17.66;0
2015.04.13;14.79;17.67;0
2015.04.14;15.18;17.68;0
2015.04.15;14.60;17.69;0
2015.04.16;14.54;17.69;0
2015.04.17;14.47;17.69;0
2015.04.20;15.39;17.70;0
2015.04.21;15.04;17.71;0
2015.04.22;15.79;17.73;0
2015.04.23;15.87;17.74;0
2015.04.24;16.39;17.76;0
2015.04.27;16.42;17.78;0
2015.04.28;16.19;17.79;0
2015.04.29;15.95;17.80;0
2015.04.30;16.76;17.81;0
2015.05.01;17.29;17.82;0
2015.05.04;17.62;17.83;0
2015.05.05;17.15;17.85;0
2015.05.06;17.53;17.86;0
2015.05.07;17.91;17.88;1
2015.05.08;15.84;17.89;0
2015.05.11;15.94;17.89;0
2015.05.12;15.63;17.90;0
2015.05.13;15.93;17.91;0
2015.05.14;16.21;17.91;0
2015.05.15;15.48;17.91;0
2015.05.18;15.81;17.92;0
2015.05.19;15.88;17.92;0
2015.05.20;15.25;17.93;0
2015.05.21;14.62;17.93;0
2015.05.22;14.19;17.93;0
2015.05.26;15.22;17.93;0
2015.05.27;14.08;17.92;0
2015.05.28;14.51;17.93;0
2015.05.29;13.99;17.92;0
2015.06.01;14.88;17.93;0
2015.06.02;14.86;17.94;0
2015.06.03;15.15;17.95;0
2015.06.04;16.01;17.96;0
2015.06.05;15.12;17.97;0
2015.06.08;15.14;17.98;0
2015.06.09;14.83;17.98;0
2015.06.10;14.37;17.99;0
2015.06.11;14.30;17.99;0
2015.06.12;13.99;18.00;0
2015.06.15;14.34;18.01;0
2015.06.16;14.36;18.01;0
2015.06.17;13.58;18.02;0
2015.06.18;13.53;18.01;0
2015.06.19;13.26;18.01;0
2015.06.22;13.85;18.01;0
2015.06.23;13.89;18.01;0
2015.06.24;13.83;18.01;0
2015.06.25;13.12;18.00;0
2015.06.26;13.22;17.99;0
2015.06.29;14.50;17.98;0
2015.06.30;15.34;17.96;0
2015.07.01;14.86;17.96;0
2015.07.02;14.42;17.95;0
2015.07.06;14.25;17.93;0
2015.07.07;15.23;17.93;0
2015.07.08;15.78;17.92;0
2015.07.09;15.47;17.92;0
2015.07.10;14.42;17.91;0
2015.07.13;13.43;17.89;0
2015.07.14;13.25;17.87;0
2015.07.15;14.35;17.85;0
2015.07.16;14.05;17.83;0
2015.07.17;16.32;17.82;0
2015.07.20;19.73;17.83;1
2015.07.21;19.56;17.83;1
2015.07.22;19.59;17.83;1
2015.07.23;19.39;17.84;1
2015.07.24;19.27;17.85;1
2015.07.27;20.06;17.86;1
2015.07.28;18.40;17.87;1
2015.07.29;17.22;17.86;0
2015.07.30;17.07;17.86;0
2015.07.31;16.79;17.85;0
2015.08.03;17.58;17.84;0
2015.08.04;17.24;17.83;0
2015.08.05;17.74;17.83;0
2015.08.06;17.25;17.83;0
2015.08.07;16.59;17.83;0
2015.08.10;16.41;17.82;0
2015.08.11;16.53;17.82;0
2015.08.12;16.80;17.83;0
2015.08.13;15.84;17.82;0
2015.08.14;15.59;17.82;0
2015.08.17;15.40;17.81;0
2015.08.18;15.84;17.80;0
2015.08.19;15.96;17.77;0
2015.08.20;16.87;17.75;0
2015.08.21;18.48;17.74;1
2015.08.24;21.26;17.73;1
2015.08.25;20.20;17.72;1
2015.08.26;20.03;17.71;1
2015.08.27;18.74;17.69;1
2015.08.28;18.80;17.68;1
2015.08.31;19.34;17.67;1
2015.09.01;19.65;17.66;1
2015.09.02;18.65;17.64;1
2015.09.03;18.57;17.62;1
2015.09.04;18.62;17.59;1
2015.09.08;18.31;17.56;1
2015.09.09;17.80;17.54;1
2015.09.10;16.89;17.52;0
2015.09.11;17.38;17.50;0
2015.09.14;17.63;17.49;1
2015.09.15;17.69;17.47;1
2015.09.16;18.05;17.44;1
2015.09.17;16.63;17.41;0
2015.09.18;16.46;17.38;0
2015.09.21;16.59;17.36;0
2015.09.22;17.35;17.35;1
2015.09.23;17.34;17.33;1
2015.09.24;19.26;17.33;1
2015.09.25;18.33;17.32;1
2015.09.28;18.28;17.32;1
2015.09.29;17.67;17.31;1
2015.09.30;17.47;17.30;1
2015.10.01;16.90;17.28;0
2015.10.02;16.71;17.25;0
2015.10.05;16.68;17.23;0
2015.10.06;17.54;17.22;1
2015.10.07;17.13;17.22;0
2015.10.08;16.91;17.20;0
2015.10.09;16.92;17.19;0
2015.10.12;16.24;17.17;0
2015.10.13;17.14;17.16;0
2015.10.14;18.35;17.15;1
2015.10.15;17.90;17.14;1
2015.10.16;16.59;17.13;0
2015.10.19;16.94;17.11;0
2015.10.20;16.79;17.09;0
2015.10.21;15.90;17.06;0
2015.10.22;15.59;17.04;0
2015.10.23;15.59;17.02;0
2015.10.26;15.78;17.01;0
2015.10.27;15.30;17.00;0
2015.10.28;15.63;16.99;0
2015.10.29;15.77;16.97;0
2015.10.30;15.39;16.94;0
2015.11.02;15.28;16.90;0
2015.11.03;17.19;16.87;1
2015.11.04;18.02;16.85;1
2015.11.05;17.82;16.83;1
2015.11.06;17.36;16.82;1
2015.11.09;17.55;16.80;1
2015.11.10;17.36;16.79;1
2015.11.11;17.89;16.78;1
2015.11.12;18.47;16.77;1
2015.11.13;18.29;16.77;1
2015.11.16;18.50;16.76;1
2015.11.17;20.17;16.76;1
2015.11.18;19.40;16.75;1
2015.11.19;18.04;16.74;1
2015.11.20;17.26;16.73;1
2015.11.23;17.70;16.71;1
2015.11.24;16.72;16.70;1
2015.11.25;16.39;16.68;0
2015.11.27;17.16;16.67;1
2015.11.30;16.91;16.66;1
2015.12.01;16.62;16.65;0
2015.12.02;17.36;16.64;1
2015.12.03;17.76;16.63;1
2015.12.04;15.96;16.62;0
2015.12.07;16.23;16.60;0
2015.12.08;16.12;16.59;0
2015.12.09;17.39;16.59;1
2015.12.10;17.07;16.59;1
2015.12.11;18.16;16.60;1
2015.12.14;19.05;16.61;1
2015.12.15;18.09;16.62;1
2015.12.16;15.41;16.61;0
2015.12.17;16.06;16.61;0
2015.12.18;15.06;16.59;0
2015.12.21;15.32;16.58;0
2015.12.22;15.17;16.56;0
2015.12.23;14.94;16.54;0
2015.12.24;15.02;16.52;0
2015.12.28;16.06;16.50;0
2015.12.29;15.22;16.48;0
2015.12.30;15.25;16.45;0
2015.12.31;14.99;16.44;0
2016.01.04;16.07;16.43;0
2016.01.05;15.20;16.42;0
2016.01.06;16.30;16.42;0
2016.01.07;17.42;16.42;1
2016.01.08;17.62;16.42;1
2016.01.11;16.43;16.43;1
2016.01.12;16.61;16.43;1
2016.01.13;16.99;16.43;1
2016.01.14;16.16;16.43;0
2016.01.15;17.42;16.44;1
2016.01.19;16.17;16.44;0
2016.01.20;16.56;16.44;1
2016.01.21;16.77;16.45;1
2016.01.22;15.91;16.46;0
2016.01.25;17.13;16.47;1
2016.01.26;17.26;16.48;1
2016.01.27;16.71;16.49;1
2016.01.28;15.41;16.49;0
2016.01.29;15.73;16.50;0
2016.02.01;16.81;16.51;1
2016.02.02;16.20;16.52;0
2016.02.03;17.84;16.53;1
2016.02.04;17.39;16.54;1
2016.02.05;19.58;16.56;1
2016.02.08;20.38;16.58;1
2016.02.09;21.72;16.61;1
2016.02.10;21.36;16.64;1
2016.02.11;28.37;16.70;1
2016.02.12;24.10;16.74;1
2016.02.16;24.84;16.78;1
2016.02.17;24.53;16.81;1
2016.02.18;26.37;16.86;1
2016.02.19;24.88;16.90;1
2016.02.22;23.31;16.93;1
2016.02.23;23.69;16.95;1
2016.02.24;24.24;17.00;1
2016.02.25;23.36;17.03;1
2016.02.26;21.67;17.06;1
2016.02.29;22.59;17.10;1
2016.03.01;21.97;17.13;1
2016.03.02;22.00;17.16;1
2016.03.03;23.51;17.20;1
2016.03.04;22.31;17.23;1
2016.03.07;22.08;17.26;1
2016.03.08;23.07;17.30;1
2016.03.09;22.31;17.35;1
2016.03.10;23.14;17.39;1
2016.03.11;21.90;17.42;1
2016.03.14;21.14;17.46;1
2016.03.15;19.70;17.49;1
2016.03.16;20.03;17.51;1
2016.03.17;18.99;17.53;1
2016.03.18;18.15;17.55;1
2016.03.21;17.40;17.55;0
2016.03.22;17.62;17.57;1
2016.03.23;18.00;17.58;1
2016.03.24;18.09;17.60;1
2016.03.28;17.53;17.61;0
2016.03.29;19.52;17.64;1
2016.03.30;18.58;17.66;1
2016.03.31;18.45;17.68;1
2016.04.01;18.04;17.70;1
2016.04.04;17.95;17.72;1
2016.04.05;18.16;17.75;1
2016.04.06;17.82;17.77;1
2016.04.07;19.32;17.80;1
2016.04.08;18.74;17.82;1
2016.04.11;19.58;17.85;1
2016.04.12;19.09;17.88;1
2016.04.13;17.96;17.90;1
2016.04.14;17.83;17.92;0
2016.04.15;17.41;17.93;0
2016.04.18;17.30;17.94;0
2016.04.19;17.42;17.96;0
2016.04.20;16.69;17.97;0
2016.04.21;17.90;17.98;0
2016.04.22;17.21;17.99;0
2016.04.25;17.66;18.00;0
2016.04.26;17.43;18.02;0
2016.04.27;16.43;18.03;0
2016.04.28;17.90;18.05;0
2016.04.29;20.23;18.08;1
2016.05.02;19.29;18.11;1
2016.05.03;18.70;18.12;1
2016.05.04;19.47;18.12;1
2016.05.05;18.46;18.11;1
2016.05.06;18.65;18.11;1
2016.05.09;18.65;18.11;1
2016.05.10;18.04;18.10;0
2016.05.11;18.35;18.09;1
2016.05.12;17.84;18.09;0
2016.05.13;18.29;18.09;1
2016.05.16;18.49;18.10;1
2016.05.17;18.17;18.11;1
2016.05.18;18.20;18.11;1
2016.05.19;17.85;18.11;0
2016.05.20;17.00;18.11;0
2016.05.23;16.80;18.11;0
2016.05.24;16.66;18.11;0
2016.05.25;15.98;18.11;0
2016.05.26;15.29;18.10;0
2016.05.27;15.39;18.09;0
2016.05.31;15.83;18.09;0
2016.06.01;15.92;18.09;0
2016.06.02;16.05;18.10;0
2016.06.03;17.45;18.11;0
2016.06.06;17.76;18.12;0
2016.06.07;17.29;18.12;0
2016.06.08;18.76;18.12;1
2016.06.09;20.28;18.11;1
2016.06.10;20.52;18.12;1
2016.06.13;21.11;18.12;1
2016.06.14;20.63;18.13;1
2016.06.15;20.68;18.14;1
2016.06.16;21.95;18.15;1
2016.06.17;22.52;18.17;1
2016.06.20;21.01;18.18;1
2016.06.21;20.65;18.19;1
2016.06.22;22.25;18.21;1
2016.06.23;20.10;18.22;1
2016.06.24;22.20;18.24;1
2016.06.27;22.52;18.27;1
2016.06.28;20.18;18.28;1
2016.06.29;19.26;18.29;1
2016.06.30;18.50;18.29;1
2016.07.01;18.43;18.29;1
2016.07.05;20.09;18.31;1
2016.07.06;21.18;18.34;1
2016.07.07;20.55;18.36;1
2016.07.08;18.79;18.36;1
2016.07.11;18.93;18.37;1
2016.07.12;17.94;18.36;0
2016.07.13;17.61;18.36;0
2016.07.14;17.15;18.35;0
2016.07.15;16.91;18.35;0
2016.07.18;16.96;18.35;0
2016.07.19;16.71;18.35;0
2016.07.20;17.21;18.35;0
2016.07.21;17.77;18.36;0
2016.07.22;17.61;18.36;0
2016.07.25;17.74;18.36;0
2016.07.26;17.45;18.36;0
2016.07.27;16.93;18.36;0
2016.07.28;16.31;18.36;0
2016.07.29;15.80;18.36;0
2016.08.01;16.28;18.34;0
2016.08.02;16.45;18.34;0
2016.08.03;16.18;18.34;0
2016.08.04;16.06;18.33;0
2016.08.05;15.60;18.33;0
2016.08.08;15.49;18.32;0
2016.08.09;14.41;18.32;0
2016.08.10;14.89;18.31;0
2016.08.11;15.37;18.31;0
2016.08.12;15.01;18.31;0
2016.08.15;14.67;18.31;0
2016.08.16;16.13;18.31;0
2016.08.17;15.83;18.31;0
2016.08.18;14.97;18.31;0
2016.08.19;15.35;18.30;0
2016.08.22;15.82;18.29;0
2016.08.23;15.62;18.28;0
2016.08.24;16.89;18.27;0
2016.08.25;16.73;18.27;0
2016.08.26;16.17;18.26;0
2016.08.29;15.95;18.25;0
2016.08.30;15.99;18.24;0
2016.08.31;16.01;18.23;0
2016.09.01;16.25;18.22;0
2016.09.02;14.58;18.19;0
2016.09.06;15.60;18.17;0
2016.09.07;15.00;18.16;0
2016.09.08;14.97;18.15;0
2016.09.09;15.49;18.13;0
2016.09.12;15.20;18.13;0
2016.09.13;15.78;18.12;0
2016.09.14;15.32;18.12;0
2016.09.15;15.07;18.11;0
2016.09.16;14.78;18.10;0
2016.09.19;15.68;18.09;0
2016.09.20;15.69;18.08;0
2016.09.21;14.69;18.07;0
2016.09.22;13.73;18.06;0
2016.09.23;13.93;18.05;0
2016.09.26;14.98;18.04;0
2016.09.27;14.53;18.02;0
2016.09.28;13.98;18.00;0
2016.09.29;13.86;17.98;0
2016.09.30;13.88;17.96;0
2016.10.03;14.16;17.95;0
2016.10.04;15.80;17.95;0
2016.10.05;15.21;17.95;0
2016.10.06;16.05;17.95;0
2016.10.07;15.72;17.96;0
2016.10.10;15.60;17.96;0
2016.10.11;15.63;17.96;0
2016.10.12;15.61;17.96;0
2016.10.13;15.63;17.96;0
2016.10.14;15.14;17.96;0
2016.10.17;15.23;17.96;0
2016.10.18;14.73;17.96;0
2016.10.19;14.59;17.95;0
2016.10.20;14.68;17.94;0
2016.10.21;14.55;17.93;0
2016.10.24;14.95;17.92;0
2016.10.25;14.55;17.91;0
2016.10.26;14.48;17.90;0
2016.10.27;15.00;17.89;0
2016.10.28;16.62;17.89;0
2016.10.31;18.13;17.89;1
2016.11.01;19.02;17.91;1
2016.11.02;19.32;17.92;1
2016.11.03;19.98;17.94;1
2016.11.04;20.22;17.96;1
2016.11.07;18.53;17.96;1
2016.11.08;17.93;17.97;0
2016.11.09;16.68;17.97;0
2016.11.10;18.52;17.98;1
2016.11.11;23.25;18.02;1
2016.11.14;20.50;18.04;1
2016.11.15;16.42;18.04;0
2016.11.16;15.77;18.03;0
2016.11.17;17.50;18.03;0
2016.11.18;17.03;18.02;0
2016.11.21;15.86;18.00;0
2016.11.22;15.43;17.96;0
2016.11.23;18.53;17.95;1
2016.11.25;18.47;17.90;1
2016.11.28;17.39;17.87;0
2016.11.29;17.28;17.83;0
2016.11.30;19.18;17.80;1
2016.12.01;19.39;17.77;1
2016.12.02;18.44;17.74;1
2016.12.05;17.56;17.71;0
2016.12.06;17.06;17.67;0
2016.12.07;16.87;17.64;0
2016.12.08;16.48;17.60;0
2016.12.09;18.66;17.59;1
2016.12.12;16.97;17.56;0
2016.12.13;16.17;17.53;0
2016.12.14;18.21;17.51;1
2016.12.15;17.89;17.48;1
2016.12.16;17.55;17.46;1
2016.12.19;16.05;17.43;0
2016.12.20;16.69;17.40;0
2016.12.21;15.82;17.36;0
2016.12.22;15.28;17.33;0
2016.12.23;16.36;17.30;0
2016.12.27;16.68;17.28;0
2016.12.28;16.04;17.26;0
2016.12.29;15.68;17.24;0
2016.12.30;16.23;17.22;0
2017.01.03;16.26;17.21;0
2017.01.04;15.16;17.20;0
2017.01.05;14.98;17.19;0
2017.01.06;14.55;17.17;0
2017.01.09;14.38;17.15;0
2017.01.10;14.32;17.14;0
2017.01.11;14.96;17.11;0
2017.01.12;14.60;17.09;0
2017.01.13;14.63;17.07;0
2017.01.17;15.67;17.06;0
2017.01.18;15.25;17.05;0
2017.01.19;15.11;17.03;0
2017.01.20;14.38;17.02;0
2017.01.23;15.15;17.00;0
2017.01.24;14.65;16.97;0
2017.01.25;14.47;16.95;0
2017.01.26;14.74;16.93;0
2017.01.27;14.34;16.91;0
2017.01.30;15.19;16.90;0
2017.01.31;15.27;16.89;0
2017.02.01;14.80;16.87;0
2017.02.02;15.04;16.86;0
2017.02.03;15.04;16.85;0
2017.02.06;15.74;16.84;0
2017.02.07;15.26;16.83;0
2017.02.08;15.20;16.82;0
2017.02.09;14.88;16.81;0
2017.02.10;14.88;16.80;0
2017.02.13;14.61;16.78;0
2017.02.14;14.21;16.75;0
2017.02.15;13.71;16.73;0
2017.02.16;13.75;16.70;0
2017.02.17;13.27;16.67;0
2017.02.21;13.72;16.65;0
2017.02.22;13.26;16.62;0
2017.02.23;13.68;16.59;0
2017.02.24;13.54;16.57;0
2017.02.27;14.44;16.55;0
2017.02.28;14.30;16.53;0
2017.03.01;14.41;16.51;0
2017.03.02;13.89;16.49;0
2017.03.03;13.66;16.47;0
2017.03.06;13.24;16.44;0
2017.03.07;13.22;16.42;0
2017.03.08;13.58;16.40;0
2017.03.09;13.62;16.39;0
2017.03.10;13.03;16.37;0
2017.03.13;11.27;16.35;0
2017.03.14;11.57;16.33;0
2017.03.15;11.23;16.31;0
2017.03.16;11.12;16.28;0
2017.03.17;10.80;16.26;0
2017.03.20;11.35;16.23;0
2017.03.21;12.13;16.21;0
2017.03.22;12.28;16.18;0
2017.03.23;12.58;16.16;0
2017.03.24;12.06;16.12;0
2017.03.27;12.51;16.08;0
2017.03.28;12.35;16.04;0
2017.03.29;11.65;16.00;0
2017.03.30;12.09;15.95;0
2017.03.31;12.41;15.91;0
2017.04.03;12.61;15.87;0
2017.04.04;12.41;15.82;0
2017.04.05;13.23;15.78;0
2017.04.06;12.85;15.74;0
2017.04.07;13.45;15.69;0
2017.04.10;13.75;15.66;0
2017.04.11;15.20;15.63;0
2017.04.12;16.08;15.59;1
2017.04.13;16.20;15.57;1
2017.04.17;16.20;15.56;1
2017.04.18;15.67;15.54;1
2017.04.19;14.50;15.53;0
2017.04.20;14.54;15.50;0
2017.04.21;15.31;15.47;0
2017.04.24;12.29;15.43;0
2017.04.25;12.45;15.40;0
2017.04.26;12.02;15.36;0
2017.04.27;11.53;15.33;0
2017.04.28;11.60;15.30;0
2017.05.01;12.35;15.27;0
2017.05.02;12.38;15.25;0
2017.05.03;12.54;15.23;0
2017.05.04;12.41;15.21;0
2017.05.05;12.01;15.18;0
2017.05.08;11.95;15.15;0
2017.05.09;12.10;15.13;0
2017.05.10;11.20;15.09;0
2017.05.11;11.24;15.06;0
2017.05.12;11.13;15.03;0
2017.05.15;11.28;15.01;0
2017.05.16;11.19;14.98;0
2017.05.17;13.03;14.97;0
2017.05.18;12.95;14.95;0
2017.05.19;12.04;14.93;0
2017.05.22;12.32;14.91;0
2017.05.23;11.89;14.89;0
2017.05.24;11.75;14.87;0
2017.05.25;11.20;14.86;0
2017.05.26;11.59;14.84;0
2017.05.30;11.62;14.82;0
2017.05.31;11.82;14.81;0
2017.06.01;11.81;14.79;0
2017.06.02;12.09;14.77;0
2017.06.05;12.44;14.76;0
2017.06.06;13.23;14.75;0
2017.06.07;13.16;14.74;0
2017.06.08;12.62;14.72;0
2017.06.09;12.50;14.70;0
2017.06.12;12.41;14.68;0
2017.06.13;12.16;14.66;0
2017.06.14;11.50;14.64;0
2017.06.15;11.03;14.61;0
2017.06.16;10.16;14.58;0
2017.06.19;10.69;14.56;0
2017.06.20;11.14;14.53;0
2017.06.21;11.25;14.51;0
2017.06.22;11.24;14.49;0
2017.06.23;10.86;14.47;0
2017.06.26;11.05;14.45;0
2017.06.27;11.96;14.43;0
2017.06.28;11.38;14.41;0
2017.06.29;11.21;14.39;0
2017.06.30;11.00;14.37;0
2017.07.03;11.93;14.35;0
2017.07.05;11.88;14.34;0
2017.07.06;11.72;14.32;0
2017.07.07;12.54;14.30;0
2017.07.10;12.22;14.29;0
2017.07.11;12.30;14.28;0
2017.07.12;11.56;14.27;0
2017.07.13;11.29;14.25;0
2017.07.14;11.11;14.24;0
2017.07.17;11.08;14.22;0
2017.07.18;11.14;14.21;0
2017.07.19;11.08;14.20;0
2017.07.20;10.85;14.18;0
2017.07.21;11.22;14.16;0
2017.07.24;11.80;14.14;0
2017.07.25;12.07;14.12;0
2017.07.26;11.63;14.10;0
2017.07.27;11.24;14.08;0
2017.07.28;11.44;14.06;0
2017.07.31;11.61;14.04;0
2017.08.01;11.28;14.01;0
2017.08.02;11.24;13.99;0
2017.08.03;11.31;13.97;0
2017.08.04;10.87;13.96;0
2017.08.07;10.73;13.94;0
2017.08.08;11.10;13.92;0
2017.08.09;12.31;13.91;0
2017.08.10;13.43;13.90;0
2017.08.11;13.45;13.89;0
2017.08.14;12.11;13.88;0
2017.08.15;12.20;13.87;0
2017.08.16;12.58;13.85;0
2017.08.17;13.34;13.82;0
2017.08.18;12.12;13.79;0
2017.08.21;13.01;13.76;0
2017.08.22;12.49;13.72;0
2017.08.23;12.68;13.68;0
2017.08.24;12.76;13.65;0
2017.08.25;12.63;13.63;0
2017.08.28;14.20;13.61;1
2017.08.29;13.50;13.59;0
2017.08.30;12.78;13.54;0
2017.08.31;13.26;13.50;0
2017.09.01;12.73;13.48;0
2017.09.05;14.30;13.48;1
2017.09.06;14.17;13.46;1
2017.09.07;14.49;13.45;1
2017.09.08;13.77;13.44;1
2017.09.11;13.28;13.42;0
2017.09.12;11.56;13.39;0
2017.09.13;11.98;13.36;0
2017.09.14;12.19;13.33;0
2017.09.15;12.06;13.31;0
2017.09.18;12.69;13.27;0
2017.09.19;12.27;13.24;0
2017.09.20;12.32;13.21;0
2017.09.21;12.19;13.18;0
2017.09.22;12.37;13.16;0
2017.09.25;13.77;13.14;1
2017.09.26;13.32;13.13;1
2017.09.27;12.99;13.10;0
2017.09.28;11.75;13.07;0
2017.09.29;11.77;13.05;0
2017.10.02;11.72;13.02;0
2017.10.03;11.38;12.98;0
2017.10.04;11.41;12.95;0
2017.10.05;11.40;12.93;0
2017.10.06;11.53;12.90;0
2017.10.09;11.96;12.88;0
2017.10.10;12.22;12.87;0
2017.10.11;12.13;12.85;0
2017.10.12;11.82;12.82;0
2017.10.13;11.76;12.80;0
2017.10.16;12.13;12.78;0
2017.10.17;11.64;12.76;0
2017.10.18;11.88;12.74;0
2017.10.19;11.94;12.72;0
2017.10.20;11.49;12.71;0
2017.10.23;11.69;12.69;0
2017.10.24;11.73;12.68;0
2017.10.25;12.02;12.67;0
2017.10.26;11.62;12.65;0
2017.10.27;11.48;12.64;0
2017.10.30;11.74;12.62;0
2017.10.31;11.81;12.60;0
2017.11.01;11.80;12.58;0
2017.11.02;10.95;12.56;0
2017.11.03;10.65;12.54;0
2017.11.06;10.94;12.52;0
2017.11.07;10.98;12.51;0
2017.11.08;11.32;12.49;0
2017.11.09;11.73;12.47;0
2017.11.10;11.68;12.46;0
2017.11.13;11.53;12.44;0
2017.11.14;11.61;12.42;0
2017.11.15;11.75;12.41;0
2017.11.16;11.02;12.39;0
2017.11.17;10.62;12.37;0
2017.11.20;11.18;12.34;0
2017.11.21;10.84;12.32;0
2017.11.22;10.75;12.30;0
2017.11.24;10.58;12.28;0
2017.11.27;10.72;12.26;0
2017.11.28;10.64;12.24;0
2017.11.29;11.02;12.22;0
2017.11.30;11.79;12.21;0
2017.12.01;11.39;12.20;0
2017.12.04;11.38;12.19;0
2017.12.05;12.28;12.18;1
2017.12.06;11.67;12.18;0
2017.12.07;12.99;12.17;1
2017.12.08;11.70;12.16;0
2017.12.11;11.46;12.15;0
2017.12.12;12.14;12.14;1
2017.12.13;10.87;12.12;0
2017.12.14;10.40;12.10;0
2017.12.15;9.43;12.08;0
2017.12.18;9.93;12.06;0
2017.12.19;10.32;12.05;0
2017.12.20;9.79;12.03;0
2017.12.21;9.64;12.01;0
2017.12.22;10.01;12.00;0
2017.12.26;11.17;12.00;0
2017.12.27;10.73;11.99;0
2017.12.28;10.43;11.99;0
2017.12.29;10.96;11.99;0
2018.01.02;11.96;11.99;0
2018.01.03;11.56;11.99;0
2018.01.04;11.80;11.99;0
2018.01.05;11.26;11.99;0
2018.01.08;11.19;11.98;0
2018.01.09;10.79;11.97;0
2018.01.10;10.79;11.96;0
2018.01.11;10.96;11.96;0
2018.01.12;11.62;11.96;0
2018.01.16;12.09;11.96;1
2018.01.17;11.77;11.95;0
2018.01.18;12.26;11.95;1
2018.01.19;11.43;11.95;0
2018.01.22;11.66;11.94;0
2018.01.23;11.72;11.93;0
2018.01.24;13.38;11.93;1
2018.01.25;13.04;11.93;1
2018.01.26;12.98;11.92;1
2018.01.29;13.25;11.91;1
2018.01.30;13.86;11.89;1
2018.01.31;12.97;11.88;1
2018.02.01;12.32;11.86;1
2018.02.02;13.11;11.85;1
2018.02.05;14.35;11.85;1
2018.02.06;13.80;11.85;1
2018.02.07;13.62;11.85;1
2018.02.08;14.85;11.86;1
2018.02.09;14.93;11.88;1
2018.02.12;14.37;11.89;1
2018.02.13;14.07;11.90;1
2018.02.14;14.97;11.92;1
2018.02.15;15.03;11.93;1
2018.02.16;13.96;11.94;1
2018.02.20;14.08;11.95;1
2018.02.21;13.83;11.96;1
2018.02.22;13.47;11.96;1
2018.02.23;11.97;11.96;1
2018.02.26;11.89;11.97;0
2018.02.27;11.76;11.97;0
2018.02.28;11.74;11.97;0
2018.03.01;12.07;11.98;1
2018.03.02;11.97;11.98;0
2018.03.05;11.89;11.97;0
2018.03.06;12.33;11.97;1
2018.03.07;12.37;11.97;1
2018.03.08;11.57;11.97;0
2018.03.09;10.94;11.96;0
2018.03.12;11.01;11.96;0
2018.03.13;10.70;11.96;0
2018.03.14;10.41;11.95;0
2018.03.15;10.40;11.95;0
2018.03.16;9.88;11.94;0
2018.03.19;10.99;11.93;0
2018.03.20;11.01;11.93;0
2018.03.21;10.91;11.92;0
2018.03.22;11.24;11.91;0
2018.03.23;13.46;11.91;1
2018.03.26;12.95;11.91;1
2018.03.27;12.22;11.91;1
2018.03.28;11.74;11.91;0
2018.03.29;11.06;11.90;0
2018.04.02;12.86;11.91;1
2018.04.03;11.80;11.91;0
2018.04.04;12.00;11.92;1
2018.04.05;11.55;11.93;0
2018.04.06;11.95;11.93;1
2018.04.09;12.39;11.94;1
2018.04.10;12.78;11.94;1
2018.04.11;14.36;11.96;1
2018.04.12;12.88;11.97;1
2018.04.13;13.36;11.98;1
2018.04.16;13.43;11.99;1
2018.04.17;13.07;12.00;1
2018.04.18;13.46;12.01;1
2018.04.19;12.88;12.01;1
2018.04.20;12.14;12.02;1
2018.04.23;12.13;12.02;1
2018.04.24;12.24;12.02;1
2018.04.25;11.97;12.01;0
2018.04.26;11.49;12.01;0
2018.04.27;10.99;12.01;0
2018.04.30;11.15;12.01;0
2018.05.01;11.88;12.01;0
2018.05.02;11.64;12.01;0
2018.05.03;11.46;12.02;0
2018.05.04;10.99;12.01;0
2018.05.07;11.32;12.02;0
2018.05.08;11.50;12.02;0
2018.05.09;11.39;12.02;0
2018.05.10;11.42;12.01;0
2018.05.11;11.04;12.01;0
2018.05.14;11.15;12.01;0
2018.05.15;11.91;12.01;0
2018.05.16;11.77;12.01;0
2018.05.17;11.64;12.01;0
2018.05.18;11.11;12.01;0
2018.05.21;11.62;12.02;0
2018.05.22;10.90;12.02;0
2018.05.23;11.18;12.02;0
2018.05.24;10.99;12.02;0
2018.05.25;10.31;12.01;0
2018.05.29;12.33;12.00;1
2018.05.30;10.87;11.99;0
2018.05.31;10.92;11.98;0
2018.06.01;10.58;11.97;0
2018.06.04;10.54;11.96;0
2018.06.05;10.46;11.95;0
2018.06.06;10.31;11.94;0
2018.06.07;10.55;11.93;0
2018.06.08;10.69;11.92;0
2018.06.11;10.54;11.91;0
2018.06.12;10.52;11.90;0
2018.06.13;10.60;11.89;0
2018.06.14;9.83;11.87;0
2018.06.15;10.65;11.85;0
2018.06.18;9.82;11.84;0
2018.06.19;10.99;11.83;0
2018.06.20;11.08;11.82;0
2018.06.21;11.22;11.80;0
2018.06.22;10.67;11.78;0
2018.06.25;10.83;11.77;0
2018.06.26;10.97;11.75;0
2018.06.27;11.01;11.74;0
2018.06.28;11.03;11.74;0
2018.06.29;10.75;11.73;0
2018.07.02;11.75;11.73;1
2018.07.03;11.41;11.73;0
2018.07.05;11.32;11.72;0
2018.07.06;10.65;11.71;0
2018.07.09;10.55;11.70;0
2018.07.10;10.69;11.70;0
2018.07.11;11.25;11.69;0
2018.07.12;10.82;11.67;0
2018.07.13;10.99;11.66;0
2018.07.16;11.46;11.66;0
2018.07.17;11.79;11.66;1
2018.07.18;12.15;11.66;1
2018.07.19;12.66;11.66;1
2018.07.20;12.10;11.67;1
2018.07.23;12.22;11.67;1
2018.07.24;11.74;11.67;1
2018.07.25;11.65;11.67;0
2018.07.26;11.43;11.67;0
2018.07.27;11.05;11.66;0
2018.07.30;11.18;11.66;0
2018.07.31;11.21;11.66;0
2018.08.01;10.91;11.65;0
2018.08.02;11.08;11.65;0
2018.08.03;10.77;11.64;0
2018.08.06;11.02;11.64;0
2018.08.07;11.11;11.63;0
2018.08.08;11.43;11.63;0
2018.08.09;10.99;11.63;0
2018.08.10;11.78;11.63;1
2018.08.13;11.73;11.63;1
2018.08.14;11.88;11.63;1
2018.08.15;13.16;11.64;1
2018.08.16;13.39;11.65;1
2018.08.17;12.89;11.65;1
2018.08.20;12.40;11.66;1
2018.08.21;11.86;11.66;1
2018.08.22;11.81;11.67;1
2018.08.23;11.60;11.67;0
2018.08.24;11.71;11.67;1
2018.08.27;11.77;11.67;1
2018.08.28;11.46;11.67;0
2018.08.29;11.25;11.67;0
2018.08.30;11.41;11.67;0
2018.08.31;10.96;11.67;0
2018.09.04;11.42;11.67;0
2018.09.05;11.24;11.67;0
2018.09.06;11.54;11.67;0
2018.09.07;11.30;11.67;0
2018.09.10;11.33;11.67;0
2018.09.11;11.26;11.68;0
2018.09.12;11.18;11.68;0
2018.09.13;11.15;11.68;0
2018.09.14;10.84;11.68;0
2018.09.17;10.85;11.68;0
2018.09.18;10.78;11.68;0
2018.09.19;10.81;11.67;0
2018.09.20;10.72;11.67;0
2018.09.21;10.76;11.66;0
2018.09.24;10.97;11.66;0
2018.09.25;10.83;11.65;0
2018.09.26;10.76;11.64;0
2018.09.27;10.86;11.64;0
2018.09.28;10.74;11.63;0
2018.10.01;11.03;11.64;0
2018.10.02;11.24;11.64;0
2018.10.03;11.21;11.65;0
2018.10.04;11.59;11.66;0
2018.10.05;11.64;11.66;0
2018.10.08;12.48;11.68;1
2018.10.09;12.03;11.69;1
2018.10.10;12.51;11.70;1
2018.10.11;13.57;11.71;1
2018.10.12;12.76;11.72;1
2018.10.15;13.13;11.74;1
2018.10.16;12.20;11.74;1
2018.10.17;12.14;11.74;1
2018.10.18;12.23;11.75;1
2018.10.19;11.76;11.75;1
2018.10.22;11.68;11.75;0
2018.10.23;12.31;11.75;1
2018.10.24;13.11;11.77;1
2018.10.25;12.30;11.77;1
2018.10.26;12.92;11.78;1
2018.10.29;12.98;11.79;1
2018.10.30;12.30;11.79;1
2018.10.31;12.08;11.79;1
2018.11.01;12.60;11.79;1
2018.11.02;12.50;11.80;1
2018.11.05;12.39;11.80;1
2018.11.06;12.47;11.81;1
2018.11.07;11.23;11.80;0
2018.11.08;11.41;11.79;0
2018.11.09;11.44;11.78;0
2018.11.12;12.13;11.78;1
2018.11.13;12.19;11.77;1
2018.11.14;12.88;11.77;1
2018.11.15;12.12;11.77;1
2018.11.16;12.05;11.76;1
2018.11.19;12.57;11.75;1
2018.11.20;12.63;11.75;1
2018.11.21;12.12;11.74;1
2018.11.23;12.10;11.72;1
2018.11.26;11.83;11.71;1
2018.11.27;12.01;11.70;1
2018.11.28;11.43;11.68;0
2018.11.29;11.39;11.67;0
2018.11.30;11.26;11.65;0
2018.12.03;10.93;11.63;0
2018.12.04;11.63;11.62;1
2018.12.06;11.61;11.61;1
2018.12.07;12.22;11.60;1
2018.12.10;12.04;11.60;1
2018.12.11;11.46;11.60;0
2018.12.12;11.29;11.60;0
2018.12.13;10.69;11.59;0
2018.12.14;10.77;11.59;0
2018.12.17;11.75;11.59;1
2018.12.18;12.18;11.59;1
2018.12.19;11.40;11.58;0
2018.12.20;12.45;11.58;1
2018.12.21;11.97;11.58;1
2018.12.24;14.80;11.60;1
2018.12.26;14.47;11.62;1
2018.12.27;15.18;11.64;1
2018.12.28;14.56;11.66;1
2018.12.31;13.48;11.68;1
2019.01.02;13.18;11.70;1
2019.01.03;13.77;11.71;1
2019.01.04;12.04;11.72;1
2019.01.07;11.66;11.72;0
2019.01.08;11.16;11.72;0
2019.01.09;11.69;11.71;0
2019.01.10;10.95;11.70;0
2019.01.11;11.00;11.69;0
2019.01.14;11.06;11.69;0
2019.01.15;11.06;11.69;0
2019.01.16;11.08;11.68;0
2019.01.17;10.90;11.68;0
2019.01.18;11.12;11.67;0
2019.01.22;10.77;11.67;0
2019.01.23;10.61;11.66;0
2019.01.24;10.37;11.65;0
2019.01.25;11.12;11.64;0
2019.01.28;11.04;11.63;0
2019.01.29;11.25;11.62;0
2019.01.30;11.14;11.61;0
2019.01.31;10.74;11.59;0
2019.02.01;10.12;11.58;0
2019.02.04;10.11;11.56;0
2019.02.05;10.14;11.55;0
2019.02.06;9.76;11.54;0
2019.02.07;9.72;11.52;0
2019.02.08;9.89;11.51;0
2019.02.11;10.18;11.50;0
2019.02.12;10.03;11.50;0
2019.02.13;9.55;11.49;0
2019.02.14;9.92;11.48;0
2019.02.15;10.16;11.48;0
2019.02.19;11.39;11.47;0
2019.02.20;10.92;11.47;0
2019.02.21;10.29;11.47;0
2019.02.22;10.02;11.46;0
2019.02.25;9.91;11.45;0
2019.02.26;9.86;11.45;0
2019.02.27;9.72;11.44;0
2019.02.28;9.52;11.43;0
2019.03.01;10.20;11.42;0
2019.03.04;10.26;11.42;0
2019.03.05;10.19;11.41;0
2019.03.06;10.13;11.40;0
2019.03.07;10.36;11.40;0
2019.03.08;10.51;11.39;0
2019.03.11;10.18;11.39;0
2019.03.12;10.08;11.38;0
2019.03.13;10.14;11.38;0
2019.03.14;10.08;11.38;0
2019.03.15;10.01;11.37;0
2019.03.18;9.79;11.36;0
2019.03.19;9.82;11.35;0
2019.03.20;10.15;11.35;0
2019.03.21;10.20;11.35;0
2019.03.22;10.31;11.35;0
2019.03.25;10.77;11.35;0
2019.03.26;10.18;11.35;0
2019.03.27;10.36;11.35;0
2019.03.28;10.35;11.35;0
2019.03.29;9.94;11.34;0
2019.04.01;10.13;11.34;0
2019.04.02;9.81;11.34;0
2019.04.03;9.69;11.34;0
2019.04.04;9.92;11.34;0
2019.04.05;9.65;11.33;0
2019.04.08;9.71;11.32;0
2019.04.09;9.55;11.32;0
2019.04.10;9.45;11.31;0
2019.04.11;9.59;11.30;0
2019.04.12;9.28;11.30;0
2019.04.15;9.57;11.29;0
2019.04.16;9.78;11.28;0
2019.04.17;9.39;11.28;0
2019.04.18;8.96;11.26;0
2019.04.22;9.56;11.25;0
2019.04.23;9.54;11.24;0
2019.04.24;9.48;11.24;0
2019.04.25;9.35;11.23;0
2019.04.26;9.28;11.22;0
2019.04.29;9.46;11.22;0
2019.04.30;9.32;11.21;0
2019.05.01;9.19;11.20;0
2019.05.02;9.08;11.19;0
2019.05.03;8.89;11.17;0
2019.05.06;9.26;11.16;0
2019.05.07;9.74;11.14;0
2019.05.08;9.78;11.13;0
2019.05.09;9.96;11.12;0
2019.05.10;9.33;11.11;0
2019.05.13;10.51;11.10;0
2019.05.14;9.76;11.09;0
2019.05.15;9.45;11.09;0
2019.05.16;9.16;11.08;0
2019.05.17;9.16;11.07;0
2019.05.20;9.16;11.06;0
2019.05.21;8.99;11.05;0
2019.05.22;9.04;11.04;0
2019.05.23;9.47;11.03;0
2019.05.24;9.00;11.02;0
2019.05.28;9.20;11.01;0
2019.05.29;8.88;11.00;0
2019.05.30;9.30;10.99;0
2019.05.31;10.33;10.98;0
2019.06.03;11.79;10.98;1
2019.06.04;10.66;10.97;0
2019.06.05;11.26;10.96;1
2019.06.06;11.62;10.95;1
2019.06.07;11.41;10.94;1
2019.06.10;10.87;10.94;0
2019.06.11;10.52;10.93;0
2019.06.12;11.06;10.93;1
2019.06.13;11.68;10.93;1
2019.06.14;11.90;10.93;1
2019.06.17;11.99;10.93;1
2019.06.18;12.40;10.94;1
2019.06.19;12.41;10.94;1
2019.06.20;15.69;10.97;1
2019.06.21;15.54;10.99;1
2019.06.24;16.80;11.02;1
2019.06.25;17.08;11.04;1
2019.06.26;15.88;11.07;1
2019.06.27;15.57;11.09;1
2019.06.28;15.99;11.11;1
2019.07.01;14.08;11.13;1
2019.07.02;15.80;11.15;1
2019.07.03;15.89;11.17;1
2019.07.05;15.07;11.20;1
2019.07.08;12.99;11.21;1
2019.07.09;13.45;11.22;1
2019.07.10;15.01;11.24;1
2019.07.11;13.64;11.26;1
2019.07.12;14.65;11.27;1
2019.07.15;14.90;11.29;1
2019.07.16;14.32;11.31;1
2019.07.17;16.02;11.34;1
2019.07.18;17.45;11.37;1
2019.07.19;15.83;11.40;1
2019.07.22;14.89;11.41;1
2019.07.23;14.28;11.43;1
2019.07.24;14.55;11.44;1
2019.07.25;13.54;11.45;1
2019.07.26;12.31;11.45;1
2019.07.29;13.59;11.46;1
2019.07.30;14.51;11.47;1
2019.07.31;13.21;11.47;1
2019.08.01;16.01;11.48;1
2019.08.02;15.00;11.49;1
2019.08.05;16.91;11.52;1
2019.08.06;16.02;11.54;1
2019.08.07;18.16;11.57;1
2019.08.08;17.53;11.60;1
2019.08.09;16.64;11.62;1
2019.08.12;18.46;11.65;1
2019.08.13;17.92;11.68;1
2019.08.14;18.19;11.70;1
2019.08.15;18.72;11.73;1
2019.08.16;16.86;11.75;1
2019.08.19;14.94;11.77;1
2019.08.20;15.42;11.78;1
2019.08.21;15.13;11.80;1
2019.08.22;15.35;11.81;1
2019.08.23;18.36;11.84;1
2019.08.26;17.54;11.86;1
2019.08.27;17.34;11.90;1
2019.08.28;16.83;11.92;1
2019.08.29;16.31;11.95;1
2019.08.30;15.45;11.96;1
2019.09.03;16.86;11.99;1
2019.09.04;17.27;12.01;1
2019.09.05;15.72;12.03;1
2019.09.06;14.75;12.04;1
2019.09.09;14.76;12.05;1
2019.09.10;14.62;12.06;1
2019.09.11;14.95;12.08;1
2019.09.12;15.07;12.09;1
2019.09.13;14.94;12.11;1
2019.09.16;16.07;12.13;1
2019.09.17;15.91;12.15;1
2019.09.18;15.10;12.17;1
2019.09.19;15.13;12.19;1
2019.09.20;16.79;12.22;1
2019.09.23;16.92;12.24;1
2019.09.24;17.22;12.27;1
2019.09.25;15.62;12.29;1
2019.09.26;15.11;12.30;1
2019.09.27;14.96;12.32;1
2019.09.30;15.37;12.34;1
2019.10.01;15.61;12.36;1
2019.10.02;15.75;12.39;1
2019.10.03;16.33;12.41;1
2019.10.04;15.26;12.43;1
2019.10.07;15.44;12.45;1
2019.10.08;16.21;12.47;1
2019.10.09;15.73;12.49;1
2019.10.10;15.70;12.49;1
2019.10.11;15.72;12.50;1
2019.10.14;15.65;12.50;1
2019.10.15;15.08;12.50;1
2019.10.16;14.94;12.51;1
2019.10.17;14.84;12.52;1
2019.10.18;14.85;12.52;1
2019.10.21;14.05;12.53;1
2019.10.22;13.67;12.54;1
2019.10.23;13.23;12.55;1
2019.10.24;13.97;12.56;1
2019.10.25;13.48;12.58;1
2019.10.28;13.78;12.59;1
2019.10.29;13.46;12.60;1
2019.10.30;13.17;12.61;1
2019.10.31;13.39;12.63;1
2019.11.01;12.86;12.63;1
2019.11.04;12.45;12.64;0
2019.11.05;12.43;12.65;0
2019.11.06;12.04;12.66;0
2019.11.07;12.35;12.67;0
2019.11.08;12.27;12.67;0
2019.11.11;12.87;12.68;1
2019.11.12;11.91;12.69;0
2019.11.13;11.56;12.69;0
2019.11.14;11.83;12.69;0
2019.11.15;11.23;12.70;0
2019.11.18;11.55;12.71;0
2019.11.19;11.50;12.71;0
2019.11.20;11.55;12.72;0
2019.11.21;11.37;12.73;0
2019.11.22;11.32;12.74;0
2019.11.25;11.15;12.74;0
2019.11.26;10.76;12.75;0
2019.11.27;10.30;12.75;0
2019.11.29;10.71;12.75;0
2019.12.02;10.77;12.76;0
2019.12.03;12.15;12.76;0
2019.12.04;11.57;12.76;0
2019.12.05;11.25;12.77;0
2019.12.06;10.73;12.77;0
2019.12.09;10.75;12.78;0
2019.12.10;10.33;12.78;0
2019.12.11;10.81;12.78;0
2019.12.12;10.95;12.79;0
2019.12.13;10.39;12.79;0
2019.12.16;10.39;12.79;0
2019.12.17;10.03;12.79;0
2019.12.18;10.04;12.79;0
2019.12.19;10.39;12.79;0
2019.12.20;9.69;12.79;0
2019.12.23;10.56;12.79;0
2019.12.24;11.93;12.80;0
2019.12.26;13.33;12.81;1
2019.12.27;12.32;12.83;0
2019.12.30;12.56;12.84;0
2019.12.31;12.63;12.85;0
2020.01.02;12.70;12.87;0
2020.01.03;13.46;12.88;1
2020.01.06;14.21;12.90;1
2020.01.07;14.01;12.92;1
2020.01.08;13.67;12.94;1
2020.01.09;12.54;12.95;0
2020.01.10;12.27;12.96;0
2020.01.13;10.91;12.96;0
2020.01.14;11.02;12.97;0
2020.01.15;11.75;12.97;0
2020.01.16;11.38;12.98;0
2020.01.17;11.31;12.99;0
2020.01.21;11.48;13.00;0
2020.01.22;11.16;13.00;0
2020.01.23;11.61;13.01;0
2020.01.24;12.48;13.03;0
2020.01.27;12.90;13.05;0
2020.01.28;11.89;13.06;0
2020.01.29;12.09;13.07;0
2020.01.30;12.23;13.09;0
2020.01.31;13.50;13.10;1
2020.02.03;12.48;13.12;0
2020.02.04;12.01;13.13;0
2020.02.05;11.32;13.14;0
2020.02.06;11.45;13.15;0
2020.02.07;11.30;13.16;0
2020.02.10;11.91;13.17;0
2020.02.11;11.48;13.19;0
2020.02.12;11.07;13.19;0
2020.02.13;11.59;13.21;0
2020.02.14;11.62;13.22;0
2020.02.18;13.02;13.24;0
2020.02.19;13.34;13.26;1
2020.02.20;13.35;13.28;1
2020.02.21;15.79;13.31;1
2020.02.24;17.58;13.35;1
2020.02.25;18.13;13.39;1
2020.02.26;16.48;13.43;1
2020.02.27;18.05;13.46;1
2020.02.28;21.27;13.52;1
2020.03.02;18.98;13.57;1
2020.03.03;22.01;13.63;1
2020.03.04;18.55;13.68;1
2020.03.05;22.43;13.75;1
2020.03.06;25.12;13.83;1
2020.03.09;31.29;13.94;1
2020.03.10;23.99;14.01;1
2020.03.11;26.74;14.10;1
2020.03.12;30.18;14.20;1
2020.03.13;37.43;14.35;1
2020.03.16;41.43;14.51;1
2020.03.17;45.27;14.68;1
2020.03.18;48.98;14.87;1
2020.03.19;39.48;15.01;1
2020.03.20;36.81;15.14;1
2020.03.23;41.16;15.29;1
2020.03.24;40.41;15.43;1
2020.03.25;40.56;15.58;1
2020.03.26;37.48;15.72;1
2020.03.27;34.89;15.84;1
2020.03.30;30.42;15.93;1
2020.03.31;29.19;16.02;1
2020.04.01;30.26;16.11;1
2020.04.02;31.91;16.20;1
2020.04.03;31.85;16.30;1
2020.04.06;35.76;16.40;1
2020.04.07;34.27;16.50;1
2020.04.08;29.98;16.56;1
2020.04.09;27.59;16.61;1
2020.04.13;28.41;16.68;1
2020.04.14;28.87;16.74;1
2020.04.15;27.39;16.80;1
2020.04.16;27.74;16.87;1
2020.04.17;26.96;16.92;1
2020.04.20;28.01;16.98;1
2020.04.21;30.62;17.06;1
2020.04.22;30.44;17.15;1
2020.04.23;30.25;17.23;1
2020.04.24;29.22;17.30;1
2020.04.27;26.75;17.37;1
2020.04.28;24.43;17.42;1
2020.04.29;24.16;17.47;1
2020.04.30;24.24;17.52;1
2020.05.01;24.25;17.56;1
2020.05.04;23.68;17.59;1
2020.05.05;24.97;17.63;1
2020.05.06;24.47;17.68;1
2020.05.07;26.15;17.74;1
2020.05.08;24.89;17.79;1
2020.05.11;23.55;17.84;1
2020.05.12;22.45;17.89;1
2020.05.13;22.71;17.94;1
2020.05.14;24.15;17.99;1
2020.05.15;23.63;18.04;1
2020.05.18;22.81;18.07;1
2020.05.19;21.33;18.10;1
2020.05.20;20.12;18.12;1
2020.05.21;19.74;18.14;1
2020.05.22;18.95;18.14;1
2020.05.26;18.57;18.15;1
2020.05.27;18.51;18.16;1
2020.05.28;18.10;18.16;0
2020.05.29;18.15;18.16;0
2020.06.01;18.06;18.16;0
2020.06.02;18.10;18.15;0
2020.06.03;18.47;18.16;1
2020.06.04;18.05;18.18;0
2020.06.05;18.17;18.19;0
2020.06.08;17.94;18.20;0
2020.06.09;19.00;18.22;1
2020.06.10;20.75;18.23;1
2020.06.11;23.04;18.26;1
2020.06.12;20.39;18.28;1
2020.06.15;20.11;18.29;1
2020.06.16;19.29;18.31;1
2020.06.17;18.88;18.33;1
2020.06.18;18.31;18.33;0
2020.06.19;18.27;18.34;0
2020.06.22;19.55;18.36;1
2020.06.23;20.51;18.39;1
2020.06.24;20.01;18.41;1
2020.06.25;19.73;18.44;1
2020.06.26;20.52;18.47;1
2020.06.29;19.26;18.49;1
2020.06.30;19.65;18.51;1
2020.07.01;18.85;18.52;1
2020.07.02;17.70;18.53;0
2020.07.06;17.42;18.54;0
2020.07.07;17.37;18.56;0
2020.07.08;17.74;18.56;0
2020.07.09;17.39;18.56;0
2020.07.10;16.64;18.56;0
2020.07.13;16.53;18.56;0
2020.07.14;16.00;18.57;0
2020.07.15;15.36;18.57;0
2020.07.16;15.37;18.57;0
2020.07.17;15.09;18.57;0
2020.07.20;15.30;18.57;0
2020.07.21;16.67;18.57;0
2020.07.22;22.45;18.60;1
2020.07.23;21.99;18.64;1
2020.07.24;21.61;18.66;1
2020.07.27;25.52;18.71;1
2020.07.28;28.96;18.78;1
2020.07.29;26.79;18.83;1
2020.07.30;24.13;18.88;1
2020.07.31;24.46;18.92;1
2020.08.03;23.56;18.97;1
2020.08.04;26.30;19.02;1
2020.08.05;25.69;19.08;1
2020.08.06;27.36;19.14;1
2020.08.07;26.22;19.21;1
2020.08.10;23.89;19.26;1
2020.08.11;27.48;19.33;1
2020.08.12;25.85;19.39;1
2020.08.13;25.82;19.45;1
2020.08.14;23.53;19.50;1
2020.08.17;26.35;19.57;1
2020.08.18;26.46;19.63;1
2020.08.19;28.15;19.71;1
2020.08.20;25.91;19.78;1
2020.08.21;25.96;19.84;1
2020.08.24;23.86;19.90;1
2020.08.25;22.76;19.95;1
2020.08.26;24.79;20.02;1
2020.08.27;23.08;20.07;1
2020.08.28;23.19;20.12;1
2020.08.31;24.32;20.19;1
2020.09.01;23.00;20.24;1
2020.09.02;23.57;20.31;1
2020.09.03;23.68;20.37;1
2020.09.04;21.98;20.42;1
2020.09.08;22.49;20.47;1
2020.09.09;21.66;20.53;1
2020.09.10;21.26;20.57;1
2020.09.11;20.20;20.62;0
2020.09.14;20.91;20.67;1
2020.09.15;20.32;20.72;0
2020.09.16;20.08;20.77;0
2020.09.17;19.95;20.81;0
2020.09.18;20.22;20.85;0
2020.09.21;21.60;20.90;1
2020.09.22;21.63;20.96;1
2020.09.23;23.43;21.02;1
2020.09.24;23.41;21.08;1
2020.09.25;22.09;21.14;1
2020.09.28;22.01;21.20;1
2020.09.29;23.28;21.26;1
2020.09.30;22.07;21.32;1
2020.10.01;22.39;21.38;1
2020.10.02;22.59;21.44;1
2020.10.05;22.13;21.50;1
2020.10.06;22.79;21.56;1
2020.10.07;23.28;21.63;1
2020.10.08;21.96;21.69;1
2020.10.09;22.44;21.74;1
2020.10.12;22.66;21.79;1
2020.10.13;23.17;21.84;1
2020.10.14;21.88;21.89;0
2020.10.15;21.73;21.93;0
2020.10.16;20.29;21.97;0
2020.10.19;21.33;22.01;0
2020.10.20;21.54;22.05;0
2020.10.21;22.66;22.09;1
2020.10.22;21.38;22.13;0
2020.10.23;21.04;22.17;0
2020.10.26;20.93;22.21;0
2020.10.27;20.41;22.26;0
2020.10.28;21.93;22.32;0
2020.10.29;21.90;22.37;0
2020.10.30;23.26;22.43;1
2020.11.02;23.74;22.49;1
2020.11.03;23.32;22.55;1
2020.11.04;20.49;22.60;0
2020.11.05;22.00;22.65;0
2020.11.06;21.10;22.69;0
2020.11.09;21.86;22.74;0
2020.11.10;20.46;22.78;0
2020.11.11;19.14;22.81;0
2020.11.12;18.98;22.85;0
2020.11.13;17.74;22.87;0
2020.11.16;18.31;22.90;0
2020.11.17;17.54;22.92;0
2020.11.18;17.67;22.96;0
2020.11.19;17.96;22.99;0
2020.11.20;17.72;23.02;0
2020.11.23;18.98;23.06;0
2020.11.24;20.09;23.10;0
2020.11.25;19.75;23.14;0
2020.11.27;19.09;23.18;0
2020.11.30;19.69;23.22;0
2020.12.01;19.61;23.25;0
2020.12.02;19.42;23.28;0
2020.12.03;19.61;23.32;0
2020.12.04;18.95;23.33;0
2020.12.07;19.79;23.34;0
2020.12.08;19.86;23.35;0
2020.12.09;20.26;23.37;0
2020.12.10;19.66;23.38;0
2020.12.11;19.24;23.37;0
2020.12.14;19.43;23.37;0
2020.12.15;19.75;23.36;0
2020.12.16;19.39;23.36;0
2020.12.17;20.10;23.35;0
2020.12.18;19.58;23.32;0
2020.12.21;19.80;23.27;0
2020.12.22;19.50;23.24;0
2020.12.23;18.87;23.20;0
2020.12.24;18.99;23.15;0
2020.12.28;20.20;23.06;0
2020.12.29;19.53;22.95;0
2020.12.30;20.06;22.83;0
2020.12.31;20.79;22.69;0
2021.01.04;21.86;22.60;0
2021.01.05;22.14;22.52;0
2021.01.06;21.70;22.43;0
2021.01.07;20.66;22.33;0
2021.01.08;22.16;22.24;0
2021.01.11;20.65;22.15;0
2021.01.12;20.01;22.08;0
2021.01.13;18.80;22.02;0
2021.01.14;19.21;21.97;0
2021.01.15;19.04;21.91;0
2021.01.19;18.87;21.85;0
2021.01.20;18.95;21.78;0
2021.01.21;18.85;21.70;0
2021.01.22;18.42;21.62;0
2021.01.25;18.51;21.56;0
2021.01.26;17.88;21.51;0
2021.01.27;18.47;21.46;0
2021.01.28;19.38;21.42;0
2021.01.29;20.64;21.38;0
2021.02.01;21.81;21.35;1
2021.02.02;19.61;21.32;0
2021.02.03;18.45;21.27;0
2021.02.04;19.30;21.21;0
2021.02.05;18.70;21.15;0
2021.02.08;18.45;21.09;0
2021.02.09;18.35;21.04;0
2021.02.10;18.57;21.00;0
2021.02.11;18.31;20.97;0
2021.02.12;18.08;20.94;0
2021.02.16;19.57;20.92;0
2021.02.17;20.49;20.90;0
2021.02.18;19.66;20.88;0
2021.02.19;19.26;20.85;0
2021.02.22;19.12;20.82;0
2021.02.23;18.30;20.78;0
2021.02.24;18.31;20.75;0
2021.02.25;21.26;20.74;1
2021.02.26;21.08;20.73;1
2021.03.01;21.33;20.72;1
2021.03.02;20.06;20.70;0
2021.03.03;20.93;20.69;1
2021.03.04;21.61;20.68;1
2021.03.05;20.21;20.68;0
2021.03.08;20.64;20.68;0
2021.03.09;19.54;20.68;0
2021.03.10;18.55;20.68;0
2021.03.11;18.21;20.68;0
2021.03.12;18.36;20.68;0
2021.03.15;17.86;20.67;0
2021.03.16;17.93;20.67;0
2021.03.17;17.24;20.67;0
2021.03.18;17.79;20.67;0
2021.03.19;16.57;20.66;0
2021.03.22;16.47;20.65;0
2021.03.23;16.69;20.64;0
2021.03.24;15.70;20.63;0
2021.03.25;15.58;20.61;0
2021.03.26;15.48;20.59;0
2021.03.29;17.23;20.56;0
2021.03.30;18.30;20.55;0
2021.03.31;17.07;20.53;0
2021.04.01;16.74;20.52;0
2021.04.05;17.08;20.51;0
2021.04.06;16.76;20.50;0
2021.04.07;16.11;20.49;0
2021.04.08;15.72;20.47;0
2021.04.09;15.30;20.45;0
2021.04.12;14.88;20.42;0
2021.04.13;14.26;20.39;0
2021.04.14;14.69;20.37;0
2021.04.15;15.36;20.35;0
2021.04.16;15.32;20.32;0
2021.04.19;16.01;20.31;0
2021.04.20;15.59;20.30;0
2021.04.21;16.41;20.29;0
2021.04.22;16.05;20.29;0
2021.04.23;15.74;20.28;0
2021.04.26;15.51;20.27;0
2021.04.27;14.77;20.26;0
2021.04.28;14.79;20.25;0
2021.04.29;14.54;20.24;0
2021.04.30;14.58;20.24;0
2021.05.03;15.65;20.24;0
2021.05.04;15.91;20.24;0
2021.05.05;15.70;20.25;0
2021.05.06;16.57;20.25;0
2021.05.07;16.46;20.22;0
2021.05.10;17.19;20.19;0
2021.05.11;17.17;20.17;0
2021.05.12;17.56;20.13;0
2021.05.13;17.10;20.07;0
2021.05.14;16.75;20.02;0
2021.05.17;17.62;19.99;0
2021.05.18;17.00;19.95;0
2021.05.19;17.79;19.92;0
2021.05.20;17.29;19.88;0
2021.05.21;16.47;19.83;0
2021.05.24;16.91;19.78;0
2021.05.25;17.09;19.73;0
2021.05.26;16.81;19.70;0
2021.05.27;16.15;19.64;0
2021.05.28;16.08;19.59;0
2021.06.01;16.09;19.54;0
2021.06.02;15.65;19.50;0
2021.06.03;15.95;19.45;0
2021.06.04;15.83;19.40;0
2021.06.07;15.57;19.34;0
2021.06.08;15.59;19.28;0
2021.06.09;15.43;19.23;0
2021.06.10;15.50;19.19;0
2021.06.11;15.21;19.15;0
2021.06.14;16.13;19.11;0
2021.06.15;16.26;19.07;0
2021.06.16;16.30;19.04;0
2021.06.17;17.66;19.01;0
2021.06.18;17.90;18.98;0
2021.06.21;16.91;18.95;0
2021.06.22;16.66;18.91;0
2021.06.23;16.20;18.88;0
2021.06.24;15.70;18.85;0
2021.06.25;15.29;18.82;0
2021.06.28;15.36;18.79;0
2021.06.29;16.19;18.77;0
2021.06.30;15.97;18.74;0
2021.07.01;15.80;18.72;0
2021.07.02;15.28;18.70;0
2021.07.06;15.45;18.68;0
2021.07.07;15.21;18.65;0
2021.07.08;15.82;18.62;0
2021.07.09;15.27;18.59;0
2021.07.12;15.04;18.55;0
2021.07.13;14.84;18.50;0
2021.07.14;14.79;18.47;0
2021.07.15;15.01;18.43;0
2021.07.16;14.60;18.39;0
2021.07.19;15.96;18.36;0
2021.07.20;15.01;18.32;0
2021.07.21;15.01;18.28;0
2021.07.22;14.51;18.25;0
2021.07.23;14.53;18.20;0
2021.07.26;15.20;18.16;0
2021.07.27;15.51;18.13;0
2021.07.28;15.61;18.10;0
2021.07.29;15.21;18.06;0
2021.07.30;15.09;18.02;0
2021.08.02;15.23;17.99;0
2021.08.03;15.09;17.95;0
2021.08.04;14.88;17.93;0
2021.08.05;14.84;17.89;0
2021.08.06;15.90;17.87;0
2021.08.09;17.26;17.84;0
2021.08.10;16.93;17.82;0
2021.08.11;15.83;17.79;0
2021.08.12;15.67;17.76;0
2021.08.13;15.15;17.74;0
2021.08.16;15.62;17.71;0
2021.08.17;16.10;17.68;0
2021.08.18;15.80;17.64;0
2021.08.19;15.91;17.60;0
2021.08.20;15.34;17.56;0
2021.08.23;15.84;17.54;0
2021.08.24;15.45;17.51;0
2021.08.25;15.90;17.48;0
2021.08.26;16.44;17.45;0
2021.08.27;15.27;17.43;0
2021.08.30;15.52;17.41;0
2021.08.31;15.47;17.39;0
2021.09.01;15.12;17.38;0
2021.09.02;14.76;17.36;0
2021.09.03;14.95;17.35;0
2021.09.07;15.36;17.34;0
2021.09.08;15.14;17.32;0
2021.09.09;15.10;17.31;0
2021.09.10;15.15;17.29;0
2021.09.13;15.09;17.26;0
2021.09.14;15.02;17.24;0
2021.09.15;15.14;17.22;0
2021.09.16;15.92;17.20;0
2021.09.17;15.92;17.18;0
2021.09.20;16.85;17.17;0
2021.09.21;16.46;17.15;0
2021.09.22;16.41;17.14;0
2021.09.23;16.82;17.13;0
2021.09.24;16.44;17.11;0
2021.09.27;16.20;17.09;0
2021.09.28;16.78;17.08;0
2021.09.29;17.39;17.07;1
2021.09.30;17.16;17.05;1
2021.10.01;16.33;17.04;0
2021.10.04;16.77;17.02;0
2021.10.05;16.56;17.01;0
2021.10.06;16.58;16.99;0
2021.10.07;16.29;16.97;0
2021.10.08;15.67;16.96;0
2021.10.11;15.56;16.94;0
2021.10.12;15.10;16.92;0
2021.10.13;15.51;16.90;0
2021.10.14;15.34;16.87;0
2021.10.15;15.06;16.85;0
2021.10.18;15.53;16.82;0
2021.10.19;15.32;16.79;0
2021.10.20;15.27;16.76;0
2021.10.21;15.15;16.72;0
2021.10.22;15.74;16.70;0
2021.10.25;16.73;16.67;1
2021.10.26;15.96;16.65;0
2021.10.27;16.08;16.63;0
2021.10.28;15.80;16.61;0
2021.10.29;16.07;16.60;0
2021.11.01;16.31;16.58;0
2021.11.02;16.47;16.57;0
2021.11.03;16.28;16.56;0
2021.11.04;15.87;16.54;0
2021.11.05;16.64;16.54;1
2021.11.08;16.66;16.53;1
2021.11.09;16.76;16.52;1
2021.11.10;16.80;16.51;1
2021.11.11;16.95;16.50;1
2021.11.12;16.85;16.48;1
2021.11.15;17.00;16.46;1
2021.11.16;16.67;16.44;1
2021.11.17;16.69;16.43;1
2021.11.18;16.25;16.42;0
2021.11.19;15.99;16.40;0
2021.11.22;16.59;16.40;1
2021.11.23;16.81;16.39;1
2021.11.24;16.75;16.38;1
2021.11.26;17.99;16.38;1
2021.11.29;17.55;16.37;1
2021.11.30;17.99;16.37;1
2021.12.01;18.39;16.36;1
2021.12.02;18.45;16.35;1
2021.12.03;17.92;16.34;1
2021.12.06;17.44;16.33;1
2021.12.07;17.02;16.33;1
2021.12.08;16.48;16.32;1
2021.12.09;16.70;16.30;1
2021.12.10;15.35;16.27;0
2021.12.13;15.97;16.24;0
2021.12.14;16.41;16.22;1
2021.12.15;15.54;16.20;0
2021.12.16;15.22;16.16;0
2021.12.17;15.07;16.14;0
2021.12.20;15.77;16.11;0
2021.12.21;15.42;16.09;0
2021.12.22;14.94;16.08;0
2021.12.23;14.62;16.06;0
2021.12.27;15.44;16.04;0
2021.12.28;15.06;16.03;0
2021.12.29;15.13;16.01;0
2021.12.30;14.77;16.00;0
2021.12.31;14.61;15.99;0
2022.01.03;15.34;15.98;0
2022.01.04;15.33;15.97;0
2022.01.05;16.21;15.97;1
2022.01.06;15.87;15.97;0
2022.01.07;15.04;15.97;0
2022.01.10;15.56;15.97;0
2022.01.11;15.21;15.96;0
2022.01.12;15.32;15.95;0
2022.01.13;15.17;15.94;0
2022.01.14;14.73;15.93;0
2022.01.18;15.09;15.92;0
2022.01.19;15.64;15.91;0
2022.01.20;15.09;15.91;0
2022.01.21;15.20;15.90;0
2022.01.24;16.30;15.91;1
2022.01.25;16.47;15.92;1
2022.01.26;16.42;15.93;1
2022.01.27;17.15;15.94;1
2022.01.28;17.12;15.95;1
2022.01.31;16.70;15.95;1
2022.02.01;16.50;15.96;1
2022.02.02;15.66;15.96;0
2022.02.03;16.01;15.96;1
2022.02.04;15.53;15.95;0
2022.02.07;16.15;15.96;1
2022.02.08;15.86;15.96;0
2022.02.09;15.63;15.96;0
2022.02.10;15.92;15.97;0
2022.02.11;17.81;15.98;1
2022.02.14;18.95;16.00;1
2022.02.15;17.70;16.02;1
2022.02.16;18.07;16.03;1
2022.02.17;19.79;16.05;1
2022.02.18;18.54;16.06;1
2022.02.22;17.93;16.06;1
2022.02.23;17.69;16.07;1
2022.02.24;18.12;16.07;1
2022.02.25;18.40;16.08;1
2022.02.28;20.97;16.09;1
2022.03.01;22.70;16.12;1
2022.03.02;21.85;16.15;1
2022.03.03;22.94;16.18;1
2022.03.04;26.29;16.22;1
2022.03.07;29.67;16.28;1
2022.03.08;31.70;16.36;1
2022.03.09;28.01;16.41;1
2022.03.10;26.08;16.46;1
2022.03.11;24.73;16.50;1
2022.03.14;24.08;16.54;1
2022.03.15;23.80;16.57;1
2022.03.16;22.51;16.61;1
2022.03.17;22.23;16.64;1
2022.03.18;22.00;16.67;1
2022.03.21;21.89;16.70;1
2022.03.22;20.58;16.72;1
2022.03.23;23.41;16.76;1
2022.03.24;24.07;16.81;1
2022.03.25;24.68;16.85;1
2022.03.28;23.20;16.89;1
2022.03.29;21.28;16.92;1
2022.03.30;21.08;16.94;1
2022.03.31;20.25;16.96;1
2022.04.01;19.08;16.97;1
2022.04.04;19.22;16.98;1
2022.04.05;18.47;16.98;1
2022.04.06;18.88;16.99;1
2022.04.07;18.43;17.01;1
2022.04.08;18.37;17.02;1
2022.04.11;19.25;17.04;1
2022.04.12;19.37;17.06;1
2022.04.13;18.70;17.07;1
2022.04.14;17.71;17.08;1
2022.04.18;19.07;17.10;1
2022.04.19;18.19;17.11;1
2022.04.20;18.15;17.12;1
2022.04.21;18.22;17.14;1
2022.04.22;18.97;17.16;1
2022.04.25;19.47;17.18;1
2022.04.26;19.23;17.20;1
2022.04.27;19.16;17.22;1
2022.04.28;19.00;17.24;1
2022.04.29;19.83;17.26;1
2022.05.02;20.06;17.29;1
2022.05.03;19.71;17.31;1
2022.05.04;18.81;17.33;1
2022.05.05;19.36;17.35;1
2022.05.06;18.71;17.37;1
2022.05.09;20.49;17.40;1
2022.05.10;20.02;17.43;1
2022.05.11;20.26;17.45;1
2022.05.12;21.51;17.48;1
2022.05.13;21.20;17.51;1
2022.05.16;21.16;17.54;1
2022.05.17;20.05;17.56;1
2022.05.18;19.69;17.59;1
2022.05.19;20.25;17.61;1
2022.05.20;19.31;17.64;1
2022.05.23;19.63;17.65;1
2022.05.24;19.13;17.66;1
2022.05.25;18.27;17.67;1
2022.05.26;17.81;17.68;1
2022.05.27;17.50;17.69;0
2022.05.31;17.19;17.70;0
2022.06.01;16.94;17.71;0
2022.06.02;17.13;17.71;0
2022.06.03;16.51;17.72;0
2022.06.06;16.81;17.72;0
2022.06.07;16.64;17.73;0
2022.06.08;16.04;17.73;0
2022.06.09;16.29;17.73;0
2022.06.10;17.58;17.74;0
2022.06.13;20.84;17.76;1
2022.06.14;21.99;17.80;1
2022.06.15;19.40;17.81;1
2022.06.16;20.65;17.84;1
2022.06.17;20.28;17.87;1
2022.06.21;18.24;17.88;1
2022.06.22;18.29;17.90;1
2022.06.23;18.65;17.92;1
2022.06.24;17.92;17.93;0
2022.06.27;17.88;17.94;0
2022.06.28;17.95;17.96;0
2022.06.29;18.08;17.97;1
2022.06.30;19.61;18.00;1
2022.07.01;20.17;18.02;1
2022.07.05;21.33;18.05;1
2022.07.06;21.91;18.08;1
2022.07.07;20.50;18.10;1
2022.07.08;19.41;18.11;1
2022.07.11;19.72;18.13;1
2022.07.12;19.78;18.14;1
2022.07.13;18.36;18.15;1
2022.07.14;19.60;18.17;1
2022.07.15;19.27;18.18;1
2022.07.18;19.42;18.19;1
2022.07.19;18.63;18.20;1
2022.07.20;19.26;18.21;1
2022.07.21;18.71;18.22;1
2022.07.22;18.30;18.23;1
2022.07.25;18.30;18.24;1
2022.07.26;18.06;18.25;0
2022.07.27;17.39;18.26;0
2022.07.28;16.84;18.27;0
2022.07.29;16.49;18.27;0
2022.08.01;17.52;18.28;0
2022.08.02;17.34;18.29;0
2022.08.03;16.76;18.30;0
2022.08.04;16.95;18.31;0
2022.08.05;16.37;18.31;0
2022.08.08;16.76;18.32;0
2022.08.09;16.69;18.33;0
2022.08.10;16.27;18.33;0
2022.08.11;15.81;18.33;0
2022.08.12;15.22;18.32;0
2022.08.15;15.37;18.32;0
2022.08.16;15.27;18.32;0
2022.08.17;15.32;18.31;0
2022.08.18;15.36;18.31;0
2022.08.19;15.91;18.31;0
2022.08.22;16.57;18.31;0
2022.08.23;15.80;18.31;0
2022.08.24;15.90;18.30;0
2022.08.25;15.57;18.30;0
2022.08.26;15.42;18.29;0
2022.08.29;16.02;18.29;0
2022.08.30;16.52;18.28;0
2022.08.31;17.02;18.29;0
2022.09.01;17.80;18.29;0
2022.09.02;16.88;18.29;0
2022.09.06;17.68;18.30;0
2022.09.07;16.77;18.30;0
2022.09.08;16.40;18.30;0
2022.09.09;15.91;18.30;0
2022.09.12;15.79;18.29;0
2022.09.13;16.93;18.29;0
2022.09.14;17.17;18.29;0
2022.09.15;19.66;18.30;1
2022.09.16;18.31;18.30;1
2022.09.19;18.37;18.30;1
2022.09.20;18.59;18.30;1
2022.09.21;18.48;18.30;1
2022.09.22;17.93;18.31;0
2022.09.23;19.42;18.32;1
2022.09.26;20.26;18.34;1
2022.09.27;19.26;18.35;1
2022.09.28;19.27;18.37;1
2022.09.29;19.78;18.39;1
2022.09.30;19.52;18.40;1
2022.10.03;20.29;18.43;1
2022.10.04;19.55;18.45;1
2022.10.05;19.69;18.47;1
2022.10.06;19.67;18.49;1
2022.10.07;19.66;18.51;1
2022.10.10;20.54;18.54;1
2022.10.11;20.59;18.57;1
2022.10.12;20.40;18.60;1
2022.10.13;20.07;18.62;1
2022.10.14;20.07;18.65;1
2022.10.17;19.96;18.67;1
2022.10.18;19.19;18.69;1
2022.10.19;19.41;18.71;1
2022.10.20;19.23;18.73;1
2022.10.21;19.05;18.75;1
2022.10.24;19.58;18.77;1
2022.10.25;19.33;18.79;1
2022.10.26;18.67;18.80;0
2022.10.27;18.51;18.82;0
2022.10.28;18.01;18.83;0
2022.10.31;18.27;18.85;0
2022.11.01;18.45;18.87;0
2022.11.02;17.84;18.88;0
2022.11.03;18.03;18.89;0
2022.11.04;18.03;18.91;0
2022.11.07;18.12;18.92;0
2022.11.08;18.91;18.94;0
2022.11.09;18.91;18.95;0
2022.11.10;17.69;18.95;0
2022.11.11;17.57;18.96;0
2022.11.14;17.41;18.96;0
2022.11.15;17.72;18.96;0
2022.11.16;17.23;18.97;0
2022.11.17;16.77;18.97;0
2022.11.18;16.51;18.98;0
2022.11.21;16.68;18.98;0
2022.11.22;16.07;18.98;0
2022.11.23;15.84;18.98;0
2022.11.25;15.23;18.98;0
2022.11.28;15.77;18.98;0
2022.11.29;15.71;18.97;0
2022.11.30;15.45;18.95;0
2022.12.01;15.92;18.94;0
2022.12.02;15.42;18.93;0
2022.12.05;15.81;18.91;0
2022.12.06;16.19;18.90;0
2022.12.07;16.55;18.89;0
2022.12.08;16.45;18.88;0
2022.12.09;16.26;18.87;0
2022.12.12;15.51;18.86;0
2022.12.13;14.71;18.83;0
2022.12.14;14.06;18.78;0
2022.12.15;14.39;18.75;0
2022.12.16;14.14;18.70;0
2022.12.19;14.49;18.64;0
2022.12.20;15.03;18.57;0
2022.12.21;14.78;18.49;0
2022.12.22;14.88;18.42;0
2022.12.23;14.86;18.36;0
2022.12.27;16.30;18.32;0
2022.12.28;15.99;18.28;0
2022.12.29;16.18;18.24;0
2022.12.30;16.25;18.21;0
2023.01.03;17.26;18.19;0
2023.01.04;17.35;18.16;0
2023.01.05;16.78;18.14;0
2023.01.06;16.44;18.12;0
2023.01.09;16.92;18.09;0
2023.01.10;16.59;18.05;0
2023.01.11;16.32;18.01;0
2023.01.12;15.95;17.97;0
2023.01.13;16.37;17.95;0
2023.01.17;16.49;17.92;0
2023.01.18;16.19;17.90;0
2023.01.19;16.71;17.89;0
2023.01.20;16.40;17.88;0
2023.01.23;16.20;17.87;0
2023.01.24;16.17;17.85;0
2023.01.25;16.12;17.84;0
2023.01.26;15.59;17.83;0
2023.01.27;15.23;17.81;0
2023.01.30;15.59;17.79;0
2023.01.31;15.75;17.77;0
2023.02.01;15.22;17.76;0
2023.02.02;15.14;17.74;0
2023.02.03;15.06;17.72;0
2023.02.06;15.81;17.71;0
2023.02.07;15.62;17.70;0
2023.02.08;15.46;17.68;0
2023.02.09;15.52;17.66;0
2023.02.10;15.46;17.64;0
2023.02.13;15.58;17.63;0
2023.02.14;14.88;17.61;0
2023.02.15;14.90;17.58;0
2023.02.16;14.92;17.55;0
2023.02.17;14.69;17.53;0
2023.02.21;15.48;17.51;0
2023.02.22;15.05;17.49;0
2023.02.23;14.84;17.47;0
2023.02.24;14.56;17.44;0
2023.02.27;14.35;17.41;0
2023.02.28;14.17;17.38;0
2023.03.01;14.16;17.35;0
2023.03.02;13.94;17.31;0
2023.03.03;13.93;17.27;0
2023.03.06;14.24;17.25;0
2023.03.07;14.20;17.22;0
2023.03.08;13.79;17.19;0
2023.03.09;14.30;17.16;0
2023.03.10;16.57;17.15;0
2023.03.13;20.00;17.15;1
2023.03.14;17.95;17.15;1
2023.03.15;19.75;17.16;1
2023.03.16;17.38;17.16;1
2023.03.17;22.83;17.19;1
2023.03.20;21.40;17.21;1
2023.03.21;19.14;17.22;1
2023.03.22;19.22;17.23;1
2023.03.23;20.95;17.25;1
2023.03.24;19.96;17.27;1
2023.03.27;19.18;17.28;1
2023.03.28;19.03;17.30;1
2023.03.29;17.77;17.30;1
2023.03.30;18.39;17.29;1
2023.03.31;17.31;17.26;1
2023.04.03;18.25;17.26;1
2023.04.04;19.73;17.25;1
2023.04.05;18.98;17.25;1
2023.04.06;18.44;17.25;1
2023.04.10;18.54;17.25;1
2023.04.11;18.33;17.25;1
2023.04.12;17.69;17.25;1
2023.04.13;18.48;17.25;1
2023.04.14;17.16;17.25;0
2023.04.17;17.37;17.24;1
2023.04.18;17.14;17.23;0
2023.04.19;17.21;17.21;0
2023.04.20;17.21;17.19;1
2023.04.21;16.42;17.17;0
2023.04.24;16.88;17.15;0
2023.04.25;17.72;17.14;1
2023.04.26;17.74;17.13;1
2023.04.27;17.28;17.12;1
2023.04.28;16.47;17.11;0
2023.05.01;16.63;17.09;0
2023.05.02;18.69;17.09;1
2023.05.03;18.70;17.09;1
2023.05.04;20.35;17.10;1
2023.05.05;18.50;17.09;1
2023.05.08;18.67;17.09;1
2023.05.09;18.73;17.09;1
2023.05.10;18.37;17.09;1
2023.05.11;17.77;17.09;1
2023.05.12;17.37;17.09;1
2023.05.15;17.52;17.10;1
2023.05.16;17.62;17.10;1
2023.05.17;16.99;17.10;0
2023.05.18;16.95;17.10;0
2023.05.19;17.22;17.10;1
2023.05.22;17.55;17.10;1
2023.05.23;17.66;17.11;1
2023.05.24;17.56;17.11;1
2023.05.25;16.84;17.11;0
2023.05.26;16.30;17.11;0
2023.05.30;15.88;17.11;0
2023.05.31;15.63;17.12;0
2023.06.01;15.50;17.12;0
2023.06.02;14.32;17.11;0
2023.06.05;14.27;17.11;0
2023.06.06;13.94;17.10;0
2023.06.07;13.81;17.09;0
2023.06.08;13.94;17.08;0
2023.06.09;13.69;17.07;0
2023.06.12;13.70;17.05;0
2023.06.13;13.45;17.04;0
2023.06.14;12.84;17.03;0
2023.06.15;13.00;17.02;0
2023.06.16;12.40;16.99;0
2023.06.20;12.73;16.97;0
2023.06.21;12.98;16.95;0
2023.06.22;12.96;16.93;0
2023.06.23;12.73;16.90;0
2023.06.26;13.08;16.89;0
2023.06.27;12.88;16.87;0
2023.06.28;12.53;16.85;0
2023.06.29;12.21;16.83;0
2023.06.30;12.04;16.81;0
2023.07.03;12.22;16.78;0
2023.07.05;12.46;16.75;0
2023.07.06;12.25;16.72;0
2023.07.07;12.12;16.69;0
2023.07.10;12.41;16.66;0
2023.07.11;12.64;16.63;0
2023.07.12;13.12;16.60;0
2023.07.13;12.73;16.57;0
2023.07.14;12.05;16.53;0
2023.07.17;12.34;16.49;0
2023.07.18;12.62;16.46;0
2023.07.19;12.89;16.43;0
2023.07.20;12.67;16.39;0
2023.07.21;12.23;16.35;0
2023.07.24;12.35;16.32;0
2023.07.25;12.42;16.28;0
2023.07.26;12.11;16.24;0
2023.07.27;12.29;16.20;0
2023.07.28;11.78;16.16;0
2023.07.31;12.16;16.12;0
2023.08.01;11.83;16.08;0
2023.08.02;12.45;16.04;0
2023.08.03;12.79;16.00;0
2023.08.04;12.22;15.96;0
2023.08.07;12.24;15.93;0
2023.08.08;12.21;15.89;0
2023.08.09;12.33;15.86;0
2023.08.10;11.84;15.82;0
2023.08.11;11.54;15.78;0
2023.08.14;11.97;15.74;0
2023.08.15;12.11;15.71;0
2023.08.16;12.43;15.68;0
2023.08.17;12.89;15.66;0
2023.08.18;12.63;15.63;0
2023.08.21;12.91;15.60;0
2023.08.22;12.58;15.57;0
2023.08.23;12.67;15.55;0
2023.08.24;12.53;15.52;0
2023.08.25;12.09;15.49;0
2023.08.28;12.21;15.46;0
2023.08.29;12.50;15.42;0
2023.08.30;12.39;15.40;0
2023.08.31;11.78;15.37;0
2023.09.01;11.28;15.34;0
2023.09.05;11.36;15.31;0
2023.09.06;11.31;15.28;0
2023.09.07;11.11;15.25;0
2023.09.08;10.99;15.22;0
2023.09.11;10.75;15.19;0
2023.09.12;10.82;15.16;0
2023.09.13;10.33;15.14;0
2023.09.14;10.22;15.11;0
2023.09.15;10.34;15.08;0
2023.09.18;11.10;15.06;0
2023.09.19;11.09;15.04;0
2023.09.20;10.96;15.01;0
2023.09.21;11.11;14.99;0
2023.09.22;10.87;14.97;0
2023.09.25;11.43;14.94;0
2023.09.26;13.63;14.93;0
2023.09.27;13.86;14.92;0
2023.09.28;13.09;14.90;0
2023.09.29;12.94;14.89;0
2023.10.02;14.13;14.89;0
2023.10.03;15.31;14.89;1
2023.10.04;14.58;14.89;0
2023.10.05;14.70;14.90;0
2023.10.06;14.03;14.89;0
2023.10.09;15.18;14.89;1
2023.10.10;14.49;14.89;0
2023.10.11;14.38;14.89;0
2023.10.12;13.98;14.89;0
2023.10.13;18.91;14.90;1
2023.10.16;16.22;14.90;1
2023.10.17;16.59;14.90;1
2023.10.18;17.38;14.91;1
2023.10.19;19.40;14.92;1
2023.10.20;18.56;14.92;1
2023.10.23;17.28;14.93;1
2023.10.24;16.05;14.92;1
2023.10.25;16.76;14.92;1
2023.10.26;16.53;14.92;1
2023.10.27;17.69;14.93;1
2023.10.30;16.84;14.94;1
2023.10.31;16.23;14.93;1
2023.11.01;15.36;14.93;1
2023.11.02;14.76;14.92;0
2023.11.03;14.04;14.91;0
2023.11.06;13.25;14.89;0
2023.11.07;13.33;14.88;0
2023.11.08;14.07;14.87;0
2023.11.09;14.06;14.86;0
2023.11.10;13.96;14.85;0
2023.11.13;13.92;14.84;0
2023.11.14;13.73;14.83;0
2023.11.15;12.98;14.82;0
2023.11.16;13.04;14.81;0
2023.11.17;12.97;14.80;0
2023.11.20;12.59;14.79;0
2023.11.21;14.09;14.78;0
2023.11.22;13.35;14.77;0
2023.11.24;13.05;14.75;0
2023.11.27;13.31;14.74;0
2023.11.28;15.54;14.74;1
2023.11.29;15.04;14.74;1
2023.11.30;14.22;14.74;0
2023.12.01;16.96;14.75;1
2023.12.04;17.13;14.76;1
2023.12.05;15.46;14.76;1
2023.12.06;15.40;14.76;1
2023.12.07;14.93;14.76;1
2023.12.08;14.14;14.76;0
2023.12.11;13.99;14.75;0
2023.12.12;12.82;14.75;0
2023.12.13;13.67;14.74;0
2023.12.14;13.96;14.74;0
2023.12.15;13.49;14.74;0
2023.12.18;13.79;14.74;0
2023.12.19;13.75;14.74;0
2023.12.20;13.82;14.74;0
2023.12.21;14.27;14.74;0
2023.12.22;15.25;14.74;1
2023.12.26;15.83;14.74;1
2023.12.27;16.96;14.72;1
2023.12.28;16.05;14.71;1
2023.12.29;15.85;14.70;1
2024.01.02;15.73;14.69;1
2024.01.03;14.85;14.65;1
2024.01.04;14.20;14.61;0
2024.01.05;13.81;14.58;0
2024.01.08;13.56;14.56;0
2024.01.09;13.16;14.52;0
2024.01.10;13.26;14.48;0
2024.01.11;12.80;14.45;0
2024.01.12;13.49;14.42;0
2024.01.16;13.55;14.40;0
2024.01.17;13.53;14.38;0
2024.01.18;13.09;14.36;0
2024.01.19;12.95;14.33;0
2024.01.22;12.83;14.30;0
2024.01.23;12.73;14.27;0
2024.01.24;12.70;14.24;0
2024.01.25;12.79;14.21;0
2024.01.26;11.91;14.18;0
2024.01.29;13.08;14.15;0
2024.01.30;13.05;14.13;0
2024.01.31;13.16;14.11;0
2024.02.01;13.72;14.09;0
2024.02.02;12.66;14.07;0
2024.02.05;12.49;14.04;0
2024.02.06;12.31;14.02;0
2024.02.07;11.84;13.99;0
2024.02.08;11.71;13.97;0
2024.02.09;11.20;13.94;0
2024.02.12;11.81;13.91;0
2024.02.13;12.15;13.88;0
2024.02.14;12.02;13.86;0
2024.02.15;11.79;13.83;0
2024.02.16;11.75;13.80;0
2024.02.20;11.81;13.76;0
2024.02.21;11.46;13.72;0
2024.02.22;11.19;13.68;0
2024.02.23;11.50;13.65;0
2024.02.26;11.29;13.61;0
2024.02.27;10.95;13.57;0
2024.02.28;10.93;13.54;0
2024.02.29;11.16;13.51;0
2024.03.01;13.47;13.49;0
2024.03.04;14.61;13.47;1
2024.03.05;14.54;13.46;1
2024.03.06;15.17;13.45;1
2024.03.07;15.09;13.44;1
2024.03.08;15.47;13.43;1
2024.03.11;15.50;13.42;1
2024.03.12;14.10;13.40;1
2024.03.13;14.09;13.39;1
2024.03.14;13.30;13.37;0
2024.03.15;13.54;13.36;1
2024.03.18;13.83;13.35;1
2024.03.19;13.48;13.34;1
2024.03.20;13.62;13.34;1
2024.03.21;13.42;13.34;1
2024.03.22;12.53;13.33;0
2024.03.25;12.09;13.32;0
2024.03.26;12.57;13.31;0
2024.03.27;13.58;13.31;1
2024.03.28;15.44;13.32;1
2024.04.01;16.25;13.34;1
2024.04.02;17.13;13.36;1
2024.04.03;17.49;13.38;1
2024.04.04;17.29;13.40;1
2024.04.05;16.92;13.42;1
2024.04.08;18.17;13.45;1
2024.04.09;18.30;13.48;1
2024.04.10;18.67;13.51;1
2024.04.11;18.97;13.54;1
2024.04.12;20.21;13.57;1
2024.04.15;22.25;13.62;1
2024.04.16;20.56;13.66;1
2024.04.17;19.01;13.70;1
2024.04.18;18.65;13.73;1
2024.04.19;18.51;13.76;1
2024.04.22;17.76;13.79;1
2024.04.23;17.73;13.82;1
2024.04.24;17.45;13.84;1
2024.04.25;17.32;13.86;1
2024.04.26;16.92;13.88;1
2024.04.29;16.92;13.90;1
2024.04.30;16.54;13.93;1
2024.05.01;16.25;13.95;1
2024.05.02;16.05;13.96;1
2024.05.03;15.83;13.98;1
2024.05.06;16.23;14.00;1
2024.05.07;15.75;14.01;1
2024.05.08;15.29;14.03;1
2024.05.09;16.27;14.05;1
2024.05.10;16.20;14.07;1
2024.05.13;16.52;14.09;1
2024.05.14;16.61;14.11;1
2024.05.15;16.99;14.14;1
2024.05.16;16.26;14.16;1
2024.05.17;17.40;14.18;1
2024.05.20;17.58;14.21;1
2024.05.21;16.76;14.23;1
2024.05.22;16.45;14.25;1
2024.05.23;16.03;14.27;1
2024.05.24;15.26;14.29;1
2024.05.28;15.92;14.31;1
2024.05.29;15.83;14.33;1
2024.05.30;15.74;14.35;1
2024.05.31;15.26;14.36;1
2024.06.03;16.00;14.38;1
2024.06.04;16.22;14.40;1
2024.06.05;16.50;14.42;1
2024.06.06;16.85;14.44;1
2024.06.07;17.13;14.46;1
2024.06.10;16.66;14.48;1
2024.06.11;16.45;14.50;1
2024.06.12;15.92;14.52;1
2024.06.13;15.71;14.54;1
2024.06.14;16.07;14.55;1
2024.06.17;15.63;14.57;1
2024.06.18;15.64;14.59;1
2024.06.20;16.40;14.61;1
2024.06.21;15.86;14.64;1
2024.06.24;15.49;14.66;1
2024.06.25;14.88;14.68;1
2024.06.26;14.88;14.70;1
2024.06.27;15.01;14.72;1
2024.06.28;14.72;14.74;0
2024.07.01;14.86;14.76;1
2024.07.02;14.35;14.78;0
2024.07.03;14.89;14.80;1
2024.07.05;15.62;14.83;1
2024.07.08;15.13;14.85;1
2024.07.09;14.64;14.86;0
2024.07.10;14.89;14.88;1
2024.07.11;15.74;14.91;1
2024.07.12;15.12;14.93;1
2024.07.15;15.98;14.94;1
2024.07.16;17.15;14.95;1
2024.07.17;16.70;14.97;1
2024.07.18;16.25;14.99;1
2024.07.19;16.34;15.00;1
2024.07.22;15.74;15.00;1
2024.07.23;15.44;15.01;1
2024.07.24;15.98;15.01;1
2024.07.25;15.54;15.02;1
2024.07.26;15.20;15.02;1
2024.07.29;15.64;15.03;1
2024.07.30;16.30;15.04;1
2024.07.31;17.88;15.05;1
2024.08.01;17.61;15.05;1
2024.08.02;18.70;15.06;1
2024.08.05;21.95;15.09;1
2024.08.06;19.10;15.10;1
2024.08.07;18.12;15.09;1
2024.08.08;18.45;15.09;1
2024.08.09;17.80;15.09;1
2024.08.12;20.61;15.11;1
2024.08.13;19.18;15.13;1
2024.08.14;18.49;15.14;1
2024.08.15;18.16;15.14;1
2024.08.16;20.09;15.15;1
2024.08.19;18.77;15.17;1
2024.08.20;18.47;15.18;1
2024.08.21;18.63;15.20;1
2024.08.22;17.89;15.22;1
2024.08.23;17.49;15.24;1
2024.08.26;17.90;15.27;1
2024.08.27;17.69;15.28;1
2024.08.28;17.18;15.30;1
2024.08.29;17.22;15.32;1
2024.08.30;16.40;15.33;1
2024.09.03;16.55;15.34;1
2024.09.04;16.19;15.36;1
2024.09.05;16.48;15.38;1
2024.09.06;16.49;15.39;1
2024.09.09;16.16;15.41;1
2024.09.10;16.08;15.42;1
2024.09.11;15.52;15.43;1
2024.09.12;16.74;15.45;1
2024.09.13;16.88;15.47;1
2024.09.16;17.03;15.48;1
2024.09.17;17.49;15.49;1
2024.09.18;17.13;15.50;1
2024.09.19;16.76;15.50;1
2024.09.20;17.08;15.50;1
2024.09.23;17.72;15.51;1
2024.09.24;19.26;15.53;1
2024.09.25;19.13;15.55;1
2024.09.26;18.82;15.58;1
2024.09.27;18.59;15.60;1
2024.09.30;18.08;15.63;1
2024.10.01;18.57;15.65;1
2024.10.02;18.07;15.67;1
2024.10.03;18.28;15.69;1
2024.10.04;17.48;15.71;1
2024.10.07;17.71;15.73;1
2024.10.08;17.64;15.75;1
2024.10.09;17.62;15.77;1
2024.10.10;17.27;15.78;1
2024.10.11;17.27;15.79;1
2024.10.14;17.47;15.79;1
2024.10.15;17.38;15.79;1
2024.10.16;17.31;15.80;1
2024.10.17;17.57;15.81;1
2024.10.18;17.77;15.83;1
2024.10.21;18.19;15.85;1
2024.10.22;18.73;15.87;1
2024.10.23;18.98;15.90;1
2024.10.24;18.66;15.93;1
2024.10.25;18.88;15.95;1
2024.10.28;18.34;15.98;1
2024.10.29;18.51;16.01;1
2024.10.30;18.68;16.03;1
2024.10.31;19.46;16.06;1
2024.11.01;19.29;16.09;1
2024.11.04;19.91;16.13;1
2024.11.05;19.59;16.16;1
2024.11.06;17.63;16.19;1
2024.11.07;17.37;16.21;1
2024.11.08;15.91;16.22;0
2024.11.11;16.02;16.25;0
2024.11.12;16.25;16.26;0
2024.11.13;17.05;16.28;1
2024.11.14;17.39;16.30;1
2024.11.15;17.17;16.32;1
2024.11.18;16.97;16.34;1
2024.11.19;17.85;16.37;1
2024.11.20;18.34;16.40;1
2024.11.21;17.59;16.43;1
2024.11.22;17.54;16.46;1
2024.11.25;17.80;16.49;1
2024.11.26;17.00;16.51;1
2024.11.27;16.54;16.54;1
2024.11.29;16.37;16.56;0
2024.12.02;16.33;16.58;0
2024.12.03;16.21;16.60;0
2024.12.04;15.92;16.62;0
2024.12.05;15.93;16.65;0
2024.12.06;15.04;16.67;0
2024.12.09;15.75;16.69;0
2024.12.10;16.34;16.71;0
2024.12.11;16.86;16.74;1
2024.12.12;15.43;16.76;0
2024.12.13;15.63;16.79;0
2024.12.16;15.38;16.80;0
2024.12.17;15.64;16.80;0
2024.12.18;16.54;16.81;0
2024.12.19;15.83;16.81;0
2024.12.20;15.73;16.82;0
2024.12.23;15.54;16.82;0
2024.12.24;14.71;16.81;0
2024.12.26;15.19;16.82;0
2024.12.27;14.67;16.82;0
2024.12.30;15.02;16.83;0
2024.12.31;14.62;16.84;0
2025.01.02;15.07;16.84;0
2025.01.03;14.49;16.85;0
2025.01.06;14.76;16.85;0
2025.01.07;14.68;16.86;0
2025.01.08;14.82;16.87;0
2025.01.10;15.77;16.89;0
2025.01.13;15.27;16.90;0
2025.01.14;15.00;16.91;0
2025.01.15;15.23;16.91;0
2025.01.16;15.40;16.90;0
2025.01.17;14.98;16.89;0
2025.01.21;15.50;16.88;0
2025.01.22;15.24;16.87;0
2025.01.23;14.95;16.86;0
2025.01.24;14.85;16.85;0
2025.01.27;15.23;16.83;0
2025.01.28;15.46;16.82;0
2025.01.29;14.84;16.80;0
2025.01.30;16.09;16.77;0
2025.01.31;15.82;16.74;0
2025.02.03;16.81;16.72;1
2025.02.04;17.11;16.71;1
2025.02.05;17.19;16.71;1
2025.02.06;16.27;16.70;0
2025.02.07;16.23;16.69;0
2025.02.10;17.59;16.69;1
2025.02.11;17.48;16.69;1
2025.02.12;17.34;16.69;1
2025.02.13;17.13;16.69;1
2025.02.14;17.23;16.69;1
2025.02.18;18.03;16.70;1
2025.02.19;16.76;16.70;1
2025.02.20;16.45;16.70;0
2025.02.21;16.55;16.71;0
2025.02.24;16.73;16.71;1
2025.02.25;16.72;16.71;1
2025.02.26;16.36;16.72;0
2025.02.27;16.45;16.72;0
2025.02.28;15.82;16.72;0
2025.03.03;16.81;16.72;1
2025.03.04;17.25;16.72;1
2025.03.05;16.92;16.72;1
2025.03.06;16.83;16.72;1
2025.03.07;16.19;16.72;0
2025.03.10;17.06;16.72;1
2025.03.11;17.14;16.72;1
2025.03.12;16.82;16.72;1
2025.03.13;17.41;16.73;1
2025.03.14;17.13;16.74;1
2025.03.17;17.60;16.74;1
2025.03.18;17.53;16.75;1
2025.03.19;16.74;16.76;0
2025.03.20;16.45;16.76;0
2025.03.21;15.98;16.76;0
2025.03.24;15.80;16.76;0
2025.03.25;15.23;16.76;0
2025.03.26;15.04;16.75;0
2025.03.27;16.08;16.74;0
2025.03.28;16.45;16.74;0
2025.03.31;17.84;16.75;1
2025.04.01;17.95;16.76;1
2025.04.02;17.92;16.77;1
2025.04.03;18.36;16.78;1
2025.04.04;22.03;16.81;1
2025.04.07;19.68;16.83;1
2025.04.08;23.73;16.87;1
2025.04.09;24.53;16.91;1
2025.04.10;26.59;16.97;1
2025.04.11;28.44;17.04;1
2025.04.14;23.80;17.08;1
2025.04.15;21.54;17.11;1
2025.04.16;26.73;17.17;1
2025.04.17;24.14;17.22;1
2025.04.21;28.14;17.29;1
2025.04.22;28.44;17.36;1
2025.04.23;25.23;17.40;1
2025.04.24;24.93;17.45;1
2025.04.25;23.36;17.50;1
2025.04.28;23.25;17.54;1
2025.04.29;22.10;17.57;1
2025.04.30;21.52;17.60;1
2025.05.01;21.51;17.63;1
2025.05.02;21.35;17.65;1
2025.05.05;23.20;17.68;1
2025.05.06;24.72;17.73;1
2025.05.07;22.99;17.76;1
2025.05.08;22.58;17.79;1
2025.05.09;21.86;17.82;1
2025.05.12;21.38;17.85;1
2025.05.13;19.58;17.87;1
2025.05.14;20.78;17.90;1
2025.05.15;21.63;17.93;1
2025.05.16;21.47;17.96;1
2025.05.19;21.37;17.97;1
2025.05.20;21.95;17.99;1
2025.05.21;22.23;18.01;1
2025.05.22;21.55;18.01;1
2025.05.23;22.28;18.03;1
2025.05.27;21.12;18.04;1
2025.05.28;19.69;18.05;1
2025.05.29;19.65;18.06;1
2025.05.30;19.10;18.05;1
2025.06.02;20.60;18.06;1
2025.06.03;20.10;18.06;1
2025.06.04;19.82;18.07;1
2025.06.05;19.69;18.07;1
2025.06.06;19.16;18.07;1
2025.06.09;19.45;18.08;1
2025.06.10;19.00;18.08;1
2025.06.11;19.16;18.09;1
2025.06.12;19.70;18.10;1
2025.06.13;21.16;18.11;1
2025.06.16;19.87;18.12;1
2025.06.17;20.41;18.14;1
2025.06.18;19.58;18.15;1
2025.06.20;19.27;18.17;1
2025.06.23;19.02;18.18;1
2025.06.24;18.28;18.19;1
2025.06.25;17.33;18.19;0
2025.06.26;16.65;18.19;0
2025.06.27;16.49;18.20;0
2025.06.30;17.31;18.20;0
2025.07.01;16.76;18.21;0
2025.07.02;16.87;18.21;0
2025.07.03;16.19;18.21;0
2025.07.07;16.91;18.20;0
2025.07.08;16.20;18.20;0
2025.07.09;15.86;18.19;0
2025.07.10;16.04;18.19;0
2025.07.11;16.94;18.19;0
2025.07.14;16.99;18.18;0
2025.07.15;16.37;18.17;0
2025.07.16;17.27;18.16;0
2025.07.17;16.91;18.15;0
2025.07.18;16.73;18.14;0
2025.07.21;17.78;18.14;0
2025.07.22;19.08;18.14;1
2025.07.23;18.44;18.14;1
2025.07.24;17.82;18.14;0
2025.07.25;17.05;18.14;0
2025.07.28;16.79;18.14;0
2025.07.29;16.61;18.13;0
2025.07.30;16.48;18.12;0
2025.07.31;16.04;18.12;0
2025.08.01;17.30;18.12;0
2025.08.04;17.07;18.12;0
2025.08.05;16.68;18.11;0
2025.08.06;16.42;18.11;0
2025.08.07;16.95;18.11;0
2025.08.08;16.36;18.10;0
2025.08.11;16.94;18.09;0
2025.08.12;16.35;18.08;0
2025.08.13;15.95;18.07;0
2025.08.14;15.33;18.05;0
2025.08.15;15.22;18.03;0
2025.08.18;14.90;18.01;0
2025.08.19;14.82;17.99;0
2025.08.20;15.40;17.98;0
2025.08.21;15.44;17.96;0
2025.08.22;15.15;17.94;0
2025.08.25;15.09;17.91;0
2025.08.26;15.88;17.89;0
2025.08.27;15.90;17.89;0
2025.08.28;16.34;17.88;0
2025.08.29;17.39;17.89;0
2025.09.02;19.81;17.91;1
2025.09.03;19.53;17.92;1
2025.09.04;18.33;17.93;1
2025.09.05;18.30;17.93;1
2025.09.08;19.09;17.94;1
2025.09.09;17.99;17.95;1
2025.09.10;17.37;17.95;0
2025.09.11;16.48;17.94;0
2025.09.12;16.38;17.93;0
2025.09.15;17.90;17.93;0
2025.09.16;18.37;17.94;1
2025.09.17;17.41;17.94;0
2025.09.18;16.45;17.94;0
2025.09.19;16.76;17.94;0
2025.09.22;18.43;17.95;1
2025.09.23;19.06;17.96;1
2025.09.24;18.30;17.98;1
2025.09.25;19.07;17.99;1
2025.09.26;18.59;18.01;1
2025.09.29;19.19;18.03;1
2025.09.30;19.95;18.05;1
2025.10.01;19.05;18.06;1
2025.10.02;18.05;18.07;0
2025.10.03;17.66;18.08;0
2025.10.06;19.51;18.10;1
2025.10.07;19.94;18.12;1
2025.10.08;21.81;18.15;1
2025.10.09;21.85;18.18;1
2025.10.10;23.78;18.22;1
2025.10.13;24.53;18.26;1
2025.10.14;26.11;18.32;1
2025.10.15;27.12;18.38;1
2025.10.16;32.78;18.47;1
2025.10.17;31.20;18.55;1
2025.10.20;31.43;18.64;1
2025.10.21;29.82;18.71;1
2025.10.22;27.19;18.77;1
2025.10.23;26.68;18.83;1
2025.10.24;24.75;18.88;1
2025.10.27;23.94;18.93;1
2025.10.28;24.03;18.97;1
2025.10.29;24.70;19.02;1
2025.10.30;24.82;19.07;1
2025.10.31;22.66;19.10;1
2025.11.03;21.38;19.13;1
2025.11.04;21.43;19.16;1
2025.11.05;20.15;19.19;1
2025.11.06;20.13;19.21;1
2025.11.07;20.36;19.24;1
2025.11.10;23.34;19.28;1
2025.11.11;23.33;19.32;1
2025.11.12;25.82;19.37;1
2025.11.13;24.82;19.42;1
2025.11.14;24.13;19.46;1
2025.11.17;24.07;19.51;1
2025.11.18;23.90;19.54;1
2025.11.19;23.89;19.58;1
2025.11.20;22.93;19.60;1
2025.11.21;21.93;19.63;1
2025.11.24;22.55;19.66;1
2025.11.25;22.40;19.69;1
2025.11.26;21.95;19.71;1
2025.11.28;22.87;19.74;1
2025.12.01;23.34;19.77;1
2025.12.02;22.49;19.80;1
2025.12.03;21.96;19.81;1
2025.12.04;20.57;19.83;1
2025.12.05;19.92;19.85;1
2025.12.08;19.58;19.87;0
2025.12.09;20.35;19.88;1
2025.12.10;20.20;19.90;1
2025.12.11;20.97;19.92;1
2025.12.12;21.46;19.95;1
2025.12.15;21.20;19.98;1
2025.12.16;20.18;19.99;1
2025.12.17;21.22;20.01;1
2025.12.18;21.31;20.04;1
2025.12.19;20.72;20.05;1
2025.12.22;23.80;20.09;1
2025.12.23;24.53;20.13;1
2025.12.24;23.81;20.16;1
2025.12.26;25.78;20.21;1
2025.12.29;25.71;20.25;1
2025.12.30;24.83;20.29;1
2025.12.31;23.92;20.32;1
2026.01.02;23.80;20.35;1
2026.01.05;24.25;20.39;1
2026.01.06;24.82;20.43;1
2026.01.07;24.13;20.47;1
2026.01.08;24.07;20.51;1
2026.01.09;23.43;20.55;1
2026.01.12;25.03;20.60;1
2026.01.13;23.76;20.64;1
2026.01.14;23.57;20.68;1
2026.01.15;22.06;20.70;1
2026.01.16;22.23;20.72;1
2026.01.20;24.79;20.75;1
2026.01.21;26.27;20.79;1
2026.01.22;28.11;20.82;1
2026.01.23;30.01;20.88;1
2026.01.26;32.70;20.92;1
2026.01.27;33.13;20.96;1
2026.01.28;39.67;21.03;1
2026.01.29;46.02;21.12;1
2026.01.30;44.08;21.22;1
2026.02.02;37.38;21.30;1
2026.02.03;41.04;21.37;1
2026.02.04;36.93;21.43;1
2026.02.05;35.53;21.47;1
2026.02.06;33.96;21.50;1
2026.02.09;32.84;21.54;1
2026.02.10;28.86;21.56;1
2026.02.11;29.38;21.59;1
2026.02.12;30.23;21.62;1
2026.02.13;30.84;21.66;1
2026.02.17;33.24;21.72;1
2026.02.18;33.75;21.78;1
2026.02.19;33.56;21.85;1
2026.02.20;36.44;21.91;1
2026.02.23;38.46;21.98;1
2026.02.24;37.55;22.05;1
2026.02.25;34.96;22.11;1
2026.02.26;33.07;22.17;1
2026.02.27;33.23;22.23;1
2026.03.02;34.83;22.31;1
2026.03.03;38.77;22.40;1
2026.03.04;36.48;22.47;1
2026.03.05;35.31;22.54;1
2026.03.06;34.26;22.60;1
2026.03.09;33.52;22.66;1
2026.03.10;32.11;22.71;1
2026.03.11;30.68;22.76;1
2026.03.12;31.09;22.80;1
2026.03.13;32.31;22.86;1
2026.03.16;30.56;22.91;1
2026.03.17;27.98;22.95;1
2026.03.18;29.42;23.00;1
2026.03.19;31.05;23.06;1
2026.03.20;35.25;23.13;1
2026.03.23;43.36;23.25;1
2026.03.24;41.90;23.36;1
2026.03.25;38.65;23.46;1
2026.03.26;45.07;23.59;1
2026.03.27;45.51;23.72;1
2026.03.30;42.71;23.84;1
2026.03.31;38.89;23.93;1
2026.04.01;36.11;24.01;1
2026.04.02;37.85;24.10;1
2026.04.06;37.04;24.18;1
2026.04.07;37.43;24.27;1
2026.04.08;34.21;24.35;1
2026.04.09;31.66;24.41;1
2026.04.10;30.46;24.47;1
2026.04.13;30.00;24.53;1
2026.04.14;31.04;24.60;1
2026.04.15;29.97;24.67;1
2026.04.16;28.65;24.73;1
2026.04.17;28.95;24.79;1
2026.04.20;28.46;24.85;1
2026.04.21;29.31;24.91;1
2026.04.22;27.09;24.96;1
2026.04.23;27.87;25.02;1
2026.04.24;25.88;25.07;1
2026.04.27;25.37;25.12;1
2026.04.28;26.19;25.17;1
2026.04.29;27.77;25.22;1
2026.04.30;26.64;25.27;1
2026.05.01;26.43;25.32;1
2026.05.04;27.92;25.37;1
2026.05.05;26.61;25.42;1
2026.05.06;26.34;25.46;1
2026.05.07;27.03;25.50;1
2026.05.08;26.48;25.54;1
2026.05.11;27.48;25.59;1
2026.05.12;27.16;25.64;1
2026.05.13;26.56;25.69;1
2026.05.14;25.79;25.74;1
2026.05.15;26.34;25.79;1
2026.05.18;26.20;25.84;1
2026.05.19;26.63;25.88;1
2026.05.20;25.17;25.92;0
2026.05.21;24.59;25.96;0
2026.05.22;23.86;26.00;0
2026.05.26;24.27;26.04;0
2026.05.27;24.47;26.08;0
2026.05.28;24.83;26.12;0
2026.05.29;24.91;26.16;0
2026.06.01;25.64;26.21;0
2026.06.02;24.44;26.25;0
2026.06.03;24.49;26.30;0
2026.06.04;23.87;26.35;0
2026.06.05;28.89;26.42;1
2026.06.08;27.17;26.48;1
2026.06.09;28.04;26.54;1
2026.06.10;32.18;26.62;1
2026.06.11;28.33;26.69;1
2026.06.12;26.85;26.74;1
2026.06.15;26.47;26.80;0
2026.06.16;25.18;26.84;0
2026.06.17;28.45;26.90;1
2026.06.18;27.90;26.94;1
2026.06.22;26.15;26.97;0
2026.06.23;27.41;27.02;1
2026.06.24;31.60;27.08;1
2026.06.25;29.58;27.13;1
2026.06.26;27.18;27.18;0
2026.06.29;27.70;27.23;1
2026.06.30;27.20;27.29;0
2026.07.01;27.12;27.34;0
2026.07.02;26.00;27.38;0
2026.07.06;25.33;27.41;0
2026.07.07;26.21;27.46;0
2026.07.08;27.60;27.51;1
2026.07.09;25.33;27.56;0
2026.07.10;23.95;27.58;0
2026.07.13;26.93;27.62;0
2026.07.14;25.02;27.66;0
2026.07.15;24.88;27.69;0
2026.07.16;26.65;27.73;0
2026.07.17;25.60;27.76;0
2026.07.20;25.37;27.79;0
2026.07.21;23.94;27.81;0
2026.07.22;24.02;27.84;0
2026.07.23;25.14;27.88;0
2026.07.24;24.33;27.90;0
2026.07.27;24.13;27.92;0
2026.07.28;24.62;27.94;0
2026.07.29;24.64;27.95;0
2026.07.30;24.48;27.95;0
2026.07.31;23.31;27.95;0
2026.08.03;23.65;27.94;0
2026.08.04;23.50;27.92;0
2026.08.05;25.59;27.88;0
2026.08.06;24.86;27.85;0
2026.08.07;25.64;27.82;0
2026.08.10;27.90;27.81;1
2026.08.11;25.99;27.81;0
2026.08.12;25.58;27.80;0
2026.08.13;23.87;27.80;0
2026.08.14;23.92;27.80;0
2026.08.17;25.12;27.80;0
2026.08.18;23.98;27.80;0
2026.08.19;26.68;27.81;0
2026.08.20;27.28;27.83;0
2026.08.21;27.29;27.86;0
2026.08.24;28.28;27.89;1
2026.08.25;27.69;27.93;0
2026.08.26;26.96;27.97;0
2026.08.27;26.80;28.00;0
2026.08.28;25.17;28.01;0
2026.08.31;24.40;28.01;0
2026.09.01;25.43;28.01;0
2026.09.02;26.14;28.02;0
2026.09.03;27.18;28.03;0
2026.09.04;26.63;28.05;0
2026.09.08;27.26;28.06;0
2026.09.09;27.79;28.08;0
2026.09.10;28.48;28.11;1
2026.09.11;25.68;28.13;0
2026.09.14;26.54;28.15;0
2026.09.15;27.24;28.17;0
