fecha;vix;sma200;reg
2001.07.20;22.34;24.38;1
2001.07.21;22.34;24.34;1
2001.07.22;22.34;24.32;1
2001.07.23;23.74;24.30;1
2001.07.24;25.24;24.28;0
2001.07.25;24.00;24.26;1
2001.07.26;23.01;24.23;1
2001.07.27;22.00;24.19;1
2001.07.28;22.00;24.16;1
2001.07.29;22.00;24.14;1
2001.07.30;22.69;24.12;1
2001.07.31;21.62;24.11;1
2001.08.01;20.56;24.09;1
2001.08.02;20.09;24.06;1
2001.08.03;19.89;24.04;1
2001.08.04;19.89;24.01;1
2001.08.05;19.89;23.99;1
2001.08.06;21.89;23.98;1
2001.08.07;21.01;23.97;1
2001.08.08;22.32;23.97;1
2001.08.09;21.75;23.96;1
2001.08.10;20.55;23.95;1
2001.08.11;20.55;23.94;1
2001.08.12;20.55;23.93;1
2001.08.13;20.42;23.92;1
2001.08.14;20.48;23.91;1
2001.08.15;20.91;23.90;1
2001.08.16;21.54;23.90;1
2001.08.17;23.84;23.90;1
2001.08.18;23.84;23.91;1
2001.08.19;23.84;23.92;1
2001.08.20;22.87;23.93;1
2001.08.21;24.40;23.94;0
2001.08.22;22.44;23.94;1
2001.08.23;22.23;23.94;1
2001.08.24;19.71;23.93;1
2001.08.25;19.71;23.92;1
2001.08.26;19.71;23.91;1
2001.08.27;20.56;23.90;1
2001.08.28;22.00;23.90;1
2001.08.29;23.03;23.91;1
2001.08.30;25.41;23.93;0
2001.08.31;24.92;23.94;0
2001.09.01;24.92;23.96;0
2001.09.02;24.92;23.98;0
2001.09.03;24.92;24.00;0
2001.09.04;25.85;24.02;0
2001.09.05;26.35;24.04;0
2001.09.06;28.61;24.07;0
2001.09.07;30.99;24.11;0
2001.09.08;30.99;24.15;0
2001.09.09;30.99;24.17;0
2001.09.10;31.84;24.20;0
2001.09.11;31.84;24.22;0
2001.09.12;31.84;24.24;0
2001.09.13;31.84;24.27;0
2001.09.14;31.84;24.30;0
2001.09.15;31.84;24.33;0
2001.09.16;31.84;24.34;0
2001.09.17;41.76;24.41;0
2001.09.18;38.87;24.47;0
2001.09.19;40.56;24.53;0
2001.09.20;43.74;24.62;0
2001.09.21;42.66;24.69;0
2001.09.22;42.66;24.78;0
2001.09.23;42.66;24.87;0
2001.09.24;37.75;24.94;0
2001.09.25;35.81;24.99;0
2001.09.26;35.26;25.04;0
2001.09.27;34.00;25.08;0
2001.09.28;31.93;25.09;0
2001.09.29;31.93;25.11;0
2001.09.30;31.93;25.12;0
2001.10.01;32.32;25.14;0
2001.10.02;31.18;25.15;0
2001.10.03;31.34;25.15;0
2001.10.04;31.97;25.16;0
2001.10.05;33.39;25.18;0
2001.10.06;33.39;25.19;0
2001.10.07;33.39;25.20;0
2001.10.08;35.12;25.21;0
2001.10.09;34.83;25.23;0
2001.10.10;31.60;25.24;0
2001.10.11;31.50;25.24;0
2001.10.12;35.27;25.28;0
2001.10.13;35.27;25.32;0
2001.10.14;35.27;25.35;0
2001.10.15;35.31;25.38;0
2001.10.16;32.88;25.40;0
2001.10.17;35.08;25.43;0
2001.10.18;34.95;25.47;0
2001.10.19;34.11;25.48;0
2001.10.20;34.11;25.48;0
2001.10.21;34.11;25.48;0
2001.10.22;32.25;25.49;0
2001.10.23;32.00;25.49;0
2001.10.24;30.95;25.49;0
2001.10.25;29.46;25.48;0
2001.10.26;28.42;25.46;0
2001.10.27;28.42;25.45;0
2001.10.28;28.42;25.45;0
2001.10.29;31.64;25.48;0
2001.10.30;33.46;25.52;0
2001.10.31;33.56;25.56;0
2001.11.01;32.31;25.59;0
2001.11.02;30.71;25.61;0
2001.11.03;30.71;25.63;0
2001.11.04;30.71;25.67;0
2001.11.05;30.50;25.70;0
2001.11.06;28.80;25.72;0
2001.11.07;29.13;25.73;0
2001.11.08;28.62;25.75;0
2001.11.09;27.44;25.75;0
2001.11.10;27.44;25.74;0
2001.11.11;27.44;25.74;0
2001.11.12;29.35;25.76;0
2001.11.13;26.47;25.77;0
2001.11.14;26.56;25.78;0
2001.11.15;25.56;25.79;1
2001.11.16;25.07;25.79;1
2001.11.17;25.07;25.79;1
2001.11.18;25.07;25.80;1
2001.11.19;24.46;25.79;1
2001.11.20;24.12;25.79;1
2001.11.21;24.19;25.79;1
2001.11.22;24.19;25.79;1
2001.11.23;23.25;25.79;1
2001.11.24;23.25;25.78;1
2001.11.25;23.25;25.78;1
2001.11.26;23.79;25.77;1
2001.11.27;24.00;25.78;1
2001.11.28;25.90;25.79;0
2001.11.29;25.18;25.80;1
2001.11.30;23.84;25.79;1
2001.12.01;23.84;25.80;1
2001.12.02;23.84;25.80;1
2001.12.03;25.77;25.83;1
2001.12.04;24.08;25.84;1
2001.12.05;23.02;25.85;1
2001.12.06;23.71;25.86;1
2001.12.07;23.49;25.88;1
2001.12.08;23.49;25.89;1
2001.12.09;23.49;25.89;1
2001.12.10;25.62;25.92;1
2001.12.11;25.30;25.94;1
2001.12.12;24.87;25.96;1
2001.12.13;25.91;25.99;1
2001.12.14;24.63;26.01;1
2001.12.15;24.63;26.02;1
2001.12.16;24.63;26.03;1
2001.12.17;24.26;26.04;1
2001.12.18;23.29;26.05;1
2001.12.19;22.58;26.05;1
2001.12.20;23.67;26.06;1
2001.12.21;22.50;26.07;1
2001.12.22;22.50;26.08;1
2001.12.23;22.50;26.09;1
2001.12.24;22.62;26.11;1
2001.12.25;22.62;26.12;1
2001.12.26;22.29;26.13;1
2001.12.27;21.59;26.14;1
2001.12.28;21.40;26.15;1
2001.12.29;21.40;26.15;1
2001.12.30;21.40;26.15;1
2001.12.31;23.80;26.15;1
2002.01.01;23.80;26.16;1
2002.01.02;22.71;26.16;1
2002.01.03;21.34;26.15;1
2002.01.04;20.45;26.14;1
2002.01.05;20.45;26.13;1
2002.01.06;20.45;26.12;1
2002.01.07;21.94;26.13;1
2002.01.08;21.83;26.14;1
2002.01.09;22.13;26.15;1
2002.01.10;22.36;26.17;1
2002.01.11;22.60;26.17;1
2002.01.12;22.60;26.18;1
2002.01.13;22.60;26.19;1
2002.01.14;23.58;26.21;1
2002.01.15;22.70;26.23;1
2002.01.16;23.45;26.25;1
2002.01.17;22.25;26.26;1
2002.01.18;22.52;26.28;1
2002.01.19;22.52;26.30;1
2002.01.20;22.52;26.32;1
2002.01.21;22.52;26.33;1
2002.01.22;23.61;26.34;1
2002.01.23;21.88;26.34;1
2002.01.24;21.15;26.34;1
2002.01.25;21.01;26.33;1
2002.01.26;21.01;26.32;1
2002.01.27;21.01;26.31;1
2002.01.28;21.14;26.30;1
2002.01.29;24.35;26.32;1
2002.01.30;23.22;26.33;1
2002.01.31;21.09;26.33;1
2002.02.01;21.12;26.32;1
2002.02.02;21.12;26.31;1
2002.02.03;21.12;26.30;1
2002.02.04;24.87;26.31;1
2002.02.05;25.45;26.33;1
2002.02.06;26.09;26.35;1
2002.02.07;25.11;26.36;1
2002.02.08;23.26;26.36;1
2002.02.09;23.26;26.35;1
2002.02.10;23.26;26.34;1
2002.02.11;21.78;26.34;1
2002.02.12;21.62;26.33;1
2002.02.13;20.85;26.33;1
2002.02.14;21.77;26.33;1
2002.02.15;22.37;26.33;1
2002.02.16;22.37;26.33;1
2002.02.17;22.37;26.34;1
2002.02.18;22.37;26.35;1
2002.02.19;24.43;26.37;1
2002.02.20;22.66;26.39;1
2002.02.21;23.80;26.41;1
2002.02.22;22.86;26.41;1
2002.02.23;22.86;26.42;1
2002.02.24;22.86;26.42;1
2002.02.25;21.84;26.42;1
2002.02.26;21.68;26.43;1
2002.02.27;21.49;26.43;1
2002.02.28;21.59;26.44;1
2002.03.01;19.96;26.44;1
2002.03.02;19.96;26.43;1
2002.03.03;19.96;26.43;1
2002.03.04;20.50;26.42;1
2002.03.05;20.30;26.41;1
2002.03.06;19.94;26.39;1
2002.03.07;20.04;26.37;1
2002.03.08;19.27;26.35;1
2002.03.09;19.27;26.32;1
2002.03.10;19.27;26.31;1
2002.03.11;19.84;26.30;1
2002.03.12;19.59;26.30;1
2002.03.13;19.46;26.30;1
2002.03.14;19.20;26.29;1
2002.03.15;18.42;26.28;1
2002.03.16;18.42;26.26;1
2002.03.17;18.42;26.24;1
2002.03.18;18.93;26.21;1
2002.03.19;18.16;26.17;1
2002.03.20;18.46;26.14;1
2002.03.21;18.15;26.11;1
2002.03.22;17.77;26.07;1
2002.03.23;17.77;26.03;1
2002.03.24;17.77;25.99;1
2002.03.25;18.48;25.94;1
2002.03.26;18.13;25.87;1
2002.03.27;17.70;25.81;1
2002.03.28;17.40;25.74;1
2002.03.29;17.40;25.67;1
2002.03.30;17.40;25.60;1
2002.03.31;17.40;25.52;1
2002.04.01;18.73;25.46;1
2002.04.02;19.16;25.39;1
2002.04.03;20.20;25.34;1
2002.04.04;19.78;25.28;1
2002.04.05;19.13;25.16;1
2002.04.06;19.13;25.06;1
2002.04.07;19.13;24.96;1
2002.04.08;19.61;24.84;1
2002.04.09;19.47;24.72;1
2002.04.10;18.19;24.60;1
2002.04.11;20.30;24.49;1
2002.04.12;19.42;24.39;1
2002.04.13;19.42;24.31;1
2002.04.14;19.42;24.23;1
2002.04.15;19.82;24.16;1
2002.04.16;18.11;24.09;1
2002.04.17;18.43;24.03;1
2002.04.18;19.29;23.96;1
2002.04.19;18.30;23.89;1
2002.04.20;18.30;23.83;1
2002.04.21;18.30;23.76;1
2002.04.22;19.77;23.70;1
2002.04.23;20.28;23.64;1
2002.04.24;20.77;23.57;1
2002.04.25;20.95;23.51;1
2002.04.26;22.14;23.45;1
2002.04.27;22.14;23.38;1
2002.04.28;22.14;23.34;1
2002.04.29;24.05;23.30;0
2002.04.30;21.91;23.23;1
2002.05.01;20.06;23.16;1
2002.05.02;20.07;23.08;1
2002.05.03;20.19;23.00;1
2002.05.04;20.19;22.94;1
2002.05.05;20.19;22.87;1
2002.05.06;22.56;22.80;1
2002.05.07;21.94;22.74;1
2002.05.08;20.39;22.67;1
2002.05.09;21.56;22.61;1
2002.05.10;22.41;22.56;1
2002.05.11;22.41;22.51;1
2002.05.12;22.41;22.47;1
2002.05.13;20.72;22.43;1
2002.05.14;19.35;22.38;1
2002.05.15;19.19;22.34;1
2002.05.16;18.50;22.29;1
2002.05.17;17.70;22.22;1
2002.05.18;17.70;22.14;1
2002.05.19;17.70;22.06;1
2002.05.20;19.24;21.99;1
2002.05.21;20.05;21.94;1
2002.05.22;19.58;21.89;1
2002.05.23;18.23;21.82;1
2002.05.24;18.90;21.76;1
2002.05.25;18.90;21.72;1
2002.05.26;18.90;21.66;1
2002.05.27;18.90;21.62;1
2002.05.28;20.31;21.58;1
2002.05.29;20.39;21.54;1
2002.05.30;20.61;21.51;1
2002.05.31;19.98;21.46;1
2002.06.01;19.98;21.43;1
2002.06.02;19.98;21.40;1
2002.06.03;23.37;21.39;0
2002.06.04;23.89;21.38;0
2002.06.05;22.61;21.37;0
2002.06.06;24.16;21.36;0
2002.06.07;23.51;21.36;0
2002.06.08;23.51;21.36;0
2002.06.09;23.51;21.35;0
2002.06.10;23.72;21.35;0
2002.06.11;24.45;21.36;0
2002.06.12;24.15;21.36;0
2002.06.13;25.02;21.37;0
2002.06.14;25.96;21.38;0
2002.06.15;25.96;21.39;0
2002.06.16;25.96;21.39;0
2002.06.17;24.64;21.39;0
2002.06.18;24.24;21.39;0
2002.06.19;26.06;21.40;0
2002.06.20;27.48;21.42;0
2002.06.21;27.23;21.43;0
2002.06.22;27.23;21.44;0
2002.06.23;27.23;21.46;0
2002.06.24;26.98;21.48;0
2002.06.25;27.84;21.50;0
2002.06.26;28.42;21.53;0
2002.06.27;26.29;21.54;0
2002.06.28;25.40;21.54;0
2002.06.29;25.40;21.54;0
2002.06.30;25.40;21.54;0
2002.07.01;27.11;21.55;0
2002.07.02;28.96;21.57;0
2002.07.03;29.42;21.59;0
2002.07.04;29.42;21.62;0
2002.07.05;27.11;21.63;0
2002.07.06;27.11;21.65;0
2002.07.07;27.11;21.67;0
2002.07.08;28.25;21.70;0
2002.07.09;30.22;21.74;0
2002.07.10;34.10;21.79;0
2002.07.11;33.85;21.85;0
2002.07.12;32.94;21.90;0
2002.07.13;32.94;21.95;0
2002.07.14;32.94;22.01;0
2002.07.15;35.03;22.07;0
2002.07.16;36.65;22.15;0
2002.07.17;35.45;22.22;0
2002.07.18;35.12;22.29;0
2002.07.19;38.17;22.36;0
2002.07.20;38.17;22.43;0
2002.07.21;38.17;22.51;0
2002.07.22;41.87;22.61;0
2002.07.23;44.92;22.74;0
2002.07.24;39.86;22.83;0
2002.07.25;39.27;22.93;0
2002.07.26;35.51;22.99;0
2002.07.27;35.51;23.06;0
2002.07.28;35.51;23.13;0
2002.07.29;31.33;23.17;0
2002.07.30;31.92;23.22;0
2002.07.31;32.03;23.27;0
2002.08.01;36.95;23.34;0
2002.08.02;41.29;23.43;0
2002.08.03;41.29;23.52;0
2002.08.04;41.29;23.61;0
2002.08.05;45.08;23.72;0
2002.08.06;42.03;23.82;0
2002.08.07;38.73;23.90;0
2002.08.08;36.33;23.97;0
2002.08.09;35.33;24.04;0
2002.08.10;35.33;24.10;0
2002.08.11;35.33;24.16;0
2002.08.12;37.05;24.24;0
2002.08.13;35.82;24.32;0
2002.08.14;32.36;24.37;0
2002.08.15;29.43;24.41;0
2002.08.16;28.81;24.45;0
2002.08.17;28.81;24.48;0
2002.08.18;28.81;24.50;0
2002.08.19;28.61;24.54;0
2002.08.20;29.59;24.58;0
2002.08.21;28.23;24.62;0
2002.08.22;27.75;24.65;0
2002.08.23;29.32;24.67;0
2002.08.24;29.32;24.69;0
2002.08.25;29.32;24.71;0
2002.08.26;29.89;24.73;0
2002.08.27;30.11;24.77;0
2002.08.28;33.32;24.82;0
2002.08.29;33.67;24.87;0
2002.08.30;32.64;24.92;0
2002.08.31;32.64;24.98;0
2002.09.01;32.64;25.04;0
2002.09.02;32.64;25.09;0
2002.09.03;39.97;25.18;0
2002.09.04;37.44;25.26;0
2002.09.05;38.86;25.34;0
2002.09.06;36.33;25.41;0
2002.09.07;36.33;25.47;0
2002.09.08;36.33;25.54;0
2002.09.09;36.45;25.60;0
2002.09.10;35.08;25.66;0
2002.09.11;34.81;25.72;0
2002.09.12;37.50;25.79;0
2002.09.13;35.82;25.86;0
2002.09.14;35.82;25.93;0
2002.09.15;35.82;26.01;0
2002.09.16;36.74;26.08;0
2002.09.17;38.01;26.17;0
2002.09.18;37.52;26.26;0
2002.09.19;40.65;26.36;0
2002.09.20;38.98;26.46;0
2002.09.21;38.98;26.55;0
2002.09.22;38.98;26.64;0
2002.09.23;39.68;26.74;0
2002.09.24;40.52;26.85;0
2002.09.25;37.33;26.94;0
2002.09.26;34.60;27.02;0
2002.09.27;36.97;27.10;0
2002.09.28;36.97;27.19;0
2002.09.29;36.97;27.28;0
2002.09.30;39.69;27.38;0
2002.10.01;34.12;27.46;0
2002.10.02;36.83;27.55;0
2002.10.03;37.31;27.64;0
2002.10.04;39.46;27.75;0
2002.10.05;39.46;27.85;0
2002.10.06;39.46;27.96;0
2002.10.07;42.64;28.08;0
2002.10.08;41.02;28.20;0
2002.10.09;42.13;28.32;0
2002.10.10;37.55;28.42;0
2002.10.11;35.70;28.50;0
2002.10.12;35.70;28.59;0
2002.10.13;35.70;28.68;0
2002.10.14;36.04;28.77;0
2002.10.15;34.02;28.86;0
2002.10.16;36.00;28.95;0
2002.10.17;34.10;29.03;0
2002.10.18;33.53;29.11;0
2002.10.19;33.53;29.18;0
2002.10.20;33.53;29.25;0
2002.10.21;33.11;29.31;0
2002.10.22;34.09;29.39;0
2002.10.23;33.20;29.46;0
2002.10.24;34.03;29.53;0
2002.10.25;30.00;29.58;0
2002.10.26;30.00;29.64;0
2002.10.27;30.00;29.70;0
2002.10.28;31.07;29.75;0
2002.10.29;32.27;29.81;0
2002.10.30;31.23;29.87;0
2002.10.31;31.14;29.93;0
2002.11.01;29.30;29.98;1
2002.11.02;29.30;30.04;1
2002.11.03;29.30;30.09;1
2002.11.04;30.82;30.15;0
2002.11.05;31.23;30.21;0
2002.11.06;30.73;30.27;0
2002.11.07;31.42;30.34;0
2002.11.08;29.41;30.39;1
2002.11.09;29.41;30.43;1
2002.11.10;29.41;30.48;1
2002.11.11;31.30;30.53;0
2002.11.12;30.58;30.57;0
2002.11.13;31.24;30.62;0
2002.11.14;28.67;30.65;1
2002.11.15;26.65;30.66;1
2002.11.16;26.65;30.69;1
2002.11.17;26.65;30.72;1
2002.11.18;27.66;30.76;1
2002.11.19;27.41;30.79;1
2002.11.20;25.32;30.82;1
2002.11.21;23.81;30.84;1
2002.11.22;23.16;30.84;1
2002.11.23;23.16;30.85;1
2002.11.24;23.16;30.86;1
2002.11.25;24.07;30.87;1
2002.11.26;25.97;30.89;1
2002.11.27;27.25;30.91;1
2002.11.28;27.25;30.94;1
2002.11.29;27.50;30.97;1
2002.11.30;27.50;31.01;1
2002.12.01;27.50;31.05;1
2002.12.02;27.46;31.10;1
2002.12.03;28.33;31.15;1
2002.12.04;28.92;31.21;1
2002.12.05;30.10;31.27;1
2002.12.06;28.88;31.32;1
2002.12.07;28.88;31.36;1
2002.12.08;28.88;31.41;1
2002.12.09;30.78;31.47;1
2002.12.10;28.76;31.52;1
2002.12.11;27.76;31.57;1
2002.12.12;27.29;31.61;1
2002.12.13;28.18;31.65;1
2002.12.14;28.18;31.69;1
2002.12.15;28.18;31.73;1
2002.12.16;26.24;31.76;1
2002.12.17;26.66;31.79;1
2002.12.18;28.29;31.84;1
2002.12.19;30.21;31.89;1
2002.12.20;26.71;31.90;1
2002.12.21;26.71;31.92;1
2002.12.22;26.71;31.94;1
2002.12.23;26.20;31.95;1
2002.12.24;26.49;31.96;1
2002.12.25;26.49;31.98;1
2002.12.26;27.37;32.00;1
2002.12.27;29.55;32.03;1
2002.12.28;29.55;32.05;1
2002.12.29;29.55;32.08;1
2002.12.30;29.62;32.10;1
2002.12.31;28.62;32.11;1
2003.01.01;28.62;32.13;1
2003.01.02;25.39;32.13;1
2003.01.03;24.68;32.13;1
2003.01.04;24.68;32.13;1
2003.01.05;24.68;32.12;1
2003.01.06;24.91;32.11;1
2003.01.07;25.13;32.10;1
2003.01.08;25.53;32.09;1
2003.01.09;24.25;32.07;1
2003.01.10;24.32;32.06;1
2003.01.11;24.32;32.04;1
2003.01.12;24.32;32.02;1
2003.01.13;24.90;32.02;1
2003.01.14;24.57;32.01;1
2003.01.15;25.51;32.01;1
2003.01.16;25.01;32.01;1
2003.01.17;25.70;32.00;1
2003.01.18;25.70;31.99;1
2003.01.19;25.70;31.97;1
2003.01.20;25.70;31.95;1
2003.01.21;27.59;31.95;1
2003.01.22;29.01;31.96;1
2003.01.23;27.53;31.96;1
2003.01.24;31.51;31.98;1
2003.01.25;31.51;31.99;1
2003.01.26;31.51;31.97;1
2003.01.27;34.69;31.98;0
2003.01.28;31.93;31.97;1
2003.01.29;31.26;31.96;1
2003.01.30;31.32;31.96;1
2003.01.31;31.17;31.94;1
2003.02.01;31.17;31.91;1
2003.02.02;31.17;31.89;1
2003.02.03;31.02;31.87;1
2003.02.04;32.76;31.84;0
2003.02.05;33.04;31.81;0
2003.02.06;33.35;31.79;0
2003.02.07;34.01;31.75;0
2003.02.08;34.01;31.70;0
2003.02.09;34.01;31.67;0
2003.02.10;33.99;31.64;0
2003.02.11;33.68;31.63;0
2003.02.12;34.33;31.63;0
2003.02.13;33.70;31.62;0
2003.02.14;32.62;31.62;0
2003.02.15;32.62;31.63;0
2003.02.16;32.62;31.63;0
2003.02.17;32.62;31.61;0
2003.02.18;31.11;31.56;1
2003.02.19;31.31;31.51;1
2003.02.20;31.16;31.46;1
2003.02.21;30.25;31.38;1
2003.02.22;30.25;31.32;1
2003.02.23;30.25;31.28;1
2003.02.24;31.98;31.26;0
2003.02.25;31.74;31.24;0
2003.02.26;31.94;31.22;0
2003.02.27;30.53;31.20;1
2003.02.28;29.63;31.16;1
2003.03.01;29.63;31.13;1
2003.03.02;29.63;31.12;1
2003.03.03;30.43;31.12;1
2003.03.04;31.83;31.14;0
2003.03.05;30.38;31.15;1
2003.03.06;31.37;31.16;0
2003.03.07;31.08;31.17;1
2003.03.08;31.08;31.18;1
2003.03.09;31.08;31.19;1
2003.03.10;33.31;31.22;0
2003.03.11;33.61;31.24;0
2003.03.12;33.51;31.26;0
2003.03.13;31.76;31.28;0
2003.03.14;30.98;31.28;1
2003.03.15;30.98;31.29;1
2003.03.16;30.98;31.27;1
2003.03.17;31.75;31.26;0
2003.03.18;30.43;31.25;1
2003.03.19;31.54;31.25;0
2003.03.20;30.44;31.24;1
2003.03.21;28.67;31.22;1
2003.03.22;28.67;31.16;1
2003.03.23;28.67;31.12;1
2003.03.24;30.39;31.07;1
2003.03.25;28.75;31.04;1
2003.03.26;28.23;31.00;1
2003.03.27;27.96;30.95;1
2003.03.28;27.75;30.91;1
2003.03.29;27.75;30.87;1
2003.03.30;27.75;30.84;1
2003.03.31;29.15;30.80;1
2003.04.01;28.36;30.76;1
2003.04.02;28.02;30.72;1
2003.04.03;28.21;30.68;1
2003.04.04;29.13;30.64;1
2003.04.05;29.13;30.60;1
2003.04.06;29.13;30.56;1
2003.04.07;28.45;30.50;1
2003.04.08;27.13;30.44;1
2003.04.09;27.11;30.38;1
2003.04.10;25.60;30.31;1
2003.04.11;24.44;30.24;1
2003.04.12;24.44;30.16;1
2003.04.13;24.44;30.09;1
2003.04.14;23.41;30.03;1
2003.04.15;22.56;29.96;1
2003.04.16;22.52;29.89;1
2003.04.17;21.50;29.81;1
2003.04.18;21.50;29.72;1
2003.04.19;21.50;29.66;1
2003.04.20;21.50;29.58;1
2003.04.21;21.95;29.51;1
2003.04.22;20.70;29.41;1
2003.04.23;20.80;29.32;1
2003.04.24;20.33;29.22;1
2003.04.25;20.80;29.11;1
2003.04.26;20.80;29.01;1
2003.04.27;20.80;28.91;1
2003.04.28;20.84;28.82;1
2003.04.29;20.76;28.75;1
2003.04.30;21.21;28.68;1
2003.05.01;21.59;28.60;1
2003.05.02;20.63;28.53;1
2003.05.03;20.63;28.46;1
2003.05.04;20.63;28.38;1
2003.05.05;21.13;28.32;1
2003.05.06;20.80;28.26;1
2003.05.07;21.00;28.19;1
2003.05.08;21.24;28.13;1
2003.05.09;19.69;28.06;1
2003.05.10;19.69;27.99;1
2003.05.11;19.69;27.92;1
2003.05.12;19.52;27.85;1
2003.05.13;19.91;27.80;1
2003.05.14;20.00;27.75;1
2003.05.15;19.24;27.70;1
2003.05.16;18.40;27.63;1
2003.05.17;18.40;27.57;1
2003.05.18;18.40;27.50;1
2003.05.19;20.51;27.45;1
2003.05.20;21.29;27.41;1
2003.05.21;21.21;27.37;1
2003.05.22;19.78;27.32;1
2003.05.23;19.17;27.26;1
2003.05.24;19.17;27.20;1
2003.05.25;19.17;27.14;1
2003.05.26;19.17;27.08;1
2003.05.27;19.99;27.04;1
2003.05.28;20.03;26.99;1
2003.05.29;20.43;26.94;1
2003.05.30;19.47;26.88;1
2003.05.31;19.47;26.83;1
2003.06.01;19.47;26.77;1
2003.06.02;20.85;26.73;1
2003.06.03;20.84;26.70;1
2003.06.04;20.62;26.67;1
2003.06.05;20.83;26.64;1
2003.06.06;21.25;26.61;1
2003.06.07;21.25;26.58;1
2003.06.08;21.25;26.56;1
2003.06.09;22.15;26.55;1
2003.06.10;20.64;26.54;1
2003.06.11;20.21;26.52;1
2003.06.12;20.41;26.51;1
2003.06.13;20.66;26.49;1
2003.06.14;20.66;26.47;1
2003.06.15;20.66;26.43;1
2003.06.16;20.22;26.40;1
2003.06.17;20.01;26.36;1
2003.06.18;19.76;26.32;1
2003.06.19;19.80;26.28;1
2003.06.20;19.14;26.24;1
2003.06.21;19.14;26.20;1
2003.06.22;19.14;26.15;1
2003.06.23;20.58;26.10;1
2003.06.24;20.75;26.06;1
2003.06.25;20.81;26.02;1
2003.06.26;19.40;25.97;1
2003.06.27;19.16;25.91;1
2003.06.28;19.16;25.86;1
2003.06.29;19.16;25.82;1
2003.06.30;19.52;25.78;1
2003.07.01;19.46;25.74;1
2003.07.02;19.03;25.69;1
2003.07.03;19.39;25.65;1
2003.07.04;19.39;25.62;1
2003.07.05;19.39;25.58;1
2003.07.06;19.39;25.53;1
2003.07.07;20.06;25.48;1
2003.07.08;19.48;25.45;1
2003.07.09;18.93;25.41;1
2003.07.10;19.19;25.37;1
2003.07.11;18.47;25.33;1
2003.07.12;18.47;25.29;1
2003.07.13;18.47;25.25;1
2003.07.14;19.59;25.21;1
2003.07.15;19.55;25.16;1
2003.07.16;19.76;25.11;1
2003.07.17;20.22;25.07;1
2003.07.18;19.11;25.02;1
2003.07.19;19.11;24.97;1
2003.07.20;19.11;24.92;1
2003.07.21;19.78;24.89;1
2003.07.22;19.17;24.86;1
2003.07.23;18.64;24.83;1
2003.07.24;18.60;24.80;1
2003.07.25;17.75;24.77;1
2003.07.26;17.75;24.73;1
2003.07.27;17.75;24.69;1
2003.07.28;18.36;24.66;1
2003.07.29;18.67;24.63;1
2003.07.30;18.85;24.61;1
2003.07.31;19.49;24.58;1
2003.08.01;20.75;24.56;1
2003.08.02;20.75;24.54;1
2003.08.03;20.75;24.52;1
2003.08.04;21.27;24.50;1
2003.08.05;22.68;24.49;1
2003.08.06;21.50;24.46;1
2003.08.07;20.26;24.44;1
2003.08.08;19.59;24.41;1
2003.08.09;19.59;24.37;1
2003.08.10;19.59;24.32;1
2003.08.11;19.75;24.28;1
2003.08.12;17.94;24.21;1
2003.08.13;18.77;24.15;1
2003.08.14;18.47;24.08;1
2003.08.15;18.27;24.00;1
2003.08.16;18.27;23.93;1
2003.08.17;18.27;23.87;1
2003.08.18;18.18;23.80;1
2003.08.19;17.86;23.74;1
2003.08.20;17.82;23.67;1
2003.08.21;17.84;23.60;1
2003.08.22;18.55;23.54;1
2003.08.23;18.55;23.47;1
2003.08.24;18.55;23.40;1
2003.08.25;19.53;23.33;1
2003.08.26;19.49;23.26;1
2003.08.27;19.13;23.18;1
2003.08.28;18.48;23.10;1
2003.08.29;18.63;23.03;1
2003.08.30;18.63;22.95;1
2003.08.31;18.63;22.87;1
2003.09.01;18.63;22.80;1
2003.09.02;19.02;22.73;1
2003.09.03;19.44;22.66;1
2003.09.04;18.71;22.59;1
2003.09.05;18.17;22.52;1
2003.09.06;18.17;22.46;1
2003.09.07;18.17;22.39;1
2003.09.08;18.26;22.33;1
2003.09.09;18.85;22.27;1
2003.09.10;20.01;22.22;1
2003.09.11;19.25;22.16;1
2003.09.12;18.68;22.10;1
2003.09.13;18.68;22.03;1
2003.09.14;18.68;21.97;1
2003.09.15;19.28;21.91;1
2003.09.16;18.03;21.85;1
2003.09.17;18.15;21.79;1
2003.09.18;17.57;21.73;1
2003.09.19;17.54;21.67;1
2003.09.20;17.54;21.60;1
2003.09.21;17.54;21.53;1
2003.09.22;19.65;21.48;1
2003.09.23;19.47;21.42;1
2003.09.24;21.22;21.37;1
2003.09.25;22.26;21.32;0
2003.09.26;22.23;21.27;0
2003.09.27;22.23;21.21;0
2003.09.28;22.23;21.15;0
2003.09.29;21.67;21.10;0
2003.09.30;22.72;21.06;0
2003.10.01;21.07;21.01;0
2003.10.02;20.80;20.96;1
2003.10.03;19.50;20.90;1
2003.10.04;19.50;20.85;1
2003.10.05;19.50;20.79;1
2003.10.06;19.51;20.73;1
2003.10.07;19.41;20.69;1
2003.10.08;19.18;20.64;1
2003.10.09;18.82;20.59;1
2003.10.10;18.45;20.53;1
2003.10.11;18.45;20.48;1
2003.10.12;18.45;20.43;1
2003.10.13;17.55;20.38;1
2003.10.14;17.37;20.32;1
2003.10.15;17.69;20.27;1
2003.10.16;17.19;20.22;1
2003.10.17;17.62;20.16;1
2003.10.18;17.62;20.11;1
2003.10.19;17.62;20.06;1
2003.10.20;17.04;20.00;1
2003.10.21;16.55;19.94;1
2003.10.22;17.67;19.88;1
2003.10.23;17.68;19.83;1
2003.10.24;17.71;19.77;1
2003.10.25;17.71;19.72;1
2003.10.26;17.71;19.68;1
2003.10.27;18.05;19.64;1
2003.10.28;16.82;19.60;1
2003.10.29;16.43;19.56;1
2003.10.30;16.33;19.52;1
2003.10.31;16.10;19.48;1
2003.11.01;16.10;19.45;1
2003.11.02;16.10;19.42;1
2003.11.03;16.55;19.40;1
2003.11.04;16.55;19.37;1
2003.11.05;16.86;19.35;1
2003.11.06;16.74;19.32;1
2003.11.07;16.93;19.30;1
2003.11.08;16.93;19.28;1
2003.11.09;16.93;19.26;1
2003.11.10;17.62;19.25;1
2003.11.11;17.54;19.23;1
2003.11.12;16.75;19.21;1
2003.11.13;16.47;19.19;1
2003.11.14;16.94;19.17;1
2003.11.15;16.94;19.15;1
2003.11.16;16.94;19.13;1
2003.11.17;18.60;19.11;1
2003.11.18;19.11;19.11;0
2003.11.19;18.80;19.10;1
2003.11.20;19.48;19.09;0
2003.11.21;18.98;19.08;1
2003.11.22;18.98;19.07;1
2003.11.23;18.98;19.06;1
2003.11.24;17.44;19.04;1
2003.11.25;16.71;19.03;1
2003.11.26;16.23;19.01;1
2003.11.27;16.23;18.99;1
2003.11.28;16.32;18.98;1
2003.11.29;16.32;18.96;1
2003.11.30;16.32;18.94;1
2003.12.01;16.77;18.93;1
2003.12.02;16.27;18.92;1
2003.12.03;16.63;18.91;1
2003.12.04;16.30;18.90;1
2003.12.05;17.09;18.88;1
2003.12.06;17.09;18.86;1
2003.12.07;17.09;18.84;1
2003.12.08;16.54;18.82;1
2003.12.09;17.63;18.82;1
2003.12.10;17.87;18.81;1
2003.12.11;16.73;18.80;1
2003.12.12;16.41;18.78;1
2003.12.13;16.41;18.76;1
2003.12.14;16.41;18.75;1
2003.12.15;17.23;18.73;1
2003.12.16;15.93;18.71;1
2003.12.17;15.58;18.69;1
2003.12.18;16.16;18.68;1
2003.12.19;16.42;18.65;1
2003.12.20;16.42;18.63;1
2003.12.21;16.42;18.61;1
2003.12.22;16.94;18.59;1
2003.12.23;16.49;18.57;1
2003.12.24;16.66;18.55;1
2003.12.25;16.66;18.52;1
2003.12.26;17.45;18.50;1
2003.12.27;17.45;18.48;1
2003.12.28;17.45;18.47;1
2003.12.29;17.09;18.45;1
2003.12.30;17.68;18.44;1
2003.12.31;18.31;18.43;1
2004.01.01;18.31;18.41;1
2004.01.02;18.22;18.40;1
2004.01.03;18.22;18.40;1
2004.01.04;18.22;18.39;1
2004.01.05;17.49;18.38;1
2004.01.06;16.73;18.36;1
2004.01.07;15.50;18.35;1
2004.01.08;15.61;18.33;1
2004.01.09;16.75;18.31;1
2004.01.10;16.75;18.29;1
2004.01.11;16.75;18.27;1
2004.01.12;16.82;18.26;1
2004.01.13;18.04;18.25;1
2004.01.14;16.75;18.24;1
2004.01.15;15.56;18.22;1
2004.01.16;15.00;18.20;1
2004.01.17;15.00;18.18;1
2004.01.18;15.00;18.16;1
2004.01.19;15.00;18.13;1
2004.01.20;15.21;18.11;1
2004.01.21;14.34;18.09;1
2004.01.22;14.71;18.06;1
2004.01.23;14.84;18.04;1
2004.01.24;14.84;18.01;1
2004.01.25;14.84;17.99;1
2004.01.26;14.55;17.97;1
2004.01.27;15.35;17.96;1
2004.01.28;16.78;17.95;1
2004.01.29;17.14;17.94;1
2004.01.30;16.63;17.93;1
2004.01.31;16.63;17.91;1
2004.02.01;16.63;17.90;1
2004.02.02;17.11;17.88;1
2004.02.03;17.34;17.87;1
2004.02.04;17.87;17.86;0
2004.02.05;17.71;17.86;1
2004.02.06;16.00;17.84;1
2004.02.07;16.00;17.82;1
2004.02.08;16.00;17.81;1
2004.02.09;16.39;17.80;1
2004.02.10;15.94;17.79;1
2004.02.11;15.39;17.78;1
2004.02.12;15.31;17.77;1
2004.02.13;15.58;17.75;1
2004.02.14;15.58;17.74;1
2004.02.15;15.58;17.72;1
2004.02.16;15.58;17.70;1
2004.02.17;15.40;17.67;1
2004.02.18;15.59;17.65;1
2004.02.19;15.80;17.62;1
2004.02.20;16.04;17.60;1
2004.02.21;16.04;17.56;1
2004.02.22;16.04;17.54;1
2004.02.23;16.29;17.52;1
2004.02.24;15.90;17.50;1
2004.02.25;14.93;17.47;1
2004.02.26;14.83;17.45;1
2004.02.27;14.55;17.42;1
2004.02.28;14.55;17.41;1
2004.02.29;14.55;17.39;1
2004.03.01;14.44;17.37;1
2004.03.02;14.86;17.35;1
2004.03.03;14.55;17.33;1
2004.03.04;14.40;17.31;1
2004.03.05;14.48;17.29;1
2004.03.06;14.48;17.28;1
2004.03.07;14.48;17.26;1
2004.03.08;15.79;17.25;1
2004.03.09;16.60;17.24;1
2004.03.10;18.67;17.24;0
2004.03.11;20.67;17.25;0
2004.03.12;18.30;17.24;0
2004.03.13;18.30;17.24;0
2004.03.14;18.30;17.23;0
2004.03.15;21.13;17.25;0
2004.03.16;20.34;17.26;0
2004.03.17;18.11;17.25;0
2004.03.18;18.53;17.25;0
2004.03.19;19.15;17.26;0
2004.03.20;19.15;17.26;0
2004.03.21;19.15;17.26;0
2004.03.22;21.58;17.27;0
2004.03.23;20.67;17.28;0
2004.03.24;19.81;17.29;0
2004.03.25;17.88;17.29;0
2004.03.26;17.33;17.28;0
2004.03.27;17.33;17.28;0
2004.03.28;17.33;17.26;0
2004.03.29;16.50;17.25;1
2004.03.30;16.28;17.24;1
2004.03.31;16.74;17.23;1
2004.04.01;16.65;17.22;1
2004.04.02;15.64;17.20;1
2004.04.03;15.64;17.19;1
2004.04.04;15.64;17.17;1
2004.04.05;14.97;17.16;1
2004.04.06;15.32;17.15;1
2004.04.07;15.76;17.14;1
2004.04.08;16.26;17.14;1
2004.04.09;16.26;17.12;1
2004.04.10;16.26;17.10;1
2004.04.11;16.26;17.08;1
2004.04.12;15.28;17.04;1
2004.04.13;17.26;17.02;0
2004.04.14;15.62;16.98;1
2004.04.15;15.74;16.95;1
2004.04.16;14.94;16.92;1
2004.04.17;14.94;16.88;1
2004.04.18;14.94;16.85;1
2004.04.19;15.42;16.82;1
2004.04.20;16.67;16.81;1
2004.04.21;15.60;16.79;1
2004.04.22;14.61;16.76;1
2004.04.23;14.01;16.74;1
2004.04.24;14.01;16.71;1
2004.04.25;14.01;16.68;1
2004.04.26;14.77;16.66;1
2004.04.27;15.07;16.65;1
2004.04.28;16.29;16.64;1
2004.04.29;16.60;16.63;1
2004.04.30;17.19;16.62;0
2004.05.01;17.19;16.62;0
2004.05.02;17.19;16.62;0
2004.05.03;16.62;16.62;0
2004.05.04;16.55;16.61;1
2004.05.05;15.77;16.60;1
2004.05.06;17.05;16.60;0
2004.05.07;18.13;16.61;0
2004.05.08;18.13;16.61;0
2004.05.09;18.13;16.62;0
2004.05.10;19.77;16.63;0
2004.05.11;18.57;16.63;0
2004.05.12;18.14;16.63;0
2004.05.13;18.86;16.64;0
2004.05.14;18.47;16.64;0
2004.05.15;18.47;16.65;0
2004.05.16;18.47;16.66;0
2004.05.17;19.96;16.68;0
2004.05.18;19.33;16.69;0
2004.05.19;18.93;16.71;0
2004.05.20;18.67;16.72;0
2004.05.21;18.49;16.73;0
2004.05.22;18.49;16.74;0
2004.05.23;18.49;16.75;0
2004.05.24;18.08;16.76;0
2004.05.25;15.96;16.75;1
2004.05.26;15.97;16.75;1
2004.05.27;15.28;16.74;1
2004.05.28;15.50;16.73;1
2004.05.29;15.50;16.72;1
2004.05.30;15.50;16.71;1
2004.05.31;15.50;16.71;1
2004.06.01;16.30;16.70;1
2004.06.02;16.08;16.70;1
2004.06.03;17.03;16.70;0
2004.06.04;16.78;16.69;0
2004.06.05;16.78;16.68;0
2004.06.06;16.78;16.67;0
2004.06.07;15.39;16.65;1
2004.06.08;15.01;16.63;1
2004.06.09;15.39;16.61;1
2004.06.10;15.04;16.59;1
2004.06.11;15.04;16.58;1
2004.06.12;15.04;16.57;1
2004.06.13;15.04;16.56;1
2004.06.14;16.07;16.56;1
2004.06.15;15.05;16.56;1
2004.06.16;14.79;16.55;1
2004.06.17;15.15;16.54;1
2004.06.18;14.99;16.53;1
2004.06.19;14.99;16.53;1
2004.06.20;14.99;16.52;1
2004.06.21;15.26;16.51;1
2004.06.22;14.31;16.50;1
2004.06.23;13.98;16.48;1
2004.06.24;14.81;16.47;1
2004.06.25;15.19;16.47;1
2004.06.26;15.19;16.45;1
2004.06.27;15.19;16.44;1
2004.06.28;16.07;16.44;1
2004.06.29;15.47;16.43;1
2004.06.30;14.34;16.42;1
2004.07.01;15.20;16.42;1
2004.07.02;15.08;16.41;1
2004.07.03;15.08;16.40;1
2004.07.04;15.08;16.40;1
2004.07.05;15.08;16.39;1
2004.07.06;16.25;16.39;1
2004.07.07;15.81;16.39;1
2004.07.08;16.20;16.39;1
2004.07.09;15.78;16.38;1
2004.07.10;15.78;16.38;1
2004.07.11;15.78;16.37;1
2004.07.12;14.96;16.37;1
2004.07.13;14.46;16.35;1
2004.07.14;13.76;16.33;1
2004.07.15;14.71;16.32;1
2004.07.16;14.34;16.31;1
2004.07.17;14.34;16.29;1
2004.07.18;14.34;16.27;1
2004.07.19;15.17;16.25;1
2004.07.20;14.17;16.23;1
2004.07.21;16.41;16.22;0
2004.07.22;15.75;16.21;1
2004.07.23;16.50;16.21;0
2004.07.24;16.50;16.21;0
2004.07.25;16.50;16.21;0
2004.07.26;17.30;16.22;0
2004.07.27;16.55;16.22;0
2004.07.28;16.15;16.21;1
2004.07.29;15.68;16.21;1
2004.07.30;15.32;16.20;1
2004.07.31;15.32;16.19;1
2004.08.01;15.32;16.18;1
2004.08.02;15.37;16.18;1
2004.08.03;16.03;16.19;1
2004.08.04;16.21;16.19;0
2004.08.05;18.32;16.21;0
2004.08.06;19.34;16.23;0
2004.08.07;19.34;16.25;0
2004.08.08;19.34;16.28;0
2004.08.09;18.89;16.30;0
2004.08.10;17.47;16.31;0
2004.08.11;18.04;16.33;0
2004.08.12;19.08;16.35;0
2004.08.13;17.98;16.36;0
2004.08.14;17.98;16.38;0
2004.08.15;17.98;16.38;0
2004.08.16;17.57;16.39;0
2004.08.17;17.02;16.39;0
2004.08.18;16.23;16.39;1
2004.08.19;16.96;16.39;0
2004.08.20;16.00;16.38;1
2004.08.21;16.00;16.37;1
2004.08.22;16.00;16.37;1
2004.08.23;15.88;16.36;1
2004.08.24;15.33;16.35;1
2004.08.25;14.98;16.35;1
2004.08.26;14.91;16.34;1
2004.08.27;14.71;16.33;1
2004.08.28;14.71;16.33;1
2004.08.29;14.71;16.32;1
2004.08.30;15.44;16.32;1
2004.08.31;15.29;16.32;1
2004.09.01;14.91;16.32;1
2004.09.02;14.28;16.31;1
2004.09.03;13.91;16.31;1
2004.09.04;13.91;16.30;1
2004.09.05;13.91;16.29;1
2004.09.06;13.91;16.28;1
2004.09.07;14.07;16.27;1
2004.09.08;14.06;16.26;1
2004.09.09;14.01;16.25;1
2004.09.10;13.76;16.24;1
2004.09.11;13.76;16.23;1
2004.09.12;13.76;16.22;1
2004.09.13;13.17;16.21;1
2004.09.14;13.56;16.21;1
2004.09.15;14.64;16.21;1
2004.09.16;14.39;16.21;1
2004.09.17;14.03;16.21;1
2004.09.18;14.03;16.20;1
2004.09.19;14.03;16.20;1
2004.09.20;14.43;16.20;1
2004.09.21;13.66;16.19;1
2004.09.22;14.74;16.20;1
2004.09.23;14.80;16.20;1
2004.09.24;14.28;16.19;1
2004.09.25;14.28;16.18;1
2004.09.26;14.28;16.16;1
2004.09.27;14.62;16.13;1
2004.09.28;13.83;16.10;1
2004.09.29;13.21;16.08;1
2004.09.30;13.34;16.05;1
2004.10.01;12.75;16.01;1
2004.10.02;12.75;15.97;1
2004.10.03;12.75;15.95;1
2004.10.04;13.41;15.92;1
2004.10.05;13.95;15.90;1
2004.10.06;13.28;15.87;1
2004.10.07;14.50;15.84;1
2004.10.08;15.05;15.81;1
2004.10.09;15.05;15.78;1
2004.10.10;15.05;15.76;1
2004.10.11;14.71;15.74;1
2004.10.12;15.05;15.73;1
2004.10.13;15.42;15.72;1
2004.10.14;16.43;15.72;0
2004.10.15;15.04;15.71;1
2004.10.16;15.04;15.70;1
2004.10.17;15.04;15.69;1
2004.10.18;14.71;15.69;1
2004.10.19;15.13;15.68;1
2004.10.20;14.85;15.68;1
2004.10.21;14.54;15.67;1
2004.10.22;15.28;15.67;1
2004.10.23;15.28;15.67;1
2004.10.24;15.28;15.67;1
2004.10.25;16.58;15.67;0
2004.10.26;16.39;15.67;0
2004.10.27;15.72;15.67;0
2004.10.28;15.39;15.67;1
2004.10.29;16.27;15.67;0
2004.10.30;16.27;15.67;0
2004.10.31;16.27;15.67;0
2004.11.01;16.27;15.67;0
2004.11.02;16.18;15.68;0
2004.11.03;14.04;15.67;1
2004.11.04;13.97;15.67;1
2004.11.05;13.84;15.66;1
2004.11.06;13.84;15.65;1
2004.11.07;13.84;15.64;1
2004.11.08;13.80;15.64;1
2004.11.09;13.61;15.63;1
2004.11.10;13.08;15.63;1
2004.11.11;13.04;15.62;1
2004.11.12;13.33;15.62;1
2004.11.13;13.33;15.61;1
2004.11.14;13.33;15.59;1
2004.11.15;13.38;15.58;1
2004.11.16;13.21;15.56;1
2004.11.17;13.21;15.54;1
2004.11.18;12.98;15.52;1
2004.11.19;13.50;15.50;1
2004.11.20;13.50;15.49;1
2004.11.21;13.50;15.47;1
2004.11.22;12.97;15.45;1
2004.11.23;12.67;15.43;1
2004.11.24;12.72;15.40;1
2004.11.25;12.72;15.37;1
2004.11.26;12.78;15.34;1
2004.11.27;12.78;15.31;1
2004.11.28;12.78;15.28;1
2004.11.29;13.30;15.25;1
2004.11.30;13.24;15.23;1
2004.12.01;12.97;15.20;1
2004.12.02;12.98;15.17;1
2004.12.03;12.96;15.14;1
2004.12.04;12.96;15.11;1
2004.12.05;12.96;15.08;1
2004.12.06;13.19;15.05;1
2004.12.07;13.67;15.02;1
2004.12.08;13.19;15.00;1
2004.12.09;12.88;14.97;1
2004.12.10;12.76;14.94;1
2004.12.11;12.76;14.93;1
2004.12.12;12.76;14.91;1
2004.12.13;12.54;14.90;1
2004.12.14;12.73;14.88;1
2004.12.15;12.35;14.87;1
2004.12.16;12.27;14.85;1
2004.12.17;11.95;14.83;1
2004.12.18;11.95;14.81;1
2004.12.19;11.95;14.79;1
2004.12.20;11.83;14.77;1
2004.12.21;11.55;14.74;1
2004.12.22;11.45;14.71;1
2004.12.23;11.23;14.68;1
2004.12.24;11.23;14.66;1
2004.12.25;11.23;14.65;1
2004.12.26;11.23;14.62;1
2004.12.27;12.14;14.61;1
2004.12.28;12.00;14.59;1
2004.12.29;11.62;14.58;1
2004.12.30;12.56;14.57;1
2004.12.31;13.29;14.55;1
2005.01.01;13.29;14.54;1
2005.01.02;13.29;14.53;1
2005.01.03;14.08;14.53;1
2005.01.04;13.98;14.52;1
2005.01.05;14.09;14.52;1
2005.01.06;13.58;14.51;1
2005.01.07;13.49;14.50;1
2005.01.08;13.49;14.50;1
2005.01.09;13.49;14.50;1
2005.01.10;13.23;14.49;1
2005.01.11;13.19;14.48;1
2005.01.12;12.56;14.47;1
2005.01.13;12.84;14.45;1
2005.01.14;12.43;14.44;1
2005.01.15;12.43;14.42;1
2005.01.16;12.43;14.41;1
2005.01.17;12.43;14.40;1
2005.01.18;12.47;14.38;1
2005.01.19;13.18;14.38;1
2005.01.20;13.83;14.37;1
2005.01.21;14.36;14.37;1
2005.01.22;14.36;14.36;0
2005.01.23;14.36;14.35;0
2005.01.24;14.65;14.34;0
2005.01.25;14.06;14.33;1
2005.01.26;13.44;14.32;1
2005.01.27;13.24;14.31;1
2005.01.28;13.24;14.30;1
2005.01.29;13.24;14.29;1
2005.01.30;13.24;14.29;1
2005.01.31;12.82;14.28;1
2005.02.01;12.03;14.27;1
2005.02.02;11.66;14.26;1
2005.02.03;11.79;14.24;1
2005.02.04;11.21;14.22;1
2005.02.05;11.21;14.21;1
2005.02.06;11.21;14.18;1
2005.02.07;11.73;14.16;1
2005.02.08;11.60;14.14;1
2005.02.09;12.00;14.12;1
2005.02.10;11.51;14.09;1
2005.02.11;11.43;14.06;1
2005.02.12;11.43;14.04;1
2005.02.13;11.43;14.01;1
2005.02.14;11.52;13.99;1
2005.02.15;11.27;13.97;1
2005.02.16;11.10;13.95;1
2005.02.17;11.77;13.93;1
2005.02.18;11.18;13.91;1
2005.02.19;11.18;13.89;1
2005.02.20;11.18;13.86;1
2005.02.21;11.18;13.83;1
2005.02.22;13.14;13.80;1
2005.02.23;12.39;13.76;1
2005.02.24;11.57;13.72;1
2005.02.25;11.49;13.68;1
2005.02.26;11.49;13.65;1
2005.02.27;11.49;13.62;1
2005.02.28;12.08;13.59;1
2005.03.01;12.04;13.56;1
2005.03.02;12.50;13.53;1
2005.03.03;12.93;13.50;1
2005.03.04;11.94;13.48;1
2005.03.05;11.94;13.45;1
2005.03.06;11.94;13.43;1
2005.03.07;12.26;13.41;1
2005.03.08;12.40;13.39;1
2005.03.09;12.70;13.37;1
2005.03.10;12.49;13.35;1
2005.03.11;12.80;13.34;1
2005.03.12;12.80;13.33;1
2005.03.13;12.80;13.32;1
2005.03.14;12.39;13.30;1
2005.03.15;13.15;13.29;1
2005.03.16;13.49;13.29;0
2005.03.17;13.29;13.28;0
2005.03.18;13.14;13.27;1
2005.03.19;13.14;13.26;1
2005.03.20;13.14;13.25;1
2005.03.21;13.61;13.25;0
2005.03.22;14.27;13.25;0
2005.03.23;14.06;13.25;0
2005.03.24;13.42;13.25;0
2005.03.25;13.42;13.24;0
2005.03.26;13.42;13.24;0
2005.03.27;13.42;13.24;0
2005.03.28;13.75;13.24;0
2005.03.29;14.49;13.24;0
2005.03.30;13.64;13.24;0
2005.03.31;14.02;13.24;0
2005.04.01;14.09;13.25;0
2005.04.02;14.09;13.25;0
2005.04.03;14.09;13.25;0
2005.04.04;14.11;13.24;0
2005.04.05;13.68;13.24;0
2005.04.06;13.15;13.24;1
2005.04.07;12.33;13.23;1
2005.04.08;12.62;13.22;1
2005.04.09;12.62;13.22;1
2005.04.10;12.62;13.21;1
2005.04.11;11.98;13.19;1
2005.04.12;11.30;13.18;1
2005.04.13;13.31;13.17;0
2005.04.14;14.53;13.17;0
2005.04.15;17.74;13.19;0
2005.04.16;17.74;13.21;0
2005.04.17;17.74;13.23;0
2005.04.18;16.56;13.25;0
2005.04.19;14.96;13.26;0
2005.04.20;16.92;13.28;0
2005.04.21;14.41;13.29;0
2005.04.22;15.38;13.30;0
2005.04.23;15.38;13.30;0
2005.04.24;15.38;13.31;0
2005.04.25;14.62;13.31;0
2005.04.26;14.91;13.31;0
2005.04.27;14.87;13.31;0
2005.04.28;16.86;13.32;0
2005.04.29;15.31;13.33;0
2005.04.30;15.31;13.33;0
2005.05.01;15.31;13.33;0
2005.05.02;15.12;13.32;0
2005.05.03;14.53;13.32;0
2005.05.04;13.85;13.31;0
2005.05.05;13.98;13.31;0
2005.05.06;14.05;13.30;0
2005.05.07;14.05;13.30;0
2005.05.08;14.05;13.29;0
2005.05.09;13.75;13.29;0
2005.05.10;14.91;13.29;0
2005.05.11;14.45;13.28;0
2005.05.12;16.12;13.29;0
2005.05.13;16.32;13.29;0
2005.05.14;16.32;13.29;0
2005.05.15;16.32;13.29;0
2005.05.16;15.68;13.29;0
2005.05.17;14.57;13.28;0
2005.05.18;13.63;13.27;0
2005.05.19;13.32;13.25;0
2005.05.20;13.14;13.24;1
2005.05.21;13.14;13.22;1
2005.05.22;13.14;13.22;1
2005.05.23;12.95;13.21;1
2005.05.24;12.69;13.21;1
2005.05.25;12.58;13.20;1
2005.05.26;12.24;13.19;1
2005.05.27;12.15;13.18;1
2005.05.28;12.15;13.18;1
2005.05.29;12.15;13.17;1
2005.05.30;12.15;13.17;1
2005.05.31;13.29;13.17;0
2005.06.01;12.36;13.16;1
2005.06.02;11.84;13.16;1
2005.06.03;12.15;13.15;1
2005.06.04;12.15;13.14;1
2005.06.05;12.15;13.14;1
2005.06.06;12.28;13.14;1
2005.06.07;12.39;13.13;1
2005.06.08;12.70;13.13;1
2005.06.09;12.08;13.12;1
2005.06.10;11.96;13.11;1
2005.06.11;11.96;13.11;1
2005.06.12;11.96;13.11;1
2005.06.13;11.65;13.10;1
2005.06.14;11.79;13.10;1
2005.06.15;11.46;13.09;1
2005.06.16;11.15;13.08;1
2005.06.17;11.48;13.07;1
2005.06.18;11.48;13.06;1
2005.06.19;11.48;13.06;1
2005.06.20;11.47;13.05;1
2005.06.21;11.08;13.04;1
2005.06.22;11.05;13.03;1
2005.06.23;12.13;13.03;1
2005.06.24;12.18;13.02;1
2005.06.25;12.18;13.01;1
2005.06.26;12.18;13.01;1
2005.06.27;12.52;13.01;1
2005.06.28;11.58;13.00;1
2005.06.29;11.77;13.00;1
2005.06.30;12.04;12.99;1
2005.07.01;11.40;12.99;1
2005.07.02;11.40;12.98;1
2005.07.03;11.40;12.97;1
2005.07.04;11.40;12.97;1
2005.07.05;11.68;12.97;1
2005.07.06;12.27;12.97;1
2005.07.07;12.49;12.97;1
2005.07.08;11.45;12.97;1
2005.07.09;11.45;12.97;1
2005.07.10;11.45;12.97;1
2005.07.11;11.28;12.97;1
2005.07.12;10.95;12.97;1
2005.07.13;10.84;12.97;1
2005.07.14;10.81;12.97;1
2005.07.15;10.33;12.96;1
2005.07.16;10.33;12.95;1
2005.07.17;10.33;12.94;1
2005.07.18;10.77;12.93;1
2005.07.19;10.45;12.92;1
2005.07.20;10.23;12.90;1
2005.07.21;10.97;12.89;1
2005.07.22;10.52;12.87;1
2005.07.23;10.52;12.86;1
2005.07.24;10.52;12.84;1
2005.07.25;11.10;12.83;1
2005.07.26;10.99;12.81;1
2005.07.27;10.36;12.80;1
2005.07.28;10.52;12.78;1
2005.07.29;11.57;12.78;1
2005.07.30;11.57;12.77;1
2005.07.31;11.57;12.76;1
2005.08.01;12.08;12.76;1
2005.08.02;11.75;12.75;1
2005.08.03;11.83;12.75;1
2005.08.04;12.52;12.75;1
2005.08.05;12.48;12.75;1
2005.08.06;12.48;12.75;1
2005.08.07;12.48;12.75;1
2005.08.08;13.21;12.75;0
2005.08.09;12.40;12.74;1
2005.08.10;12.38;12.73;1
2005.08.11;12.42;12.72;1
2005.08.12;12.74;12.71;0
2005.08.13;12.74;12.70;0
2005.08.14;12.74;12.70;0
2005.08.15;12.26;12.69;1
2005.08.16;13.52;12.69;0
2005.08.17;13.30;12.69;0
2005.08.18;13.42;12.69;0
2005.08.19;13.42;12.70;0
2005.08.20;13.42;12.70;0
2005.08.21;13.42;12.71;0
2005.08.22;13.42;12.72;0
2005.08.23;13.34;12.73;0
2005.08.24;14.17;12.75;0
2005.08.25;13.73;12.76;0
2005.08.26;13.72;12.77;0
2005.08.27;13.72;12.78;0
2005.08.28;13.72;12.79;0
2005.08.29;13.52;12.80;0
2005.08.30;13.65;12.81;0
2005.08.31;12.60;12.82;1
2005.09.01;13.15;12.82;0
2005.09.02;13.57;12.83;0
2005.09.03;13.57;12.85;0
2005.09.04;13.57;12.86;0
2005.09.05;13.57;12.87;0
2005.09.06;12.93;12.88;0
2005.09.07;12.52;12.88;1
2005.09.08;12.93;12.89;0
2005.09.09;11.98;12.90;1
2005.09.10;11.98;12.89;1
2005.09.11;11.98;12.89;1
2005.09.12;11.65;12.89;1
2005.09.13;12.39;12.89;1
2005.09.14;12.91;12.90;0
2005.09.15;12.49;12.90;1
2005.09.16;11.22;12.90;1
2005.09.17;11.22;12.90;1
2005.09.18;11.22;12.89;1
2005.09.19;12.14;12.89;1
2005.09.20;12.64;12.89;1
2005.09.21;13.79;12.90;0
2005.09.22;13.33;12.91;0
2005.09.23;12.96;12.91;0
2005.09.24;12.96;12.91;0
2005.09.25;12.96;12.91;0
2005.09.26;13.04;12.92;0
2005.09.27;12.76;12.92;1
2005.09.28;12.63;12.91;1
2005.09.29;12.24;12.91;1
2005.09.30;11.92;12.91;1
2005.10.01;11.92;12.90;1
2005.10.02;11.92;12.90;1
2005.10.03;12.46;12.89;1
2005.10.04;13.20;12.89;0
2005.10.05;14.55;12.90;0
2005.10.06;14.96;12.91;0
2005.10.07;14.59;12.91;0
2005.10.08;14.59;12.91;0
2005.10.09;14.59;12.92;0
2005.10.10;15.55;12.93;0
2005.10.11;15.63;12.94;0
2005.10.12;16.22;12.95;0
2005.10.13;16.47;12.97;0
2005.10.14;14.87;12.97;0
2005.10.15;14.87;12.98;0
2005.10.16;14.87;12.98;0
2005.10.17;14.67;12.99;0
2005.10.18;15.33;12.99;0
2005.10.19;13.50;12.99;0
2005.10.20;16.11;13.00;0
2005.10.21;16.13;13.01;0
2005.10.22;16.13;13.02;0
2005.10.23;16.13;13.04;0
2005.10.24;14.74;13.05;0
2005.10.25;14.53;13.06;0
2005.10.26;14.59;13.07;0
2005.10.27;16.02;13.08;0
2005.10.28;14.25;13.10;0
2005.10.29;14.25;13.11;0
2005.10.30;14.25;13.11;0
2005.10.31;15.32;13.12;0
2005.11.01;14.85;13.10;0
2005.11.02;13.48;13.08;0
2005.11.03;13.00;13.06;1
2005.11.04;13.17;13.04;0
2005.11.05;13.17;13.03;0
2005.11.06;13.17;13.01;0
2005.11.07;13.10;13.01;0
2005.11.08;13.08;13.00;0
2005.11.09;12.80;12.98;1
2005.11.10;11.90;12.97;1
2005.11.11;11.63;12.95;1
2005.11.12;11.63;12.94;1
2005.11.13;11.63;12.92;1
2005.11.14;12.18;12.90;1
2005.11.15;12.23;12.88;1
2005.11.16;12.26;12.86;1
2005.11.17;11.25;12.84;1
2005.11.18;11.12;12.82;1
2005.11.19;11.12;12.81;1
2005.11.20;11.12;12.79;1
2005.11.21;10.82;12.78;1
2005.11.22;10.60;12.76;1
2005.11.23;10.96;12.75;1
2005.11.24;10.96;12.73;1
2005.11.25;10.88;12.72;1
2005.11.26;10.88;12.70;1
2005.11.27;10.88;12.68;1
2005.11.28;11.84;12.66;1
2005.11.29;11.89;12.63;1
2005.11.30;12.06;12.61;1
2005.12.01;11.24;12.59;1
2005.12.02;11.01;12.56;1
2005.12.03;11.01;12.55;1
2005.12.04;11.01;12.53;1
2005.12.05;11.60;12.52;1
2005.12.06;11.52;12.52;1
2005.12.07;12.18;12.51;1
2005.12.08;12.21;12.51;1
2005.12.09;11.69;12.50;1
2005.12.10;11.69;12.50;1
2005.12.11;11.69;12.49;1
2005.12.12;11.47;12.49;1
2005.12.13;11.11;12.48;1
2005.12.14;10.48;12.47;1
2005.12.15;10.73;12.47;1
2005.12.16;10.68;12.46;1
2005.12.17;10.68;12.45;1
2005.12.18;10.68;12.44;1
2005.12.19;11.38;12.44;1
2005.12.20;11.19;12.43;1
2005.12.21;10.81;12.42;1
2005.12.22;10.29;12.41;1
2005.12.23;10.27;12.40;1
2005.12.24;10.27;12.39;1
2005.12.25;10.27;12.38;1
2005.12.26;10.27;12.37;1
2005.12.27;11.57;12.37;1
2005.12.28;11.35;12.37;1
2005.12.29;11.61;12.37;1
2005.12.30;12.07;12.37;1
2005.12.31;12.07;12.37;1
2006.01.01;12.07;12.37;1
2006.01.02;12.07;12.38;1
2006.01.03;11.14;12.38;1
2006.01.04;11.37;12.38;1
2006.01.05;11.31;12.37;1
2006.01.06;11.00;12.37;1
2006.01.07;11.00;12.37;1
2006.01.08;11.00;12.37;1
2006.01.09;11.13;12.37;1
2006.01.10;10.86;12.36;1
2006.01.11;10.94;12.35;1
2006.01.12;11.20;12.35;1
2006.01.13;11.23;12.34;1
2006.01.14;11.23;12.34;1
2006.01.15;11.23;12.34;1
2006.01.16;11.23;12.33;1
2006.01.17;11.91;12.34;1
2006.01.18;12.25;12.34;1
2006.01.19;11.98;12.34;1
2006.01.20;14.56;12.36;0
2006.01.21;14.56;12.37;0
2006.01.22;14.56;12.38;0
2006.01.23;13.93;12.39;0
2006.01.24;13.31;12.40;0
2006.01.25;12.87;12.41;0
2006.01.26;12.42;12.41;0
2006.01.27;11.97;12.42;1
2006.01.28;11.97;12.42;1
2006.01.29;11.97;12.43;1
2006.01.30;12.39;12.44;1
2006.01.31;12.95;12.45;0
2006.02.01;12.36;12.46;1
2006.02.02;13.23;12.47;0
2006.02.03;12.96;12.48;0
2006.02.04;12.96;12.50;0
2006.02.05;12.96;12.51;0
2006.02.06;13.04;12.52;0
2006.02.07;13.59;12.54;0
2006.02.08;12.83;12.55;0
2006.02.09;13.12;12.56;0
2006.02.10;12.87;12.57;0
2006.02.11;12.87;12.58;0
2006.02.12;12.87;12.59;0
2006.02.13;13.35;12.61;0
2006.02.14;12.25;12.61;1
2006.02.15;12.31;12.61;1
2006.02.16;11.48;12.61;1
2006.02.17;12.01;12.61;1
2006.02.18;12.01;12.61;1
2006.02.19;12.01;12.61;1
2006.02.20;12.01;12.61;1
2006.02.21;12.41;12.61;1
2006.02.22;11.88;12.61;1
2006.02.23;11.87;12.61;1
2006.02.24;11.46;12.60;1
2006.02.25;11.46;12.59;1
2006.02.26;11.46;12.59;1
2006.02.27;11.59;12.58;1
2006.02.28;12.34;12.58;1
2006.03.01;11.54;12.57;1
2006.03.02;11.72;12.57;1
2006.03.03;11.96;12.57;1
2006.03.04;11.96;12.56;1
2006.03.05;11.96;12.55;1
2006.03.06;12.74;12.55;0
2006.03.07;12.66;12.55;0
2006.03.08;12.32;12.54;1
2006.03.09;12.68;12.54;0
2006.03.10;11.85;12.53;1
2006.03.11;11.85;12.52;1
2006.03.12;11.85;12.51;1
2006.03.13;11.37;12.50;1
2006.03.14;10.74;12.48;1
2006.03.15;11.35;12.47;1
2006.03.16;11.98;12.46;1
2006.03.17;12.12;12.46;1
2006.03.18;12.12;12.45;1
2006.03.19;12.12;12.45;1
2006.03.20;11.79;12.44;1
2006.03.21;11.62;12.43;1
2006.03.22;11.21;12.42;1
2006.03.23;11.17;12.41;1
2006.03.24;11.19;12.39;1
2006.03.25;11.19;12.39;1
2006.03.26;11.19;12.38;1
2006.03.27;11.46;12.37;1
2006.03.28;11.58;12.37;1
2006.03.29;10.95;12.36;1
2006.03.30;11.57;12.36;1
2006.03.31;11.39;12.36;1
2006.04.01;11.39;12.36;1
2006.04.02;11.39;12.35;1
2006.04.03;11.57;12.34;1
2006.04.04;11.14;12.34;1
2006.04.05;11.13;12.34;1
2006.04.06;11.45;12.34;1
2006.04.07;12.26;12.34;1
2006.04.08;12.26;12.34;1
2006.04.09;12.26;12.33;1
2006.04.10;12.19;12.33;1
2006.04.11;13.00;12.33;0
2006.04.12;12.76;12.33;0
2006.04.13;12.38;12.33;0
2006.04.14;12.38;12.32;0
2006.04.15;12.38;12.32;0
2006.04.16;12.38;12.32;0
2006.04.17;12.58;12.32;0
2006.04.18;11.40;12.32;1
2006.04.19;11.32;12.32;1
2006.04.20;11.64;12.31;1
2006.04.21;11.59;12.31;1
2006.04.22;11.59;12.30;1
2006.04.23;11.59;12.29;1
2006.04.24;11.75;12.27;1
2006.04.25;11.75;12.26;1
2006.04.26;11.76;12.24;1
2006.04.27;11.84;12.23;1
2006.04.28;11.59;12.21;1
2006.04.29;11.59;12.19;1
2006.04.30;11.59;12.17;1
2006.05.01;12.54;12.15;0
2006.05.02;11.99;12.13;1
2006.05.03;11.99;12.12;1
2006.05.04;11.86;12.10;1
2006.05.05;11.62;12.09;1
2006.05.06;11.62;12.07;1
2006.05.07;11.62;12.06;1
2006.05.08;12.00;12.04;1
2006.05.09;11.99;12.02;1
2006.05.10;11.78;12.00;1
2006.05.11;12.49;11.98;0
2006.05.12;14.19;11.97;0
2006.05.13;14.19;11.97;0
2006.05.14;14.19;11.97;0
2006.05.15;13.57;11.96;0
2006.05.16;13.35;11.95;0
2006.05.17;16.26;11.96;0
2006.05.18;16.99;11.98;0
2006.05.19;17.18;11.99;0
2006.05.20;17.18;12.00;0
2006.05.21;17.18;12.02;0
2006.05.22;17.72;12.04;0
2006.05.23;18.26;12.07;0
2006.05.24;17.36;12.09;0
2006.05.25;15.50;12.10;0
2006.05.26;14.26;12.10;0
2006.05.27;14.26;12.11;0
2006.05.28;14.26;12.12;0
2006.05.29;14.26;12.13;0
2006.05.30;18.66;12.17;0
2006.05.31;16.44;12.19;0
2006.06.01;14.52;12.20;0
2006.06.02;14.32;12.21;0
2006.06.03;14.32;12.22;0
2006.06.04;14.32;12.23;0
2006.06.05;16.65;12.26;0
2006.06.06;17.34;12.29;0
2006.06.07;17.80;12.33;0
2006.06.08;18.35;12.36;0
2006.06.09;18.12;12.40;0
2006.06.10;18.12;12.44;0
2006.06.11;18.12;12.47;0
2006.06.12;20.96;12.52;0
2006.06.13;23.81;12.59;0
2006.06.14;21.46;12.64;0
2006.06.15;15.90;12.67;0
2006.06.16;17.25;12.69;0
2006.06.17;17.25;12.72;0
2006.06.18;17.25;12.74;0
2006.06.19;17.83;12.78;0
2006.06.20;16.69;12.81;0
2006.06.21;15.52;12.83;0
2006.06.22;15.88;12.85;0
2006.06.23;15.89;12.87;0
2006.06.24;15.89;12.90;0
2006.06.25;15.89;12.92;0
2006.06.26;15.62;12.93;0
2006.06.27;16.40;12.96;0
2006.06.28;15.79;12.98;0
2006.06.29;13.03;12.98;0
2006.06.30;13.08;12.99;0
2006.07.01;13.08;13.00;0
2006.07.02;13.08;13.01;0
2006.07.03;13.05;13.03;0
2006.07.04;13.05;13.04;0
2006.07.05;14.15;13.05;0
2006.07.06;13.65;13.07;0
2006.07.07;13.97;13.08;0
2006.07.08;13.97;13.10;0
2006.07.09;13.97;13.11;0
2006.07.10;14.02;13.13;0
2006.07.11;13.14;13.15;1
2006.07.12;14.49;13.17;0
2006.07.13;17.79;13.20;0
2006.07.14;18.05;13.24;0
2006.07.15;18.05;13.28;0
2006.07.16;18.05;13.31;0
2006.07.17;18.64;13.34;0
2006.07.18;17.74;13.37;0
2006.07.19;15.55;13.39;0
2006.07.20;16.21;13.41;0
2006.07.21;17.40;13.44;0
2006.07.22;17.40;13.47;0
2006.07.23;17.40;13.50;0
2006.07.24;14.98;13.52;0
2006.07.25;14.85;13.54;0
2006.07.26;14.62;13.55;0
2006.07.27;14.94;13.57;0
2006.07.28;14.33;13.59;0
2006.07.29;14.33;13.61;0
2006.07.30;14.33;13.62;0
2006.07.31;14.95;13.64;0
2006.08.01;15.05;13.66;0
2006.08.02;14.34;13.68;0
2006.08.03;14.46;13.69;0
2006.08.04;14.34;13.71;0
2006.08.05;14.34;13.72;0
2006.08.06;14.34;13.73;0
2006.08.07;15.23;13.75;0
2006.08.08;15.23;13.75;0
2006.08.09;15.20;13.75;0
2006.08.10;14.46;13.75;0
2006.08.11;14.30;13.76;0
2006.08.12;14.30;13.76;0
2006.08.13;14.30;13.77;0
2006.08.14;14.26;13.78;0
2006.08.15;13.42;13.78;1
2006.08.16;12.41;13.79;1
2006.08.17;12.24;13.79;1
2006.08.18;11.64;13.78;1
2006.08.19;11.64;13.78;1
2006.08.20;11.64;13.77;1
2006.08.21;12.22;13.77;1
2006.08.22;12.19;13.77;1
2006.08.23;12.40;13.76;1
2006.08.24;12.40;13.76;1
2006.08.25;12.31;13.76;1
2006.08.26;12.31;13.75;1
2006.08.27;12.31;13.75;1
2006.08.28;12.18;13.74;1
2006.08.29;12.28;13.74;1
2006.08.30;12.22;13.74;1
2006.08.31;12.31;13.73;1
2006.09.01;11.96;13.73;1
2006.09.02;11.96;13.72;1
2006.09.03;11.96;13.72;1
2006.09.04;11.96;13.73;1
2006.09.05;12.63;13.73;1
2006.09.06;13.74;13.74;0
2006.09.07;13.88;13.75;0
2006.09.08;13.16;13.75;1
2006.09.09;13.16;13.76;1
2006.09.10;13.16;13.76;1
2006.09.11;12.99;13.77;1
2006.09.12;11.92;13.77;1
2006.09.13;11.18;13.77;1
2006.09.14;11.55;13.77;1
2006.09.15;11.76;13.77;1
2006.09.16;11.76;13.77;1
2006.09.17;11.76;13.77;1
2006.09.18;11.78;13.77;1
2006.09.19;11.98;13.77;1
2006.09.20;11.39;13.77;1
2006.09.21;12.25;13.77;1
2006.09.22;12.59;13.77;1
2006.09.23;12.59;13.77;1
2006.09.24;12.59;13.77;1
2006.09.25;12.12;13.76;1
2006.09.26;11.53;13.76;1
2006.09.27;11.58;13.76;1
2006.09.28;11.72;13.76;1
2006.09.29;11.98;13.76;1
2006.09.30;11.98;13.77;1
2006.10.01;11.98;13.77;1
2006.10.02;12.57;13.78;1
2006.10.03;12.24;13.78;1
2006.10.04;11.86;13.78;1
2006.10.05;11.98;13.78;1
2006.10.06;11.56;13.77;1
2006.10.07;11.56;13.77;1
2006.10.08;11.56;13.78;1
2006.10.09;11.68;13.78;1
2006.10.10;11.52;13.78;1
2006.10.11;11.62;13.78;1
2006.10.12;11.09;13.78;1
2006.10.13;10.75;13.78;1
2006.10.14;10.75;13.77;1
2006.10.15;10.75;13.77;1
2006.10.16;11.09;13.77;1
2006.10.17;11.73;13.77;1
2006.10.18;11.34;13.77;1
2006.10.19;10.90;13.77;1
2006.10.20;10.63;13.76;1
2006.10.21;10.63;13.76;1
2006.10.22;10.63;13.76;1
2006.10.23;11.08;13.76;1
2006.10.24;10.78;13.75;1
2006.10.25;10.66;13.74;1
2006.10.26;10.56;13.73;1
2006.10.27;10.80;13.73;1
2006.10.28;10.80;13.72;1
2006.10.29;10.80;13.71;1
2006.10.30;11.20;13.70;1
2006.10.31;11.10;13.69;1
2006.11.01;11.51;13.69;1
2006.11.02;11.42;13.68;1
2006.11.03;11.16;13.68;1
2006.11.04;11.16;13.68;1
2006.11.05;11.16;13.68;1
2006.11.06;11.16;13.67;1
2006.11.07;11.09;13.67;1
2006.11.08;10.75;13.67;1
2006.11.09;11.01;13.66;1
2006.11.10;10.79;13.66;1
2006.11.11;10.79;13.65;1
2006.11.12;10.79;13.65;1
2006.11.13;10.86;13.64;1
2006.11.14;10.50;13.64;1
2006.11.15;10.31;13.63;1
2006.11.16;10.16;13.63;1
2006.11.17;10.05;13.61;1
2006.11.18;10.05;13.60;1
2006.11.19;10.05;13.59;1
2006.11.20;9.97;13.58;1
2006.11.21;9.90;13.58;1
2006.11.22;10.14;13.57;1
2006.11.23;10.14;13.56;1
2006.11.24;10.73;13.55;1
2006.11.25;10.73;13.55;1
2006.11.26;10.73;13.54;1
2006.11.27;12.30;13.54;1
2006.11.28;11.62;13.53;1
2006.11.29;10.83;13.51;1
2006.11.30;10.91;13.50;1
2006.12.01;11.66;13.49;1
2006.12.02;11.66;13.48;1
2006.12.03;11.66;13.45;1
2006.12.04;11.23;13.43;1
2006.12.05;11.27;13.40;1
2006.12.06;11.33;13.37;1
2006.12.07;12.67;13.34;1
2006.12.08;12.07;13.32;1
2006.12.09;12.07;13.29;1
2006.12.10;12.07;13.26;1
2006.12.11;10.71;13.23;1
2006.12.12;10.65;13.22;1
2006.12.13;10.18;13.20;1
2006.12.14;9.97;13.17;1
2006.12.15;10.05;13.15;1
2006.12.16;10.05;13.11;1
2006.12.17;10.05;13.08;1
2006.12.18;10.60;13.06;1
2006.12.19;10.30;13.04;1
2006.12.20;10.26;13.02;1
2006.12.21;10.53;13.00;1
2006.12.22;11.36;12.97;1
2006.12.23;11.36;12.94;1
2006.12.24;11.36;12.91;1
2006.12.25;11.36;12.88;1
2006.12.26;11.26;12.84;1
2006.12.27;10.64;12.80;1
2006.12.28;10.99;12.77;1
2006.12.29;11.56;12.72;1
2006.12.30;11.56;12.66;1
2006.12.31;11.56;12.61;1
2007.01.01;11.56;12.59;1
2007.01.02;11.56;12.56;1
2007.01.03;12.04;12.54;1
2007.01.04;11.51;12.51;1
2007.01.05;12.14;12.48;1
2007.01.06;12.14;12.46;1
2007.01.07;12.14;12.44;1
2007.01.08;12.00;12.42;1
2007.01.09;11.91;12.40;1
2007.01.10;11.47;12.38;1
2007.01.11;10.87;12.35;1
2007.01.12;10.15;12.32;1
2007.01.13;10.15;12.29;1
2007.01.14;10.15;12.26;1
2007.01.15;10.15;12.25;1
2007.01.16;10.74;12.24;1
2007.01.17;10.59;12.23;1
2007.01.18;10.85;12.22;1
2007.01.19;10.40;12.20;1
2007.01.20;10.40;12.19;1
2007.01.21;10.40;12.17;1
2007.01.22;10.77;12.16;1
2007.01.23;10.34;12.14;1
2007.01.24;9.89;12.12;1
2007.01.25;11.22;12.10;1
2007.01.26;11.13;12.09;1
2007.01.27;11.13;12.08;1
2007.01.28;11.13;12.06;1
2007.01.29;11.45;12.03;1
2007.01.30;10.96;11.99;1
2007.01.31;10.42;11.96;1
2007.02.01;10.31;11.92;1
2007.02.02;10.08;11.88;1
2007.02.03;10.08;11.84;1
2007.02.04;10.08;11.81;1
2007.02.05;10.55;11.78;1
2007.02.06;10.65;11.75;1
2007.02.07;10.32;11.71;1
2007.02.08;10.44;11.68;1
2007.02.09;11.10;11.66;1
2007.02.10;11.10;11.64;1
2007.02.11;11.10;11.62;1
2007.02.12;11.61;11.60;0
2007.02.13;10.34;11.58;1
2007.02.14;10.23;11.56;1
2007.02.15;10.22;11.54;1
2007.02.16;10.02;11.52;1
2007.02.17;10.02;11.49;1
2007.02.18;10.02;11.47;1
2007.02.19;10.02;11.45;1
2007.02.20;10.24;11.43;1
2007.02.21;10.20;11.41;1
2007.02.22;10.18;11.39;1
2007.02.23;10.58;11.37;1
2007.02.24;10.58;11.34;1
2007.02.25;10.58;11.32;1
2007.02.26;11.15;11.30;1
2007.02.27;18.31;11.32;0
2007.02.28;15.42;11.33;0
2007.03.01;15.82;11.34;0
2007.03.02;18.61;11.36;0
2007.03.03;18.61;11.38;0
2007.03.04;18.61;11.41;0
2007.03.05;19.63;11.45;0
2007.03.06;15.96;11.47;0
2007.03.07;15.24;11.49;0
2007.03.08;14.29;11.50;0
2007.03.09;14.09;11.51;0
2007.03.10;14.09;11.52;0
2007.03.11;14.09;11.53;0
2007.03.12;13.99;11.54;0
2007.03.13;18.13;11.57;0
2007.03.14;17.27;11.59;0
2007.03.15;16.43;11.61;0
2007.03.16;16.79;11.64;0
2007.03.17;16.79;11.66;0
2007.03.18;16.79;11.68;0
2007.03.19;14.59;11.69;0
2007.03.20;13.27;11.70;0
2007.03.21;12.19;11.70;0
2007.03.22;12.93;11.71;0
2007.03.23;12.95;11.71;0
2007.03.24;12.95;11.71;0
2007.03.25;12.95;11.71;0
2007.03.26;13.16;11.71;0
2007.03.27;13.48;11.71;0
2007.03.28;14.98;11.72;0
2007.03.29;15.14;11.73;0
2007.03.30;14.64;11.73;0
2007.03.31;14.64;11.75;0
2007.04.01;14.64;11.76;0
2007.04.02;14.53;11.78;0
2007.04.03;13.46;11.79;0
2007.04.04;13.24;11.80;0
2007.04.05;13.23;11.80;0
2007.04.06;13.23;11.81;0
2007.04.07;13.23;11.82;0
2007.04.08;13.23;11.83;0
2007.04.09;13.14;11.83;0
2007.04.10;12.68;11.83;0
2007.04.11;13.49;11.84;0
2007.04.12;12.71;11.84;0
2007.04.13;12.20;11.84;0
2007.04.14;12.20;11.84;0
2007.04.15;12.20;11.84;0
2007.04.16;11.98;11.84;0
2007.04.17;12.14;11.84;0
2007.04.18;12.42;11.85;0
2007.04.19;12.54;11.85;0
2007.04.20;12.07;11.85;0
2007.04.21;12.07;11.85;0
2007.04.22;12.07;11.85;0
2007.04.23;13.04;11.85;0
2007.04.24;13.12;11.86;0
2007.04.25;13.21;11.87;0
2007.04.26;12.79;11.87;0
2007.04.27;12.45;11.88;0
2007.04.28;12.45;11.88;0
2007.04.29;12.45;11.89;0
2007.04.30;14.22;11.90;0
2007.05.01;13.51;11.92;0
2007.05.02;13.08;11.93;0
2007.05.03;13.09;11.94;0
2007.05.04;12.91;11.95;0
2007.05.05;12.91;11.96;0
2007.05.06;12.91;11.96;0
2007.05.07;13.15;11.97;0
2007.05.08;13.21;11.99;0
2007.05.09;12.88;12.00;0
2007.05.10;13.60;12.01;0
2007.05.11;12.95;12.02;0
2007.05.12;12.95;12.03;0
2007.05.13;12.95;12.05;0
2007.05.14;13.96;12.06;0
2007.05.15;14.01;12.08;0
2007.05.16;13.50;12.09;0
2007.05.17;13.51;12.11;0
2007.05.18;12.76;12.11;0
2007.05.19;12.76;12.12;0
2007.05.20;12.76;12.13;0
2007.05.21;13.30;12.14;0
2007.05.22;13.06;12.15;0
2007.05.23;13.24;12.16;0
2007.05.24;14.08;12.17;0
2007.05.25;13.34;12.18;0
2007.05.26;13.34;12.19;0
2007.05.27;13.34;12.21;0
2007.05.28;13.34;12.22;0
2007.05.29;13.53;12.23;0
2007.05.30;12.83;12.24;0
2007.05.31;13.05;12.25;0
2007.06.01;12.78;12.26;0
2007.06.02;12.78;12.27;0
2007.06.03;12.78;12.29;0
2007.06.04;13.29;12.30;0
2007.06.05;13.63;12.32;0
2007.06.06;14.87;12.34;0
2007.06.07;17.06;12.38;0
2007.06.08;14.84;12.40;0
2007.06.09;14.84;12.43;0
2007.06.10;14.84;12.45;0
2007.06.11;14.71;12.47;0
2007.06.12;16.67;12.50;0
2007.06.13;14.73;12.52;0
2007.06.14;13.64;12.54;0
2007.06.15;13.94;12.55;0
2007.06.16;13.94;12.56;0
2007.06.17;13.94;12.57;0
2007.06.18;13.42;12.59;0
2007.06.19;12.85;12.59;0
2007.06.20;14.67;12.61;0
2007.06.21;14.21;12.62;0
2007.06.22;15.75;12.64;0
2007.06.23;15.75;12.67;0
2007.06.24;15.75;12.69;0
2007.06.25;16.65;12.71;0
2007.06.26;18.89;12.74;0
2007.06.27;15.53;12.76;0
2007.06.28;15.54;12.78;0
2007.06.29;16.23;12.80;0
2007.06.30;16.23;12.83;0
2007.07.01;16.23;12.86;0
2007.07.02;15.40;12.89;0
2007.07.03;14.92;12.91;0
2007.07.04;14.92;12.94;0
2007.07.05;15.48;12.97;0
2007.07.06;14.72;12.99;0
2007.07.07;14.72;13.01;0
2007.07.08;14.72;13.03;0
2007.07.09;15.16;13.05;0
2007.07.10;17.57;13.08;0
2007.07.11;16.64;13.11;0
2007.07.12;15.54;13.13;0
2007.07.13;15.15;13.15;0
2007.07.14;15.15;13.17;0
2007.07.15;15.15;13.19;0
2007.07.16;15.59;13.22;0
2007.07.17;15.63;13.24;0
2007.07.18;16.00;13.26;0
2007.07.19;15.23;13.28;0
2007.07.20;16.95;13.30;0
2007.07.21;16.95;13.33;0
2007.07.22;16.95;13.35;0
2007.07.23;16.81;13.38;0
2007.07.24;18.55;13.41;0
2007.07.25;18.10;13.44;0
2007.07.26;20.74;13.49;0
2007.07.27;24.17;13.55;0
2007.07.28;24.17;13.61;0
2007.07.29;24.17;13.67;0
2007.07.30;20.87;13.72;0
2007.07.31;23.52;13.79;0
2007.08.01;23.67;13.86;0
2007.08.02;21.22;13.91;0
2007.08.03;25.16;13.99;0
2007.08.04;25.16;14.06;0
2007.08.05;25.16;14.13;0
2007.08.06;22.94;14.19;0
2007.08.07;21.56;14.25;0
2007.08.08;21.45;14.30;0
2007.08.09;26.48;14.38;0
2007.08.10;28.30;14.47;0
2007.08.11;28.30;14.56;0
2007.08.12;28.30;14.65;0
2007.08.13;26.57;14.73;0
2007.08.14;27.68;14.81;0
2007.08.15;30.67;14.91;0
2007.08.16;30.83;15.01;0
2007.08.17;29.99;15.10;0
2007.08.18;29.99;15.20;0
2007.08.19;29.99;15.29;0
2007.08.20;26.33;15.37;0
2007.08.21;25.25;15.45;0
2007.08.22;22.89;15.51;0
2007.08.23;22.62;15.58;0
2007.08.24;20.72;15.63;0
2007.08.25;20.72;15.68;0
2007.08.26;20.72;15.73;0
2007.08.27;22.72;15.79;0
2007.08.28;26.30;15.87;0
2007.08.29;23.81;15.93;0
2007.08.30;25.06;16.00;0
2007.08.31;23.38;16.06;0
2007.09.01;23.38;16.13;0
2007.09.02;23.38;16.19;0
2007.09.03;23.38;16.26;0
2007.09.04;22.78;16.32;0
2007.09.05;24.58;16.39;0
2007.09.06;23.99;16.46;0
2007.09.07;26.23;16.54;0
2007.09.08;26.23;16.62;0
2007.09.09;26.23;16.70;0
2007.09.10;27.38;16.79;0
2007.09.11;25.27;16.86;0
2007.09.12;24.96;16.94;0
2007.09.13;24.76;17.01;0
2007.09.14;24.92;17.08;0
2007.09.15;24.92;17.11;0
2007.09.16;24.92;17.16;0
2007.09.17;26.48;17.21;0
2007.09.18;20.35;17.22;0
2007.09.19;20.03;17.23;0
2007.09.20;20.45;17.23;0
2007.09.21;19.00;17.23;0
2007.09.22;19.00;17.25;0
2007.09.23;19.00;17.27;0
2007.09.24;19.37;17.29;0
2007.09.25;18.60;17.31;0
2007.09.26;17.63;17.33;0
2007.09.27;17.00;17.35;1
2007.09.28;18.00;17.37;0
2007.09.29;18.00;17.36;0
2007.09.30;18.00;17.37;0
2007.10.01;17.84;17.38;0
2007.10.02;18.49;17.38;0
2007.10.03;18.80;17.39;0
2007.10.04;18.44;17.40;0
2007.10.05;16.91;17.41;1
2007.10.06;16.91;17.43;1
2007.10.07;16.91;17.46;1
2007.10.08;17.46;17.48;1
2007.10.09;16.12;17.49;1
2007.10.10;16.67;17.51;1
2007.10.11;18.88;17.54;0
2007.10.12;17.73;17.57;0
2007.10.13;17.73;17.59;0
2007.10.14;17.73;17.60;0
2007.10.15;19.25;17.62;0
2007.10.16;20.02;17.65;0
2007.10.17;18.54;17.67;0
2007.10.18;18.50;17.69;0
2007.10.19;22.96;17.73;0
2007.10.20;22.96;17.78;0
2007.10.21;22.96;17.82;0
2007.10.22;21.64;17.87;0
2007.10.23;20.41;17.90;0
2007.10.24;20.80;17.94;0
2007.10.25;21.17;17.98;0
2007.10.26;19.56;18.01;0
2007.10.27;19.56;18.05;0
2007.10.28;19.56;18.08;0
2007.10.29;19.87;18.11;0
2007.10.30;21.07;18.16;0
2007.10.31;18.53;18.19;0
2007.11.01;23.21;18.24;0
2007.11.02;23.01;18.30;0
2007.11.03;23.01;18.35;0
2007.11.04;23.01;18.41;0
2007.11.05;24.31;18.47;0
2007.11.06;21.39;18.51;0
2007.11.07;26.49;18.58;0
2007.11.08;26.16;18.65;0
2007.11.09;28.50;18.73;0
2007.11.10;28.50;18.81;0
2007.11.11;28.50;18.89;0
2007.11.12;31.09;18.98;0
2007.11.13;24.10;19.03;0
2007.11.14;25.94;19.10;0
2007.11.15;28.06;19.18;0
2007.11.16;25.49;19.24;0
2007.11.17;25.49;19.30;0
2007.11.18;25.49;19.36;0
2007.11.19;26.01;19.42;0
2007.11.20;24.88;19.48;0
2007.11.21;26.84;19.55;0
2007.11.22;26.84;19.62;0
2007.11.23;25.61;19.68;0
2007.11.24;25.61;19.75;0
2007.11.25;25.61;19.81;0
2007.11.26;28.91;19.89;0
2007.11.27;26.28;19.95;0
2007.11.28;24.11;20.01;0
2007.11.29;23.97;20.06;0
2007.11.30;22.87;20.11;0
2007.12.01;22.87;20.15;0
2007.12.02;22.87;20.20;0
2007.12.03;23.61;20.25;0
2007.12.04;23.79;20.31;0
2007.12.05;22.53;20.35;0
2007.12.06;20.96;20.40;0
2007.12.07;20.85;20.43;0
2007.12.08;20.85;20.47;0
2007.12.09;20.85;20.51;0
2007.12.10;20.74;20.54;0
2007.12.11;23.59;20.59;0
2007.12.12;22.47;20.64;0
2007.12.13;22.56;20.69;0
2007.12.14;23.27;20.74;0
2007.12.15;23.27;20.79;0
2007.12.16;23.27;20.84;0
2007.12.17;24.52;20.89;0
2007.12.18;22.64;20.94;0
2007.12.19;21.68;20.99;0
2007.12.20;20.58;21.03;1
2007.12.21;18.47;21.05;1
2007.12.22;18.47;21.08;1
2007.12.23;18.47;21.10;1
2007.12.24;18.60;21.10;1
2007.12.25;18.60;21.12;1
2007.12.26;18.66;21.14;1
2007.12.27;20.26;21.17;1
2007.12.28;20.74;21.20;1
2007.12.29;20.74;21.22;1
2007.12.30;20.74;21.25;1
2007.12.31;22.50;21.29;0
2008.01.01;22.50;21.34;0
2008.01.02;23.17;21.38;0
2008.01.03;22.49;21.42;0
2008.01.04;23.94;21.48;0
2008.01.05;23.94;21.53;0
2008.01.06;23.94;21.58;0
2008.01.07;23.79;21.63;0
2008.01.08;25.43;21.68;0
2008.01.09;24.12;21.72;0
2008.01.10;23.45;21.76;0
2008.01.11;23.68;21.79;0
2008.01.12;23.68;21.81;0
2008.01.13;23.68;21.86;0
2008.01.14;22.90;21.89;0
2008.01.15;23.34;21.93;0
2008.01.16;24.38;21.97;0
2008.01.17;28.46;22.03;0
2008.01.18;27.18;22.09;0
2008.01.19;27.18;22.15;0
2008.01.20;27.18;22.21;0
2008.01.21;27.18;22.27;0
2008.01.22;31.01;22.35;0
2008.01.23;29.02;22.42;0
2008.01.24;27.78;22.49;0
2008.01.25;29.08;22.56;0
2008.01.26;29.08;22.62;0
2008.01.27;29.08;22.68;0
2008.01.28;27.78;22.74;0
2008.01.29;27.32;22.80;0
2008.01.30;27.62;22.86;0
2008.01.31;26.20;22.92;0
2008.02.01;24.02;22.96;0
2008.02.02;24.02;23.00;0
2008.02.03;24.02;23.04;0
2008.02.04;25.99;23.10;0
2008.02.05;28.24;23.15;0
2008.02.06;28.97;23.21;0
2008.02.07;27.66;23.27;0
2008.02.08;28.01;23.32;0
2008.02.09;28.01;23.37;0
2008.02.10;28.01;23.42;0
2008.02.11;27.60;23.45;0
2008.02.12;26.33;23.46;0
2008.02.13;24.88;23.47;0
2008.02.14;25.54;23.47;0
2008.02.15;25.02;23.49;0
2008.02.16;25.02;23.50;0
2008.02.17;25.02;23.51;0
2008.02.18;25.02;23.53;0
2008.02.19;25.59;23.53;0
2008.02.20;24.40;23.53;0
2008.02.21;25.12;23.53;0
2008.02.22;24.06;23.53;0
2008.02.23;24.06;23.54;0
2008.02.24;24.06;23.56;0
2008.02.25;23.03;23.54;1
2008.02.26;21.90;23.51;1
2008.02.27;22.69;23.48;1
2008.02.28;23.53;23.46;0
2008.02.29;26.54;23.46;0
2008.03.01;26.54;23.45;0
2008.03.02;26.54;23.43;0
2008.03.03;26.28;23.41;0
2008.03.04;25.52;23.38;0
2008.03.05;24.60;23.36;0
2008.03.06;27.55;23.35;0
2008.03.07;27.49;23.35;0
2008.03.08;27.49;23.36;0
2008.03.09;27.49;23.39;0
2008.03.10;29.38;23.42;0
2008.03.11;26.36;23.45;0
2008.03.12;27.22;23.48;0
2008.03.13;27.29;23.51;0
2008.03.14;31.16;23.55;0
2008.03.15;31.16;23.58;0
2008.03.16;31.16;23.62;0
2008.03.17;32.24;23.65;0
2008.03.18;25.79;23.66;0
2008.03.19;29.84;23.70;0
2008.03.20;26.62;23.71;0
2008.03.21;26.62;23.73;0
2008.03.22;26.62;23.75;0
2008.03.23;26.62;23.76;0
2008.03.24;25.73;23.77;0
2008.03.25;25.72;23.76;0
2008.03.26;26.08;23.76;0
2008.03.27;25.88;23.76;0
2008.03.28;25.71;23.75;0
2008.03.29;25.71;23.76;0
2008.03.30;25.71;23.76;0
2008.03.31;25.61;23.76;0
2008.04.01;22.68;23.75;1
2008.04.02;23.43;23.74;1
2008.04.03;23.21;23.74;1
2008.04.04;22.45;23.72;1
2008.04.05;22.45;23.73;1
2008.04.06;22.45;23.74;1
2008.04.07;22.42;23.75;1
2008.04.08;22.36;23.77;1
2008.04.09;22.81;23.78;1
2008.04.10;21.98;23.80;1
2008.04.11;23.46;23.82;1
2008.04.12;23.46;23.84;1
2008.04.13;23.46;23.87;1
2008.04.14;23.82;23.91;1
2008.04.15;22.78;23.93;1
2008.04.16;20.53;23.94;1
2008.04.17;20.37;23.96;1
2008.04.18;20.13;23.97;1
2008.04.19;20.13;23.98;1
2008.04.20;20.13;23.98;1
2008.04.21;20.50;23.99;1
2008.04.22;20.87;24.01;1
2008.04.23;20.26;24.03;1
2008.04.24;20.06;24.04;1
2008.04.25;19.59;24.05;1
2008.04.26;19.59;24.07;1
2008.04.27;19.59;24.09;1
2008.04.28;19.64;24.09;1
2008.04.29;20.24;24.10;1
2008.04.30;20.79;24.12;1
2008.05.01;18.88;24.12;1
2008.05.02;18.18;24.12;1
2008.05.03;18.18;24.11;1
2008.05.04;18.18;24.11;1
2008.05.05;18.90;24.11;1
2008.05.06;18.21;24.09;1
2008.05.07;19.73;24.07;1
2008.05.08;19.40;24.05;1
2008.05.09;19.41;24.04;1
2008.05.10;19.41;24.04;1
2008.05.11;19.41;24.03;1
2008.05.12;17.79;24.01;1
2008.05.13;17.98;24.00;1
2008.05.14;17.66;23.99;1
2008.05.15;16.30;23.98;1
2008.05.16;16.47;23.96;1
2008.05.17;16.47;23.94;1
2008.05.18;16.47;23.93;1
2008.05.19;17.01;23.90;1
2008.05.20;17.58;23.87;1
2008.05.21;18.59;23.85;1
2008.05.22;18.05;23.82;1
2008.05.23;19.55;23.80;1
2008.05.24;19.55;23.79;1
2008.05.25;19.55;23.76;1
2008.05.26;19.55;23.72;1
2008.05.27;19.64;23.68;1
2008.05.28;19.07;23.63;1
2008.05.29;18.14;23.58;1
2008.05.30;17.83;23.51;1
2008.05.31;17.83;23.48;1
2008.06.01;17.83;23.44;1
2008.06.02;19.83;23.40;1
2008.06.03;20.24;23.37;1
2008.06.04;20.80;23.35;1
2008.06.05;18.63;23.32;1
2008.06.06;23.56;23.30;0
2008.06.07;23.56;23.30;0
2008.06.08;23.56;23.28;0
2008.06.09;23.12;23.26;1
2008.06.10;23.18;23.25;1
2008.06.11;24.12;23.24;0
2008.06.12;23.33;23.23;0
2008.06.13;21.22;23.19;1
2008.06.14;21.22;23.17;1
2008.06.15;21.22;23.15;1
2008.06.16;20.95;23.14;1
2008.06.17;21.13;23.13;1
2008.06.18;22.24;23.13;1
2008.06.19;21.58;23.12;1
2008.06.20;22.87;23.12;1
2008.06.21;22.87;23.11;1
2008.06.22;22.87;23.11;1
2008.06.23;22.64;23.12;1
2008.06.24;22.42;23.13;1
2008.06.25;21.14;23.13;1
2008.06.26;23.93;23.15;0
2008.06.27;23.44;23.16;0
2008.06.28;23.44;23.16;0
2008.06.29;23.44;23.16;0
2008.06.30;23.95;23.17;0
2008.07.01;23.65;23.17;0
2008.07.02;25.92;23.19;0
2008.07.03;24.78;23.19;0
2008.07.04;24.78;23.19;0
2008.07.05;24.78;23.21;0
2008.07.06;24.78;23.22;0
2008.07.07;25.78;23.25;0
2008.07.08;23.15;23.27;1
2008.07.09;25.23;23.30;0
2008.07.10;25.59;23.34;0
2008.07.11;27.49;23.38;0
2008.07.12;27.49;23.43;0
2008.07.13;27.49;23.47;0
2008.07.14;28.48;23.51;0
2008.07.15;28.54;23.55;0
2008.07.16;25.10;23.57;0
2008.07.17;25.01;23.60;0
2008.07.18;24.05;23.60;0
2008.07.19;24.05;23.61;0
2008.07.20;24.05;23.62;0
2008.07.21;23.05;23.62;1
2008.07.22;21.18;23.60;1
2008.07.23;21.31;23.59;1
2008.07.24;23.44;23.59;1
2008.07.25;22.91;23.58;1
2008.07.26;22.91;23.57;1
2008.07.27;22.91;23.57;1
2008.07.28;24.23;23.57;0
2008.07.29;22.03;23.56;1
2008.07.30;21.21;23.55;1
2008.07.31;22.94;23.55;1
2008.08.01;22.57;23.54;1
2008.08.02;22.57;23.54;1
2008.08.03;22.57;23.53;1
2008.08.04;23.49;23.51;1
2008.08.05;21.14;23.48;1
2008.08.06;20.23;23.44;1
2008.08.07;21.15;23.41;1
2008.08.08;20.66;23.38;1
2008.08.09;20.66;23.33;1
2008.08.10;20.66;23.28;1
2008.08.11;20.12;23.25;1
2008.08.12;21.17;23.21;1
2008.08.13;21.55;23.17;1
2008.08.14;20.34;23.13;1
2008.08.15;19.58;23.08;1
2008.08.16;19.58;23.05;1
2008.08.17;19.58;23.01;1
2008.08.18;20.98;22.98;1
2008.08.19;21.28;22.97;1
2008.08.20;20.42;22.95;1
2008.08.21;19.82;22.93;1
2008.08.22;18.81;22.89;1
2008.08.23;18.81;22.84;1
2008.08.24;18.81;22.79;1
2008.08.25;20.97;22.76;1
2008.08.26;20.49;22.72;1
2008.08.27;19.76;22.68;1
2008.08.28;19.43;22.64;1
2008.08.29;20.65;22.60;1
2008.08.30;20.65;22.57;1
2008.08.31;20.65;22.55;1
2008.09.01;20.65;22.53;1
2008.09.02;21.99;22.51;1
2008.09.03;21.43;22.50;1
2008.09.04;24.03;22.49;0
2008.09.05;23.06;22.48;0
2008.09.06;23.06;22.47;0
2008.09.07;23.06;22.46;0
2008.09.08;22.64;22.45;0
2008.09.09;25.47;22.46;0
2008.09.10;24.52;22.46;0
2008.09.11;24.39;22.46;0
2008.09.12;25.66;22.47;0
2008.09.13;25.66;22.49;0
2008.09.14;25.66;22.51;0
2008.09.15;31.70;22.55;0
2008.09.16;30.30;22.57;0
2008.09.17;36.22;22.62;0
2008.09.18;33.10;22.65;0
2008.09.19;32.07;22.68;0
2008.09.20;32.07;22.71;0
2008.09.21;32.07;22.75;0
2008.09.22;33.85;22.78;0
2008.09.23;35.72;22.82;0
2008.09.24;35.19;22.86;0
2008.09.25;32.82;22.89;0
2008.09.26;34.74;22.91;0
2008.09.27;34.74;22.95;0
2008.09.28;34.74;22.99;0
2008.09.29;46.72;23.09;0
2008.09.30;39.39;23.13;0
2008.10.01;39.81;23.17;0
2008.10.02;45.26;23.24;0
2008.10.03;45.14;23.31;0
2008.10.04;45.14;23.40;0
2008.10.05;45.14;23.48;0
2008.10.06;52.05;23.61;0
2008.10.07;53.68;23.74;0
2008.10.08;57.53;23.90;0
2008.10.09;63.92;24.08;0
2008.10.10;69.95;24.31;0
2008.10.11;69.95;24.53;0
2008.10.12;69.95;24.75;0
2008.10.13;54.99;24.89;0
2008.10.14;55.13;25.04;0
2008.10.15;69.25;25.26;0
2008.10.16;67.61;25.47;0
2008.10.17;70.33;25.69;0
2008.10.18;70.33;25.93;0
2008.10.19;70.33;26.16;0
2008.10.20;52.97;26.31;0
2008.10.21;53.11;26.46;0
2008.10.22;69.65;26.70;0
2008.10.23;67.80;26.93;0
2008.10.24;79.13;27.21;0
2008.10.25;79.13;27.49;0
2008.10.26;79.13;27.78;0
2008.10.27;80.06;28.07;0
2008.10.28;66.96;28.28;0
2008.10.29;69.96;28.52;0
2008.10.30;62.90;28.71;0
2008.10.31;59.89;28.89;0
2008.11.01;59.89;29.08;0
2008.11.02;59.89;29.28;0
2008.11.03;53.68;29.44;0
2008.11.04;47.73;29.58;0
2008.11.05;54.56;29.75;0
2008.11.06;63.68;29.97;0
2008.11.07;56.10;30.15;0
2008.11.08;56.10;30.33;0
2008.11.09;56.10;30.50;0
2008.11.10;59.98;30.70;0
2008.11.11;61.44;30.91;0
2008.11.12;66.46;31.15;0
2008.11.13;59.83;31.35;0
2008.11.14;66.31;31.58;0
2008.11.15;66.31;31.81;0
2008.11.16;66.31;32.04;0
2008.11.17;69.15;32.29;0
2008.11.18;67.64;32.54;0
2008.11.19;74.26;32.82;0
2008.11.20;80.86;33.13;0
2008.11.21;72.67;33.40;0
2008.11.22;72.67;33.67;0
2008.11.23;72.67;33.94;0
2008.11.24;64.70;34.16;0
2008.11.25;60.90;34.37;0
2008.11.26;54.92;34.55;0
2008.11.27;54.92;34.73;0
2008.11.28;55.28;34.91;0
2008.11.29;55.28;35.10;0
2008.11.30;55.28;35.29;0
2008.12.01;68.51;35.55;0
2008.12.02;62.98;35.78;0
2008.12.03;60.72;36.00;0
2008.12.04;63.64;36.24;0
2008.12.05;59.93;36.45;0
2008.12.06;59.93;36.67;0
2008.12.07;59.93;36.87;0
2008.12.08;58.49;37.08;0
2008.12.09;58.91;37.27;0
2008.12.10;55.73;37.45;0
2008.12.11;55.78;37.63;0
2008.12.12;54.28;37.81;0
2008.12.13;54.28;37.98;0
2008.12.14;54.28;38.16;0
2008.12.15;56.76;38.35;0
2008.12.16;52.37;38.52;0
2008.12.17;49.84;38.68;0
2008.12.18;47.34;38.83;0
2008.12.19;44.93;38.96;0
2008.12.20;44.93;39.08;0
2008.12.21;44.93;39.20;0
2008.12.22;44.56;39.33;0
2008.12.23;45.02;39.44;0
2008.12.24;44.21;39.54;0
2008.12.25;44.21;39.64;0
2008.12.26;43.38;39.74;0
2008.12.27;43.38;39.85;0
2008.12.28;43.38;39.94;0
2008.12.29;43.90;40.05;0
2008.12.30;41.63;40.15;0
2008.12.31;40.00;40.24;1
2009.01.01;40.00;40.33;1
2009.01.02;39.19;40.43;1
2009.01.03;39.19;40.52;1
2009.01.04;39.19;40.60;1
2009.01.05;39.08;40.69;1
2009.01.06;38.56;40.77;1
2009.01.07;43.39;40.87;0
2009.01.08;42.56;40.97;0
2009.01.09;42.82;41.07;0
2009.01.10;42.82;41.17;0
2009.01.11;42.82;41.28;0
2009.01.12;45.84;41.39;0
2009.01.13;43.27;41.49;0
2009.01.14;49.14;41.62;0
2009.01.15;51.00;41.75;0
2009.01.16;46.11;41.87;0
2009.01.17;46.11;41.98;0
2009.01.18;46.11;42.08;0
2009.01.19;46.11;42.19;0
2009.01.20;56.65;42.34;0
2009.01.21;46.42;42.45;0
2009.01.22;47.29;42.57;0
2009.01.23;47.27;42.67;0
2009.01.24;47.27;42.79;0
2009.01.25;47.27;42.90;0
2009.01.26;45.69;43.00;0
2009.01.27;42.25;43.08;1
2009.01.28;39.66;43.14;1
2009.01.29;42.63;43.21;1
2009.01.30;44.84;43.30;0
2009.01.31;44.84;43.38;0
2009.02.01;44.84;43.48;0
2009.02.02;45.52;43.58;0
2009.02.03;43.06;43.67;1
2009.02.04;43.85;43.77;0
2009.02.05;43.73;43.87;1
2009.02.06;43.37;43.97;1
2009.02.07;43.37;44.08;1
2009.02.08;43.37;44.19;1
2009.02.09;43.64;44.30;1
2009.02.10;46.67;44.41;0
2009.02.11;44.53;44.52;0
2009.02.12;41.25;44.61;1
2009.02.13;42.93;44.71;1
2009.02.14;42.93;44.81;1
2009.02.15;42.93;44.92;1
2009.02.16;42.93;45.02;1
2009.02.17;48.66;45.15;0
2009.02.18;48.46;45.28;0
2009.02.19;47.08;45.40;0
2009.02.20;49.30;45.53;0
2009.02.21;49.30;45.67;0
2009.02.22;49.30;45.82;0
2009.02.23;52.62;45.98;0
2009.02.24;45.49;46.10;1
2009.02.25;44.67;46.22;1
2009.02.26;44.66;46.34;1
2009.02.27;46.35;46.47;1
2009.02.28;46.35;46.60;1
2009.03.01;46.35;46.72;1
2009.03.02;52.65;46.88;0
2009.03.03;50.93;47.04;0
2009.03.04;47.56;47.18;0
2009.03.05;50.17;47.33;0
2009.03.06;49.33;47.47;0
2009.03.07;49.33;47.61;0
2009.03.08;49.33;47.76;0
2009.03.09;49.68;47.91;0
2009.03.10;44.37;48.04;1
2009.03.11;43.61;48.16;1
2009.03.12;41.18;48.27;1
2009.03.13;42.36;48.38;1
2009.03.14;42.36;48.49;1
2009.03.15;42.36;48.60;1
2009.03.16;43.74;48.72;1
2009.03.17;40.80;48.82;1
2009.03.18;40.06;48.92;1
2009.03.19;43.68;49.04;1
2009.03.20;45.89;49.16;1
2009.03.21;45.89;49.28;1
2009.03.22;45.89;49.40;1
2009.03.23;43.23;49.50;1
2009.03.24;42.93;49.60;1
2009.03.25;42.25;49.69;1
2009.03.26;40.36;49.78;1
2009.03.27;41.04;49.87;1
2009.03.28;41.04;49.95;1
2009.03.29;41.04;50.03;1
2009.03.30;45.54;50.14;1
2009.03.31;44.14;50.23;1
2009.04.01;42.28;50.31;1
2009.04.02;42.04;50.40;1
2009.04.03;39.70;50.44;1
2009.04.04;39.70;50.48;1
2009.04.05;39.70;50.50;1
2009.04.06;40.93;50.54;1
2009.04.07;40.39;50.58;1
2009.04.08;38.85;50.62;1
2009.04.09;36.53;50.64;1
2009.04.10;36.53;50.65;1
2009.04.11;36.53;50.66;1
2009.04.12;36.53;50.66;1
2009.04.13;37.81;50.69;1
2009.04.14;37.67;50.70;1
2009.04.15;36.17;50.71;1
2009.04.16;35.79;50.71;1
2009.04.17;33.94;50.65;1
2009.04.18;33.94;50.62;1
2009.04.19;33.94;50.59;1
2009.04.20;39.18;50.56;1
2009.04.21;37.14;50.52;1
2009.04.22;38.10;50.49;1
2009.04.23;37.15;50.45;1
2009.04.24;36.82;50.37;1
2009.04.25;36.82;50.29;1
2009.04.26;36.82;50.18;1
2009.04.27;38.32;50.06;1
2009.04.28;37.95;49.90;1
2009.04.29;36.08;49.73;1
2009.04.30;36.50;49.56;1
2009.05.01;35.30;49.46;1
2009.05.02;35.30;49.36;1
2009.05.03;35.30;49.19;1
2009.05.04;34.53;49.03;1
2009.05.05;33.36;48.84;1
2009.05.06;32.45;48.65;1
2009.05.07;33.44;48.47;1
2009.05.08;32.05;48.36;1
2009.05.09;32.05;48.26;1
2009.05.10;32.05;48.07;1
2009.05.11;32.87;47.90;1
2009.05.12;31.80;47.66;1
2009.05.13;33.65;47.43;1
2009.05.14;31.37;47.19;1
2009.05.15;33.12;46.96;1
2009.05.16;33.12;46.79;1
2009.05.17;33.12;46.60;1
2009.05.18;30.24;46.44;1
2009.05.19;28.80;46.29;1
2009.05.20;29.03;46.13;1
2009.05.21;31.35;45.99;1
2009.05.22;32.63;45.88;1
2009.05.23;32.63;45.81;1
2009.05.24;32.63;45.70;1
2009.05.25;32.63;45.54;1
2009.05.26;30.62;45.42;1
2009.05.27;32.36;45.30;1
2009.05.28;31.67;45.17;1
2009.05.29;28.92;45.02;1
2009.05.30;28.92;44.86;1
2009.05.31;28.92;44.67;1
2009.06.01;30.04;44.52;1
2009.06.02;29.63;44.34;1
2009.06.03;31.02;44.16;1
2009.06.04;30.18;43.98;1
2009.06.05;29.62;43.78;1
2009.06.06;29.62;43.59;1
2009.06.07;29.62;43.37;1
2009.06.08;29.77;43.11;1
2009.06.09;28.27;42.89;1
2009.06.10;28.46;42.67;1
2009.06.11;28.11;42.45;1
2009.06.12;28.15;42.26;1
2009.06.13;28.15;42.10;1
2009.06.14;28.15;41.97;1
2009.06.15;30.81;41.85;1
2009.06.16;32.68;41.73;1
2009.06.17;31.54;41.61;1
2009.06.18;30.03;41.49;1
2009.06.19;27.99;41.29;1
2009.06.20;27.99;41.11;1
2009.06.21;27.99;40.95;1
2009.06.22;31.17;40.79;1
2009.06.23;30.58;40.64;1
2009.06.24;29.05;40.48;1
2009.06.25;26.36;40.32;1
2009.06.26;25.93;40.15;1
2009.06.27;25.93;39.99;1
2009.06.28;25.93;39.84;1
2009.06.29;25.35;39.69;1
2009.06.30;26.35;39.55;1
2009.07.01;26.22;39.41;1
2009.07.02;27.95;39.28;1
2009.07.03;27.95;39.13;1
2009.07.04;27.95;39.01;1
2009.07.05;27.95;38.90;1
2009.07.06;29.00;38.81;1
2009.07.07;30.85;38.74;1
2009.07.08;31.30;38.67;1
2009.07.09;29.78;38.59;1
2009.07.10;29.02;38.52;1
2009.07.11;29.02;38.44;1
2009.07.12;29.02;38.36;1
2009.07.13;26.31;38.27;1
2009.07.14;25.02;38.18;1
2009.07.15;25.89;38.09;1
2009.07.16;25.42;38.00;1
2009.07.17;24.34;37.90;1
2009.07.18;24.34;37.82;1
2009.07.19;24.34;37.74;1
2009.07.20;24.40;37.66;1
2009.07.21;23.87;37.58;1
2009.07.22;23.47;37.51;1
2009.07.23;23.43;37.43;1
2009.07.24;23.09;37.35;1
2009.07.25;23.09;37.27;1
2009.07.26;23.09;37.17;1
2009.07.27;24.28;37.08;1
2009.07.28;25.01;36.99;1
2009.07.29;25.61;36.90;1
2009.07.30;25.40;36.81;1
2009.07.31;25.92;36.72;1
2009.08.01;25.92;36.63;1
2009.08.02;25.92;36.51;1
2009.08.03;25.56;36.39;1
2009.08.04;24.89;36.28;1
2009.08.05;24.90;36.17;1
2009.08.06;25.67;36.07;1
2009.08.07;24.76;35.96;1
2009.08.08;24.76;35.80;1
2009.08.09;24.76;35.70;1
2009.08.10;24.99;35.58;1
2009.08.11;25.99;35.48;1
2009.08.12;25.45;35.37;1
2009.08.13;24.71;35.26;1
2009.08.14;24.27;35.15;1
2009.08.15;24.27;35.06;1
2009.08.16;24.27;34.98;1
2009.08.17;27.89;34.91;1
2009.08.18;26.18;34.82;1
2009.08.19;26.26;34.72;1
2009.08.20;25.09;34.62;1
2009.08.21;25.01;34.52;1
2009.08.22;25.01;34.43;1
2009.08.23;25.01;34.34;1
2009.08.24;25.14;34.24;1
2009.08.25;24.92;34.15;1
2009.08.26;24.95;34.06;1
2009.08.27;24.68;33.97;1
2009.08.28;24.76;33.87;1
2009.08.29;24.76;33.76;1
2009.08.30;24.76;33.66;1
2009.08.31;26.01;33.59;1
2009.09.01;29.15;33.52;1
2009.09.02;28.90;33.45;1
2009.09.03;27.10;33.37;1
2009.09.04;25.26;33.28;1
2009.09.05;25.26;33.16;1
2009.09.06;25.26;33.05;1
2009.09.07;25.26;32.94;1
2009.09.08;25.62;32.82;1
2009.09.09;24.32;32.70;1
2009.09.10;23.55;32.57;1
2009.09.11;24.15;32.42;1
2009.09.12;24.15;32.32;1
2009.09.13;24.15;32.21;1
2009.09.14;23.86;32.11;1
2009.09.15;23.42;32.00;1
2009.09.16;23.69;31.88;1
2009.09.17;23.65;31.77;1
2009.09.18;23.92;31.63;1
2009.09.19;23.92;31.49;1
2009.09.20;23.92;31.37;1
2009.09.21;24.06;31.24;1
2009.09.22;23.08;31.11;1
2009.09.23;23.49;30.98;1
2009.09.24;24.95;30.86;1
2009.09.25;25.61;30.74;1
2009.09.26;25.61;30.65;1
2009.09.27;25.61;30.56;1
2009.09.28;24.88;30.47;1
2009.09.29;25.19;30.39;1
2009.09.30;25.61;30.30;1
2009.10.01;28.27;30.23;1
2009.10.02;28.68;30.16;1
2009.10.03;28.68;30.10;1
2009.10.04;28.68;30.04;1
2009.10.05;26.84;29.96;1
2009.10.06;25.70;29.86;1
2009.10.07;24.68;29.75;1
2009.10.08;24.18;29.64;1
2009.10.09;23.12;29.54;1
2009.10.10;23.12;29.44;1
2009.10.11;23.12;29.35;1
2009.10.12;23.01;29.26;1
2009.10.13;22.99;29.17;1
2009.10.14;22.86;29.08;1
2009.10.15;21.72;28.98;1
2009.10.16;21.43;28.86;1
2009.10.17;21.43;28.75;1
2009.10.18;21.43;28.64;1
2009.10.19;21.49;28.54;1
2009.10.20;20.90;28.45;1
2009.10.21;22.22;28.36;1
2009.10.22;20.69;28.26;1
2009.10.23;22.27;28.17;1
2009.10.24;22.27;28.08;1
2009.10.25;22.27;28.00;1
2009.10.26;24.31;27.94;1
2009.10.27;24.83;27.88;1
2009.10.28;27.91;27.83;0
2009.10.29;24.76;27.78;1
2009.10.30;30.69;27.74;0
2009.10.31;30.69;27.71;0
2009.11.01;30.69;27.68;0
2009.11.02;29.78;27.65;0
2009.11.03;28.81;27.62;0
2009.11.04;27.72;27.59;0
2009.11.05;25.43;27.55;1
2009.11.06;24.19;27.47;1
2009.11.07;24.19;27.41;1
2009.11.08;24.19;27.34;1
2009.11.09;23.15;27.27;1
2009.11.10;22.84;27.20;1
2009.11.11;23.04;27.13;1
2009.11.12;24.24;27.07;1
2009.11.13;23.36;26.99;1
2009.11.14;23.36;26.92;1
2009.11.15;23.36;26.86;1
2009.11.16;22.89;26.79;1
2009.11.17;22.41;26.72;1
2009.11.18;21.63;26.66;1
2009.11.19;22.63;26.59;1
2009.11.20;22.19;26.53;1
2009.11.21;22.19;26.47;1
2009.11.22;22.19;26.42;1
2009.11.23;21.16;26.36;1
2009.11.24;20.47;26.30;1
2009.11.25;20.48;26.25;1
2009.11.26;20.48;26.19;1
2009.11.27;24.74;26.15;1
2009.11.28;24.74;26.11;1
2009.11.29;24.74;26.07;1
2009.11.30;24.51;26.03;1
2009.12.01;21.92;25.98;1
2009.12.02;21.12;25.92;1
2009.12.03;22.46;25.86;1
2009.12.04;21.25;25.82;1
2009.12.05;21.25;25.78;1
2009.12.06;21.25;25.74;1
2009.12.07;22.10;25.70;1
2009.12.08;23.69;25.65;1
2009.12.09;22.66;25.60;1
2009.12.10;22.32;25.55;1
2009.12.11;21.59;25.49;1
2009.12.12;21.59;25.45;1
2009.12.13;21.59;25.40;1
2009.12.14;21.15;25.34;1
2009.12.15;21.49;25.31;1
2009.12.16;20.54;25.26;1
2009.12.17;22.51;25.23;1
2009.12.18;21.68;25.19;1
2009.12.19;21.68;25.15;1
2009.12.20;21.68;25.10;1
2009.12.21;20.49;25.06;1
2009.12.22;19.54;25.01;1
2009.12.23;19.71;24.96;1
2009.12.24;19.47;24.90;1
2009.12.25;19.47;24.85;1
2009.12.26;19.47;24.81;1
2009.12.27;19.47;24.76;1
2009.12.28;19.93;24.72;1
2009.12.29;20.01;24.68;1
2009.12.30;19.96;24.64;1
2009.12.31;21.68;24.61;1
2010.01.01;21.68;24.56;1
2010.01.02;21.68;24.51;1
2010.01.03;21.68;24.46;1
2010.01.04;20.04;24.41;1
2010.01.05;19.35;24.37;1
2010.01.06;19.16;24.32;1
2010.01.07;19.06;24.28;1
2010.01.08;18.13;24.21;1
2010.01.09;18.13;24.15;1
2010.01.10;18.13;24.10;1
2010.01.11;17.55;24.05;1
2010.01.12;18.25;24.01;1
2010.01.13;17.85;23.97;1
2010.01.14;17.63;23.93;1
2010.01.15;17.91;23.89;1
2010.01.16;17.91;23.85;1
2010.01.17;17.91;23.81;1
2010.01.18;17.91;23.76;1
2010.01.19;17.58;23.71;1
2010.01.20;18.68;23.66;1
2010.01.21;22.27;23.63;1
2010.01.22;27.31;23.62;0
2010.01.23;27.31;23.61;0
2010.01.24;27.31;23.59;0
2010.01.25;25.41;23.57;0
2010.01.26;24.55;23.54;0
2010.01.27;23.14;23.51;1
2010.01.28;23.73;23.49;0
2010.01.29;24.62;23.48;0
2010.01.30;24.62;23.48;0
2010.01.31;24.62;23.47;0
2010.02.01;22.59;23.46;1
2010.02.02;21.48;23.44;1
2010.02.03;21.60;23.43;1
2010.02.04;26.08;23.44;0
2010.02.05;26.11;23.45;0
2010.02.06;26.11;23.46;0
2010.02.07;26.11;23.47;0
2010.02.08;26.51;23.49;0
2010.02.09;26.00;23.50;0
2010.02.10;25.40;23.51;0
2010.02.11;23.96;23.52;0
2010.02.12;22.73;23.51;1
2010.02.13;22.73;23.50;1
2010.02.14;22.73;23.48;1
2010.02.15;22.73;23.47;1
2010.02.16;22.25;23.45;1
2010.02.17;21.72;23.43;1
2010.02.18;20.63;23.40;1
2010.02.19;20.02;23.38;1
2010.02.20;20.02;23.35;1
2010.02.21;20.02;23.33;1
2010.02.22;19.94;23.30;1
2010.02.23;21.37;23.28;1
2010.02.24;20.27;23.26;1
2010.02.25;20.10;23.24;1
2010.02.26;19.50;23.21;1
2010.02.27;19.50;23.18;1
2010.02.28;19.50;23.15;1
2010.03.01;19.26;23.12;1
2010.03.02;19.06;23.09;1
2010.03.03;18.83;23.07;1
2010.03.04;18.72;23.04;1
2010.03.05;17.42;22.99;1
2010.03.06;17.42;22.94;1
2010.03.07;17.42;22.90;1
2010.03.08;17.79;22.86;1
2010.03.09;17.92;22.83;1
2010.03.10;18.57;22.79;1
2010.03.11;18.06;22.76;1
2010.03.12;17.58;22.72;1
2010.03.13;17.58;22.68;1
2010.03.14;17.58;22.65;1
2010.03.15;18.00;22.61;1
2010.03.16;17.69;22.58;1
2010.03.17;16.91;22.54;1
2010.03.18;16.62;22.50;1
2010.03.19;16.97;22.45;1
2010.03.20;16.97;22.39;1
2010.03.21;16.97;22.33;1
2010.03.22;16.87;22.28;1
2010.03.23;16.35;22.24;1
2010.03.24;17.55;22.20;1
2010.03.25;18.40;22.16;1
2010.03.26;17.77;22.13;1
2010.03.27;17.77;22.09;1
2010.03.28;17.77;22.05;1
2010.03.29;17.59;22.02;1
2010.03.30;17.13;21.99;1
2010.03.31;17.59;21.96;1
2010.04.01;17.47;21.92;1
2010.04.02;17.47;21.89;1
2010.04.03;17.47;21.86;1
2010.04.04;17.47;21.83;1
2010.04.05;17.02;21.80;1
2010.04.06;16.23;21.76;1
2010.04.07;16.62;21.72;1
2010.04.08;16.48;21.69;1
2010.04.09;16.14;21.65;1
2010.04.10;16.14;21.61;1
2010.04.11;16.14;21.57;1
2010.04.12;15.58;21.53;1
2010.04.13;16.20;21.48;1
2010.04.14;15.59;21.43;1
2010.04.15;15.89;21.38;1
2010.04.16;18.36;21.35;1
2010.04.17;18.36;21.31;1
2010.04.18;18.36;21.28;1
2010.04.19;17.34;21.22;1
2010.04.20;15.73;21.16;1
2010.04.21;16.32;21.10;1
2010.04.22;16.47;21.04;1
2010.04.23;16.62;20.99;1
2010.04.24;16.62;20.94;1
2010.04.25;16.62;20.90;1
2010.04.26;17.47;20.87;1
2010.04.27;22.81;20.86;0
2010.04.28;21.08;20.85;0
2010.04.29;18.44;20.83;1
2010.04.30;22.05;20.83;0
2010.05.01;22.05;20.82;0
2010.05.02;22.05;20.82;0
2010.05.03;20.19;20.81;1
2010.05.04;23.84;20.82;0
2010.05.05;24.91;20.84;0
2010.05.06;32.80;20.90;0
2010.05.07;40.95;20.99;0
2010.05.08;40.95;21.09;0
2010.05.09;40.95;21.19;0
2010.05.10;28.84;21.23;0
2010.05.11;28.32;21.26;0
2010.05.12;25.52;21.27;0
2010.05.13;26.68;21.30;0
2010.05.14;31.24;21.33;0
2010.05.15;31.24;21.36;0
2010.05.16;31.24;21.38;0
2010.05.17;30.84;21.41;0
2010.05.18;33.55;21.42;0
2010.05.19;35.32;21.45;0
2010.05.20;45.79;21.52;0
2010.05.21;40.10;21.57;0
2010.05.22;40.10;21.63;0
2010.05.23;40.10;21.69;0
2010.05.24;38.32;21.76;0
2010.05.25;34.61;21.81;0
2010.05.26;35.02;21.86;0
2010.05.27;29.68;21.89;0
2010.05.28;32.07;21.94;0
2010.05.29;32.07;21.98;0
2010.05.30;32.07;22.03;0
2010.05.31;32.07;22.07;0
2010.06.01;35.54;22.13;0
2010.06.02;30.17;22.16;0
2010.06.03;29.46;22.19;0
2010.06.04;35.48;22.25;0
2010.06.05;35.48;22.32;0
2010.06.06;35.48;22.39;0
2010.06.07;36.57;22.46;0
2010.06.08;33.70;22.52;0
2010.06.09;33.73;22.57;0
2010.06.10;30.57;22.62;0
2010.06.11;28.79;22.65;0
2010.06.12;28.79;22.70;0
2010.06.13;28.79;22.74;0
2010.06.14;28.58;22.78;0
2010.06.15;25.87;22.78;0
2010.06.16;25.92;22.79;0
2010.06.17;25.05;22.79;0
2010.06.18;23.95;22.79;0
2010.06.19;23.95;22.80;0
2010.06.20;23.95;22.81;0
2010.06.21;24.88;22.82;0
2010.06.22;27.05;22.85;0
2010.06.23;26.91;22.88;0
2010.06.24;29.74;22.92;0
2010.06.25;28.53;22.96;0
2010.06.26;28.53;22.98;0
2010.06.27;28.53;23.01;0
2010.06.28;29.00;23.04;0
2010.06.29;34.13;23.11;0
2010.06.30;34.54;23.17;0
2010.07.01;32.86;23.23;0
2010.07.02;30.12;23.27;0
2010.07.03;30.12;23.32;0
2010.07.04;30.12;23.36;0
2010.07.05;30.12;23.40;0
2010.07.06;29.65;23.44;0
2010.07.07;26.84;23.47;0
2010.07.08;25.71;23.49;0
2010.07.09;24.98;23.51;0
2010.07.10;24.98;23.54;0
2010.07.11;24.98;23.56;0
2010.07.12;24.43;23.59;0
2010.07.13;24.56;23.61;0
2010.07.14;24.89;23.64;0
2010.07.15;25.14;23.67;0
2010.07.16;26.25;23.70;0
2010.07.17;26.25;23.73;0
2010.07.18;26.25;23.76;0
2010.07.19;25.97;23.78;0
2010.07.20;23.93;23.80;0
2010.07.21;25.64;23.82;0
2010.07.22;24.63;23.83;0
2010.07.23;23.47;23.85;1
2010.07.24;23.47;23.87;1
2010.07.25;23.47;23.89;1
2010.07.26;22.73;23.91;1
2010.07.27;23.19;23.93;1
2010.07.28;24.25;23.96;0
2010.07.29;24.13;23.99;0
2010.07.30;23.50;24.02;1
2010.07.31;23.50;24.05;1
2010.08.01;23.50;24.08;1
2010.08.02;22.01;24.10;1
2010.08.03;22.63;24.12;1
2010.08.04;22.21;24.14;1
2010.08.05;22.10;24.17;1
2010.08.06;21.74;24.19;1
2010.08.07;21.74;24.21;1
2010.08.08;21.74;24.22;1
2010.08.09;22.14;24.22;1
2010.08.10;22.37;24.20;1
2010.08.11;25.39;24.19;0
2010.08.12;25.73;24.18;0
2010.08.13;26.24;24.18;0
2010.08.14;26.24;24.19;0
2010.08.15;26.24;24.21;0
2010.08.16;26.10;24.22;0
2010.08.17;24.33;24.22;0
2010.08.18;24.59;24.22;0
2010.08.19;26.44;24.23;0
2010.08.20;25.49;24.24;0
2010.08.21;25.49;24.26;0
2010.08.22;25.49;24.28;0
2010.08.23;25.66;24.28;0
2010.08.24;27.46;24.28;0
2010.08.25;26.70;24.29;0
2010.08.26;27.37;24.29;0
2010.08.27;24.45;24.28;0
2010.08.28;24.45;24.28;0
2010.08.29;24.45;24.27;0
2010.08.30;27.21;24.29;0
2010.08.31;26.05;24.30;0
2010.09.01;23.89;24.31;1
2010.09.02;23.19;24.31;1
2010.09.03;21.31;24.30;1
2010.09.04;21.31;24.30;1
2010.09.05;21.31;24.30;1
2010.09.06;21.31;24.30;1
2010.09.07;23.80;24.32;1
2010.09.08;23.25;24.34;1
2010.09.09;22.81;24.35;1
2010.09.10;21.99;24.36;1
2010.09.11;21.99;24.36;1
2010.09.12;21.99;24.37;1
2010.09.13;21.21;24.38;1
2010.09.14;21.56;24.39;1
2010.09.15;22.10;24.40;1
2010.09.16;21.72;24.41;1
2010.09.17;22.01;24.43;1
2010.09.18;22.01;24.44;1
2010.09.19;22.01;24.46;1
2010.09.20;21.50;24.47;1
2010.09.21;22.35;24.50;1
2010.09.22;22.51;24.52;1
2010.09.23;23.87;24.55;1
2010.09.24;21.71;24.57;1
2010.09.25;21.71;24.59;1
2010.09.26;21.71;24.61;1
2010.09.27;22.54;24.63;1
2010.09.28;22.60;24.65;1
2010.09.29;23.25;24.68;1
2010.09.30;23.70;24.71;1
2010.10.01;22.50;24.74;1
2010.10.02;22.50;24.76;1
2010.10.03;22.50;24.79;1
2010.10.04;23.53;24.82;1
2010.10.05;21.76;24.85;1
2010.10.06;21.49;24.87;1
2010.10.07;21.56;24.89;1
2010.10.08;20.71;24.91;1
2010.10.09;20.71;24.93;1
2010.10.10;20.71;24.95;1
2010.10.11;18.96;24.95;1
2010.10.12;18.93;24.96;1
2010.10.13;19.07;24.96;1
2010.10.14;19.88;24.97;1
2010.10.15;19.03;24.98;1
2010.10.16;19.03;24.99;1
2010.10.17;19.03;25.00;1
2010.10.18;19.09;25.01;1
2010.10.19;20.63;25.02;1
2010.10.20;19.79;25.03;1
2010.10.21;19.27;25.04;1
2010.10.22;18.78;25.05;1
2010.10.23;18.78;25.06;1
2010.10.24;18.78;25.08;1
2010.10.25;19.85;25.09;1
2010.10.26;20.22;25.11;1
2010.10.27;20.71;25.14;1
2010.10.28;20.88;25.16;1
2010.10.29;21.20;25.19;1
2010.10.30;21.20;25.21;1
2010.10.31;21.20;25.24;1
2010.11.01;21.83;25.27;1
2010.11.02;21.57;25.29;1
2010.11.03;19.56;25.29;1
2010.11.04;18.52;25.29;1
2010.11.05;18.26;25.30;1
2010.11.06;18.26;25.31;1
2010.11.07;18.26;25.32;1
2010.11.08;18.29;25.33;1
2010.11.09;19.08;25.34;1
2010.11.10;18.47;25.35;1
2010.11.11;18.64;25.36;1
2010.11.12;20.61;25.38;1
2010.11.13;20.61;25.37;1
2010.11.14;20.61;25.36;1
2010.11.15;20.20;25.37;1
2010.11.16;22.58;25.37;1
2010.11.17;21.76;25.37;1
2010.11.18;18.75;25.36;1
2010.11.19;18.04;25.35;1
2010.11.20;18.04;25.32;1
2010.11.21;18.04;25.28;1
2010.11.22;18.37;25.21;1
2010.11.23;20.63;25.11;1
2010.11.24;19.56;25.00;1
2010.11.25;19.56;24.89;1
2010.11.26;22.22;24.86;1
2010.11.27;22.22;24.83;1
2010.11.28;22.22;24.81;1
2010.11.29;21.53;24.79;1
2010.11.30;23.54;24.75;1
2010.12.01;21.36;24.70;1
2010.12.02;19.39;24.64;1
2010.12.03;18.01;24.58;1
2010.12.04;18.01;24.50;1
2010.12.05;18.01;24.41;1
2010.12.06;18.02;24.27;1
2010.12.07;17.99;24.16;1
2010.12.08;17.74;24.05;1
2010.12.09;17.25;23.94;1
2010.12.10;17.61;23.83;1
2010.12.11;17.61;23.75;1
2010.12.12;17.61;23.66;1
2010.12.13;17.55;23.60;1
2010.12.14;17.61;23.53;1
2010.12.15;17.94;23.46;1
2010.12.16;17.39;23.39;1
2010.12.17;16.11;23.31;1
2010.12.18;16.11;23.21;1
2010.12.19;16.11;23.14;1
2010.12.20;16.41;23.07;1
2010.12.21;16.49;22.98;1
2010.12.22;15.45;22.88;1
2010.12.23;16.47;22.78;1
2010.12.24;16.47;22.68;1
2010.12.25;16.47;22.60;1
2010.12.26;16.47;22.51;1
2010.12.27;17.67;22.45;1
2010.12.28;17.52;22.39;1
2010.12.29;17.28;22.33;1
2010.12.30;17.52;22.27;1
2010.12.31;17.75;22.22;1
2011.01.01;17.75;22.18;1
2011.01.02;17.75;22.14;1
2011.01.03;17.61;22.10;1
2011.01.04;17.38;22.07;1
2011.01.05;17.02;22.03;1
2011.01.06;17.40;22.00;1
2011.01.07;17.14;21.96;1
2011.01.08;17.14;21.91;1
2011.01.09;17.14;21.86;1
2011.01.10;17.54;21.80;1
2011.01.11;16.89;21.75;1
2011.01.12;16.24;21.68;1
2011.01.13;16.39;21.62;1
2011.01.14;15.46;21.56;1
2011.01.15;15.46;21.46;1
2011.01.16;15.46;21.37;1
2011.01.17;15.46;21.28;1
2011.01.18;15.87;21.21;1
2011.01.19;17.31;21.14;1
2011.01.20;17.99;21.08;1
2011.01.21;18.47;21.03;1
2011.01.22;18.47;20.97;1
2011.01.23;18.47;20.93;1
2011.01.24;17.65;20.89;1
2011.01.25;17.59;20.85;1
2011.01.26;16.64;20.81;1
2011.01.27;16.15;20.76;1
2011.01.28;20.04;20.74;1
2011.01.29;20.04;20.72;1
2011.01.30;20.04;20.70;1
2011.01.31;19.53;20.67;1
2011.02.01;17.63;20.62;1
2011.02.02;17.30;20.58;1
2011.02.03;16.69;20.53;1
2011.02.04;15.93;20.48;1
2011.02.05;15.93;20.44;1
2011.02.06;15.93;20.39;1
2011.02.07;16.28;20.35;1
2011.02.08;15.81;20.31;1
2011.02.09;15.87;20.28;1
2011.02.10;16.09;20.24;1
2011.02.11;15.69;20.20;1
2011.02.12;15.69;20.17;1
2011.02.13;15.69;20.12;1
2011.02.14;15.95;20.08;1
2011.02.15;16.37;20.05;1
2011.02.16;16.72;20.01;1
2011.02.17;16.59;19.98;1
2011.02.18;16.43;19.95;1
2011.02.19;16.43;19.92;1
2011.02.20;16.43;19.89;1
2011.02.21;16.43;19.86;1
2011.02.22;20.80;19.86;0
2011.02.23;22.13;19.86;0
2011.02.24;21.32;19.86;0
2011.02.25;19.22;19.84;1
2011.02.26;19.22;19.83;1
2011.02.27;19.22;19.80;1
2011.02.28;18.35;19.76;1
2011.03.01;21.01;19.73;0
2011.03.02;20.70;19.71;0
2011.03.03;18.60;19.67;1
2011.03.04;19.06;19.63;1
2011.03.05;19.06;19.61;1
2011.03.06;19.06;19.58;1
2011.03.07;20.66;19.55;0
2011.03.08;19.82;19.52;0
2011.03.09;20.22;19.49;0
2011.03.10;21.88;19.48;0
2011.03.11;20.08;19.45;0
2011.03.12;20.08;19.41;0
2011.03.13;20.08;19.38;0
2011.03.14;21.13;19.35;0
2011.03.15;24.32;19.35;0
2011.03.16;29.40;19.37;0
2011.03.17;26.37;19.38;0
2011.03.18;24.44;19.37;0
2011.03.19;24.44;19.36;0
2011.03.20;24.44;19.36;0
2011.03.21;20.61;19.35;0
2011.03.22;20.21;19.34;0
2011.03.23;19.17;19.33;1
2011.03.24;18.00;19.32;1
2011.03.25;17.91;19.30;1
2011.03.26;17.91;19.27;1
2011.03.27;17.91;19.24;1
2011.03.28;19.44;19.23;0
2011.03.29;18.16;19.21;1
2011.03.30;17.71;19.19;1
2011.03.31;17.74;19.16;1
2011.04.01;17.40;19.15;1
2011.04.02;17.40;19.12;1
2011.04.03;17.40;19.10;1
2011.04.04;17.50;19.08;1
2011.04.05;17.25;19.06;1
2011.04.06;16.90;19.03;1
2011.04.07;17.11;19.01;1
2011.04.08;17.87;18.99;1
2011.04.09;17.87;18.97;1
2011.04.10;17.87;18.94;1
2011.04.11;16.59;18.91;1
2011.04.12;17.09;18.88;1
2011.04.13;16.92;18.86;1
2011.04.14;16.27;18.83;1
2011.04.15;15.32;18.80;1
2011.04.16;15.32;18.76;1
2011.04.17;15.32;18.72;1
2011.04.18;16.96;18.69;1
2011.04.19;15.83;18.65;1
2011.04.20;15.07;18.62;1
2011.04.21;14.69;18.58;1
2011.04.22;14.69;18.53;1
2011.04.23;14.69;18.50;1
2011.04.24;14.69;18.46;1
2011.04.25;15.77;18.43;1
2011.04.26;15.62;18.41;1
2011.04.27;15.35;18.38;1
2011.04.28;14.62;18.35;1
2011.04.29;14.75;18.33;1
2011.04.30;14.75;18.31;1
2011.05.01;14.75;18.29;1
2011.05.02;15.99;18.27;1
2011.05.03;16.70;18.26;1
2011.05.04;17.08;18.25;1
2011.05.05;18.20;18.24;1
2011.05.06;18.40;18.24;0
2011.05.07;18.40;18.23;0
2011.05.08;18.40;18.22;0
2011.05.09;17.16;18.21;1
2011.05.10;15.91;18.20;1
2011.05.11;16.95;18.19;1
2011.05.12;16.03;18.17;1
2011.05.13;17.07;18.16;1
2011.05.14;17.07;18.14;1
2011.05.15;17.07;18.13;1
2011.05.16;18.24;18.11;0
2011.05.17;17.55;18.09;1
2011.05.18;16.23;18.07;1
2011.05.19;15.52;18.04;1
2011.05.20;17.43;18.02;1
2011.05.21;17.43;18.00;1
2011.05.22;17.43;17.99;1
2011.05.23;18.27;17.99;0
2011.05.24;17.82;17.98;1
2011.05.25;17.07;17.98;1
2011.05.26;16.09;17.97;1
2011.05.27;15.98;17.96;1
2011.05.28;15.98;17.94;1
2011.05.29;15.98;17.93;1
2011.05.30;15.98;17.91;1
2011.05.31;15.45;17.89;1
2011.06.01;18.30;17.88;0
2011.06.02;18.09;17.86;0
2011.06.03;17.95;17.85;0
2011.06.04;17.95;17.83;0
2011.06.05;17.95;17.81;0
2011.06.06;18.49;17.81;0
2011.06.07;18.07;17.81;0
2011.06.08;18.79;17.81;0
2011.06.09;17.77;17.81;1
2011.06.10;18.86;17.81;0
2011.06.11;18.86;17.81;0
2011.06.12;18.86;17.80;0
2011.06.13;19.61;17.80;0
2011.06.14;18.26;17.78;0
2011.06.15;21.32;17.78;0
2011.06.16;22.73;17.78;0
2011.06.17;21.85;17.78;0
2011.06.18;21.85;17.77;0
2011.06.19;21.85;17.78;0
2011.06.20;19.99;17.78;0
2011.06.21;18.86;17.78;0
2011.06.22;18.52;17.79;0
2011.06.23;19.29;17.79;0
2011.06.24;21.10;17.81;0
2011.06.25;21.10;17.82;0
2011.06.26;21.10;17.84;0
2011.06.27;20.56;17.86;0
2011.06.28;19.17;17.86;0
2011.06.29;17.27;17.86;1
2011.06.30;16.52;17.86;1
2011.07.01;15.87;17.85;1
2011.07.02;15.87;17.84;1
2011.07.03;15.87;17.83;1
2011.07.04;15.87;17.82;1
2011.07.05;16.06;17.82;1
2011.07.06;16.34;17.82;1
2011.07.07;15.95;17.82;1
2011.07.08;15.95;17.82;1
2011.07.09;15.95;17.82;1
2011.07.10;15.95;17.82;1
2011.07.11;18.39;17.83;0
2011.07.12;19.87;17.85;0
2011.07.13;19.91;17.86;0
2011.07.14;20.80;17.89;0
2011.07.15;19.53;17.89;0
2011.07.16;19.53;17.90;0
2011.07.17;19.53;17.92;0
2011.07.18;20.95;17.93;0
2011.07.19;19.21;17.94;0
2011.07.20;19.09;17.95;0
2011.07.21;17.56;17.95;1
2011.07.22;17.52;17.95;1
2011.07.23;17.52;17.95;1
2011.07.24;17.52;17.95;1
2011.07.25;19.35;17.96;0
2011.07.26;20.23;17.97;0
2011.07.27;22.98;18.00;0
2011.07.28;23.74;18.04;0
2011.07.29;25.25;18.07;0
2011.07.30;25.25;18.12;0
2011.07.31;25.25;18.16;0
2011.08.01;23.66;18.20;0
2011.08.02;24.79;18.24;0
2011.08.03;23.38;18.28;0
2011.08.04;31.66;18.37;0
2011.08.05;32.00;18.45;0
2011.08.06;32.00;18.53;0
2011.08.07;32.00;18.60;0
2011.08.08;48.00;18.75;0
2011.08.09;35.06;18.83;0
2011.08.10;42.99;18.96;0
2011.08.11;39.00;19.06;0
2011.08.12;36.36;19.15;0
2011.08.13;36.36;19.25;0
2011.08.14;36.36;19.35;0
2011.08.15;31.87;19.42;0
2011.08.16;32.85;19.49;0
2011.08.17;31.58;19.55;0
2011.08.18;42.67;19.66;0
2011.08.19;43.05;19.78;0
2011.08.20;43.05;19.90;0
2011.08.21;43.05;20.03;0
2011.08.22;42.44;20.16;0
2011.08.23;36.27;20.26;0
2011.08.24;35.90;20.36;0
2011.08.25;39.76;20.48;0
2011.08.26;35.59;20.58;0
2011.08.27;35.59;20.68;0
2011.08.28;35.59;20.78;0
2011.08.29;32.28;20.86;0
2011.08.30;32.89;20.94;0
2011.08.31;31.62;21.02;0
2011.09.01;31.82;21.10;0
2011.09.02;33.92;21.19;0
2011.09.03;33.92;21.28;0
2011.09.04;33.92;21.37;0
2011.09.05;33.92;21.45;0
2011.09.06;37.00;21.56;0
2011.09.07;33.38;21.64;0
2011.09.08;34.32;21.73;0
2011.09.09;38.52;21.84;0
2011.09.10;38.52;21.93;0
2011.09.11;38.52;22.01;0
2011.09.12;38.59;22.10;0
2011.09.13;36.91;22.19;0
2011.09.14;34.60;22.26;0
2011.09.15;31.97;22.33;0
2011.09.16;30.98;22.39;0
2011.09.17;30.98;22.44;0
2011.09.18;30.98;22.49;0
2011.09.19;32.73;22.56;0
2011.09.20;32.86;22.63;0
2011.09.21;37.32;22.72;0
2011.09.22;41.35;22.83;0
2011.09.23;41.25;22.94;0
2011.09.24;41.25;23.04;0
2011.09.25;41.25;23.15;0
2011.09.26;39.02;23.24;0
2011.09.27;37.71;23.32;0
2011.09.28;41.08;23.43;0
2011.09.29;38.84;23.52;0
2011.09.30;42.96;23.63;0
2011.10.01;42.96;23.72;0
2011.10.02;42.96;23.79;0
2011.10.03;45.45;23.89;0
2011.10.04;40.82;23.97;0
2011.10.05;37.81;24.04;0
2011.10.06;36.27;24.10;0
2011.10.07;36.20;24.17;0
2011.10.08;36.20;24.25;0
2011.10.09;36.20;24.34;0
2011.10.10;33.02;24.41;0
2011.10.11;32.86;24.49;0
2011.10.12;31.26;24.56;0
2011.10.13;30.70;24.62;0
2011.10.14;28.24;24.66;0
2011.10.15;28.24;24.71;0
2011.10.16;28.24;24.77;0
2011.10.17;33.39;24.84;0
2011.10.18;31.56;24.92;0
2011.10.19;34.44;25.00;0
2011.10.20;34.78;25.09;0
2011.10.21;31.32;25.16;0
2011.10.22;31.32;25.23;0
2011.10.23;31.32;25.30;0
2011.10.24;29.26;25.36;0
2011.10.25;32.22;25.43;0
2011.10.26;29.86;25.49;0
2011.10.27;25.46;25.53;1
2011.10.28;24.53;25.57;1
2011.10.29;24.53;25.61;1
2011.10.30;24.53;25.64;1
2011.10.31;29.96;25.71;0
2011.11.01;34.77;25.81;0
2011.11.02;32.74;25.90;0
2011.11.03;30.50;25.97;0
2011.11.04;30.16;26.04;0
2011.11.05;30.16;26.11;0
2011.11.06;30.16;26.19;0
2011.11.07;29.85;26.26;0
2011.11.08;27.48;26.33;0
2011.11.09;36.16;26.43;0
2011.11.10;32.81;26.52;0
2011.11.11;30.04;26.60;0
2011.11.12;30.04;26.67;0
2011.11.13;30.04;26.74;0
2011.11.14;31.13;26.82;0
2011.11.15;31.22;26.91;0
2011.11.16;33.51;27.00;0
2011.11.17;34.51;27.10;0
2011.11.18;32.00;27.18;0
2011.11.19;32.00;27.25;0
2011.11.20;32.00;27.33;0
2011.11.21;32.91;27.40;0
2011.11.22;31.97;27.47;0
2011.11.23;33.98;27.55;0
2011.11.24;33.98;27.63;0
2011.11.25;34.47;27.71;0
2011.11.26;34.47;27.81;0
2011.11.27;34.47;27.89;0
2011.11.28;32.13;27.97;0
2011.11.29;30.64;28.04;0
2011.11.30;27.80;28.10;1
2011.12.01;27.41;28.15;1
2011.12.02;27.52;28.19;1
2011.12.03;27.52;28.24;1
2011.12.04;27.52;28.30;1
2011.12.05;27.84;28.36;1
2011.12.06;28.13;28.42;1
2011.12.07;28.67;28.47;0
2011.12.08;30.59;28.54;0
2011.12.09;26.38;28.58;1
2011.12.10;26.38;28.62;1
2011.12.11;26.38;28.67;1
2011.12.12;25.67;28.71;1
2011.12.13;25.41;28.76;1
2011.12.14;26.04;28.81;1
2011.12.15;25.11;28.86;1
2011.12.16;24.29;28.90;1
2011.12.17;24.29;28.94;1
2011.12.18;24.29;28.97;1
2011.12.19;24.92;29.01;1
2011.12.20;23.22;29.03;1
2011.12.21;21.43;29.05;1
2011.12.22;21.16;29.07;1
2011.12.23;20.73;29.08;1
2011.12.24;20.73;29.09;1
2011.12.25;20.73;29.10;1
2011.12.26;20.73;29.12;1
2011.12.27;21.91;29.13;1
2011.12.28;23.52;29.16;1
2011.12.29;22.65;29.17;1
2011.12.30;23.40;29.19;1
2011.12.31;23.40;29.22;1
2012.01.01;23.40;29.23;1
2012.01.02;23.40;29.23;1
2012.01.03;22.97;29.24;1
2012.01.04;22.22;29.24;1
2012.01.05;21.48;29.24;1
2012.01.06;20.63;29.24;1
2012.01.07;20.63;29.25;1
2012.01.08;20.63;29.26;1
2012.01.09;21.07;29.27;1
2012.01.10;20.69;29.27;1
2012.01.11;21.05;29.27;1
2012.01.12;20.47;29.26;1
2012.01.13;20.91;29.27;1
2012.01.14;20.91;29.27;1
2012.01.15;20.91;29.29;1
2012.01.16;20.91;29.31;1
2012.01.17;22.20;29.35;1
2012.01.18;20.89;29.37;1
2012.01.19;19.87;29.39;1
2012.01.20;18.28;29.40;1
2012.01.21;18.28;29.41;1
2012.01.22;18.28;29.42;1
2012.01.23;18.67;29.44;1
2012.01.24;18.91;29.45;1
2012.01.25;18.31;29.46;1
2012.01.26;18.57;29.48;1
2012.01.27;18.53;29.48;1
2012.01.28;18.53;29.47;1
2012.01.29;18.53;29.46;1
2012.01.30;19.40;29.46;1
2012.01.31;19.44;29.46;1
2012.02.01;18.55;29.45;1
2012.02.02;17.98;29.44;1
2012.02.03;17.10;29.43;1
2012.02.04;17.10;29.41;1
2012.02.05;17.10;29.41;1
2012.02.06;17.76;29.41;1
2012.02.07;17.65;29.41;1
2012.02.08;18.16;29.41;1
2012.02.09;18.63;29.42;1
2012.02.10;20.79;29.42;1
2012.02.11;20.79;29.43;1
2012.02.12;20.79;29.41;1
2012.02.13;19.04;29.39;1
2012.02.14;19.54;29.36;1
2012.02.15;21.14;29.34;1
2012.02.16;19.22;29.31;1
2012.02.17;17.78;29.28;1
2012.02.18;17.78;29.25;1
2012.02.19;17.78;29.22;1
2012.02.20;17.78;29.15;1
2012.02.21;18.19;29.08;1
2012.02.22;18.19;29.01;1
2012.02.23;16.80;28.94;1
2012.02.24;17.31;28.78;1
2012.02.25;17.31;28.69;1
2012.02.26;17.31;28.57;1
2012.02.27;18.19;28.46;1
2012.02.28;17.96;28.37;1
2012.02.29;18.43;28.28;1
2012.03.01;17.26;28.18;1
2012.03.02;17.29;28.11;1
2012.03.03;17.29;28.03;1
2012.03.04;17.29;27.96;1
2012.03.05;18.05;27.84;1
2012.03.06;20.87;27.73;1
2012.03.07;19.07;27.61;1
2012.03.08;17.95;27.48;1
2012.03.09;17.11;27.36;1
2012.03.10;17.11;27.26;1
2012.03.11;17.11;27.17;1
2012.03.12;15.64;27.05;1
2012.03.13;14.80;26.94;1
2012.03.14;15.31;26.84;1
2012.03.15;15.42;26.74;1
2012.03.16;14.47;26.65;1
2012.03.17;14.47;26.56;1
2012.03.18;14.47;26.47;1
2012.03.19;15.04;26.39;1
2012.03.20;15.58;26.30;1
2012.03.21;15.13;26.20;1
2012.03.22;15.57;26.11;1
2012.03.23;14.82;26.02;1
2012.03.24;14.82;25.90;1
2012.03.25;14.82;25.81;1
2012.03.26;14.26;25.71;1
2012.03.27;15.59;25.60;1
2012.03.28;15.47;25.48;1
2012.03.29;15.48;25.37;1
2012.03.30;15.50;25.25;1
2012.03.31;15.50;25.14;1
2012.04.01;15.50;25.05;1
2012.04.02;15.64;24.97;1
2012.04.03;15.66;24.89;1
2012.04.04;16.44;24.82;1
2012.04.05;16.70;24.75;1
2012.04.06;16.70;24.67;1
2012.04.07;16.70;24.59;1
2012.04.08;16.70;24.48;1
2012.04.09;18.81;24.37;1
2012.04.10;20.39;24.27;1
2012.04.11;20.02;24.16;1
2012.04.12;17.20;24.04;1
2012.04.13;19.55;23.94;1
2012.04.14;19.55;23.85;1
2012.04.15;19.55;23.74;1
2012.04.16;19.55;23.65;1
2012.04.17;18.46;23.52;1
2012.04.18;18.64;23.40;1
2012.04.19;18.36;23.28;1
2012.04.20;17.44;23.14;1
2012.04.21;17.44;23.02;1
2012.04.22;17.44;22.92;1
2012.04.23;18.97;22.83;1
2012.04.24;18.10;22.74;1
2012.04.25;16.82;22.65;1
2012.04.26;16.24;22.55;1
2012.04.27;16.32;22.46;1
2012.04.28;16.32;22.38;1
2012.04.29;16.32;22.31;1
2012.04.30;17.15;22.24;1
2012.05.01;16.60;22.18;1
2012.05.02;16.88;22.12;1
2012.05.03;17.56;22.07;1
2012.05.04;19.16;22.00;1
2012.05.05;19.16;21.94;1
2012.05.06;19.16;21.86;1
2012.05.07;18.94;21.78;1
2012.05.08;19.05;21.72;1
2012.05.09;20.08;21.66;1
2012.05.10;18.83;21.60;1
2012.05.11;19.89;21.55;1
2012.05.12;19.89;21.49;1
2012.05.13;19.89;21.44;1
2012.05.14;21.87;21.42;0
2012.05.15;21.97;21.41;0
2012.05.16;22.27;21.40;0
2012.05.17;24.49;21.40;0
2012.05.18;25.10;21.38;0
2012.05.19;25.10;21.33;0
2012.05.20;25.10;21.29;0
2012.05.21;22.01;21.25;0
2012.05.22;22.48;21.21;0
2012.05.23;22.33;21.17;0
2012.05.24;21.54;21.13;0
2012.05.25;21.76;21.09;0
2012.05.26;21.76;21.06;0
2012.05.27;21.76;20.99;0
2012.05.28;21.76;20.93;0
2012.05.29;21.03;20.89;0
2012.05.30;24.14;20.86;0
2012.05.31;24.06;20.83;0
2012.06.01;26.66;20.80;0
2012.06.02;26.66;20.78;0
2012.06.03;26.66;20.75;0
2012.06.04;26.12;20.70;0
2012.06.05;24.68;20.67;0
2012.06.06;22.16;20.62;0
2012.06.07;21.72;20.57;0
2012.06.08;21.23;20.51;0
2012.06.09;21.23;20.46;0
2012.06.10;21.23;20.39;0
2012.06.11;23.56;20.34;0
2012.06.12;22.09;20.28;0
2012.06.13;24.27;20.23;0
2012.06.14;21.68;20.16;0
2012.06.15;21.11;20.11;0
2012.06.16;21.11;20.06;0
2012.06.17;21.11;20.03;0
2012.06.18;18.32;19.98;1
2012.06.19;18.38;19.94;1
2012.06.20;17.24;19.88;1
2012.06.21;20.08;19.85;0
2012.06.22;18.11;19.80;1
2012.06.23;18.11;19.75;1
2012.06.24;18.11;19.69;1
2012.06.25;20.38;19.64;0
2012.06.26;19.72;19.61;0
2012.06.27;19.45;19.58;1
2012.06.28;19.71;19.54;0
2012.06.29;17.08;19.50;1
2012.06.30;17.08;19.46;1
2012.07.01;17.08;19.41;1
2012.07.02;16.80;19.37;1
2012.07.03;16.66;19.33;1
2012.07.04;16.66;19.30;1
2012.07.05;17.50;19.26;1
2012.07.06;17.10;19.22;1
2012.07.07;17.10;19.19;1
2012.07.08;17.10;19.17;1
2012.07.09;17.98;19.15;1
2012.07.10;18.72;19.14;1
2012.07.11;17.95;19.13;1
2012.07.12;18.33;19.12;1
2012.07.13;16.74;19.10;1
2012.07.14;16.74;19.07;1
2012.07.15;16.74;19.04;1
2012.07.16;17.11;19.01;1
2012.07.17;16.48;18.98;1
2012.07.18;16.16;18.94;1
2012.07.19;15.45;18.90;1
2012.07.20;16.27;18.86;1
2012.07.21;16.27;18.83;1
2012.07.22;16.27;18.80;1
2012.07.23;18.62;18.79;1
2012.07.24;20.47;18.79;0
2012.07.25;19.34;18.78;0
2012.07.26;17.53;18.76;1
2012.07.27;16.70;18.74;1
2012.07.28;16.70;18.72;1
2012.07.29;16.70;18.70;1
2012.07.30;18.03;18.69;1
2012.07.31;18.93;18.68;0
2012.08.01;18.96;18.67;0
2012.08.02;17.57;18.65;1
2012.08.03;15.64;18.63;1
2012.08.04;15.64;18.59;1
2012.08.05;15.64;18.57;1
2012.08.06;15.95;18.55;1
2012.08.07;15.99;18.54;1
2012.08.08;15.32;18.52;1
2012.08.09;15.28;18.51;1
2012.08.10;14.74;18.49;1
2012.08.11;14.74;18.47;1
2012.08.12;14.74;18.45;1
2012.08.13;13.70;18.42;1
2012.08.14;14.85;18.40;1
2012.08.15;14.63;18.39;1
2012.08.16;14.29;18.36;1
2012.08.17;13.45;18.33;1
2012.08.18;13.45;18.30;1
2012.08.19;13.45;18.28;1
2012.08.20;14.02;18.26;1
2012.08.21;15.02;18.25;1
2012.08.22;15.11;18.24;1
2012.08.23;15.96;18.23;1
2012.08.24;15.18;18.22;1
2012.08.25;15.18;18.21;1
2012.08.26;15.18;18.19;1
2012.08.27;16.35;18.18;1
2012.08.28;16.49;18.16;1
2012.08.29;17.06;18.14;1
2012.08.30;17.83;18.13;1
2012.08.31;17.47;18.12;1
2012.09.01;17.47;18.11;1
2012.09.02;17.47;18.09;1
2012.09.03;17.47;18.08;1
2012.09.04;17.98;18.08;1
2012.09.05;17.74;18.08;1
2012.09.06;15.60;18.07;1
2012.09.07;14.38;18.05;1
2012.09.08;14.38;18.04;1
2012.09.09;14.38;18.02;1
2012.09.10;16.28;18.01;1
2012.09.11;16.41;18.01;1
2012.09.12;15.80;18.00;1
2012.09.13;14.05;17.99;1
2012.09.14;14.51;17.97;1
2012.09.15;14.51;17.95;1
2012.09.16;14.51;17.93;1
2012.09.17;14.59;17.92;1
2012.09.18;14.18;17.90;1
2012.09.19;13.88;17.88;1
2012.09.20;14.07;17.87;1
2012.09.21;13.98;17.85;1
2012.09.22;13.98;17.81;1
2012.09.23;13.98;17.79;1
2012.09.24;14.15;17.77;1
2012.09.25;15.43;17.76;1
2012.09.26;16.81;17.76;1
2012.09.27;14.84;17.75;1
2012.09.28;15.73;17.75;1
2012.09.29;15.73;17.75;1
2012.09.30;15.73;17.75;1
2012.10.01;16.32;17.76;1
2012.10.02;15.71;17.77;1
2012.10.03;15.43;17.77;1
2012.10.04;14.55;17.77;1
2012.10.05;14.33;17.77;1
2012.10.06;14.33;17.76;1
2012.10.07;14.33;17.76;1
2012.10.08;15.11;17.75;1
2012.10.09;16.37;17.76;1
2012.10.10;16.29;17.77;1
2012.10.11;15.59;17.77;1
2012.10.12;16.14;17.78;1
2012.10.13;16.14;17.79;1
2012.10.14;16.14;17.79;1
2012.10.15;15.27;17.79;1
2012.10.16;15.22;17.79;1
2012.10.17;15.07;17.78;1
2012.10.18;15.03;17.78;1
2012.10.19;17.06;17.79;1
2012.10.20;17.06;17.80;1
2012.10.21;17.06;17.80;1
2012.10.22;16.62;17.80;1
2012.10.23;18.83;17.81;0
2012.10.24;18.33;17.82;0
2012.10.25;18.12;17.82;0
2012.10.26;17.81;17.82;1
2012.10.27;17.81;17.81;0
2012.10.28;17.81;17.80;0
2012.10.29;17.81;17.80;0
2012.10.30;17.81;17.79;0
2012.10.31;18.60;17.79;0
2012.11.01;16.69;17.77;1
2012.11.02;17.59;17.76;1
2012.11.03;17.59;17.76;1
2012.11.04;17.59;17.75;1
2012.11.05;18.42;17.75;0
2012.11.06;17.58;17.75;1
2012.11.07;19.08;17.76;0
2012.11.08;18.49;17.77;0
2012.11.09;18.61;17.76;0
2012.11.10;18.61;17.77;0
2012.11.11;18.61;17.78;0
2012.11.12;16.68;17.78;1
2012.11.13;16.65;17.78;1
2012.11.14;17.92;17.79;0
2012.11.15;17.99;17.80;0
2012.11.16;16.41;17.79;1
2012.11.17;16.41;17.79;1
2012.11.18;16.41;17.79;1
2012.11.19;15.24;17.78;1
2012.11.20;15.08;17.76;1
2012.11.21;15.31;17.74;1
2012.11.22;15.31;17.72;1
2012.11.23;15.14;17.70;1
2012.11.24;15.14;17.68;1
2012.11.25;15.14;17.66;1
2012.11.26;15.50;17.64;1
2012.11.27;15.92;17.62;1
2012.11.28;15.51;17.60;1
2012.11.29;15.06;17.57;1
2012.11.30;15.87;17.54;1
2012.12.01;15.87;17.51;1
2012.12.02;15.87;17.48;1
2012.12.03;16.64;17.44;1
2012.12.04;17.12;17.40;1
2012.12.05;16.46;17.36;1
2012.12.06;16.58;17.32;1
2012.12.07;15.90;17.28;1
2012.12.08;15.90;17.25;1
2012.12.09;15.90;17.22;1
2012.12.10;16.05;17.19;1
2012.12.11;15.57;17.16;1
2012.12.12;15.95;17.13;1
2012.12.13;16.56;17.11;1
2012.12.14;17.00;17.08;1
2012.12.15;17.00;17.06;1
2012.12.16;17.00;17.03;1
2012.12.17;16.34;16.99;1
2012.12.18;15.57;16.93;1
2012.12.19;17.36;16.89;0
2012.12.20;17.67;16.84;0
2012.12.21;17.84;16.80;0
2012.12.22;17.84;16.77;0
2012.12.23;17.84;16.74;0
2012.12.24;17.84;16.72;0
2012.12.25;17.84;16.71;0
2012.12.26;19.48;16.70;0
2012.12.27;19.47;16.69;0
2012.12.28;22.72;16.69;0
2012.12.29;22.72;16.69;0
2012.12.30;22.72;16.68;0
2012.12.31;18.02;16.66;0
2013.01.01;18.02;16.65;0
2013.01.02;14.68;16.61;1
2013.01.03;14.56;16.58;1
2013.01.04;13.83;16.56;1
2013.01.05;13.83;16.54;1
2013.01.06;13.83;16.52;1
2013.01.07;13.79;16.49;1
2013.01.08;13.62;16.47;1
2013.01.09;13.81;16.44;1
2013.01.10;13.49;16.42;1
2013.01.11;13.36;16.39;1
2013.01.12;13.36;16.35;1
2013.01.13;13.36;16.32;1
2013.01.14;13.52;16.29;1
2013.01.15;13.55;16.28;1
2013.01.16;13.42;16.26;1
2013.01.17;13.57;16.24;1
2013.01.18;12.46;16.22;1
2013.01.19;12.46;16.20;1
2013.01.20;12.46;16.18;1
2013.01.21;12.46;16.15;1
2013.01.22;12.43;16.13;1
2013.01.23;12.46;16.10;1
2013.01.24;12.69;16.08;1
2013.01.25;12.89;16.06;1
2013.01.26;12.89;16.03;1
2013.01.27;12.89;16.00;1
2013.01.28;13.57;15.98;1
2013.01.29;13.31;15.96;1
2013.01.30;14.32;15.95;1
2013.01.31;14.28;15.94;1
2013.02.01;12.90;15.92;1
2013.02.02;12.90;15.90;1
2013.02.03;12.90;15.88;1
2013.02.04;14.67;15.88;1
2013.02.05;13.72;15.87;1
2013.02.06;13.41;15.85;1
2013.02.07;13.50;15.84;1
2013.02.08;13.02;15.81;1
2013.02.09;13.02;15.77;1
2013.02.10;13.02;15.74;1
2013.02.11;12.94;15.72;1
2013.02.12;12.64;15.70;1
2013.02.13;12.98;15.68;1
2013.02.14;12.66;15.66;1
2013.02.15;12.46;15.63;1
2013.02.16;12.46;15.60;1
2013.02.17;12.46;15.57;1
2013.02.18;12.46;15.54;1
2013.02.19;12.31;15.52;1
2013.02.20;14.68;15.52;1
2013.02.21;15.22;15.52;1
2013.02.22;14.17;15.51;1
2013.02.23;14.17;15.50;1
2013.02.24;14.17;15.49;1
2013.02.25;18.99;15.51;0
2013.02.26;16.87;15.52;0
2013.02.27;14.73;15.52;1
2013.02.28;15.51;15.53;1
2013.03.01;15.36;15.53;1
2013.03.02;15.36;15.54;1
2013.03.03;15.36;15.54;1
2013.03.04;14.01;15.54;1
2013.03.05;13.48;15.54;1
2013.03.06;13.53;15.54;1
2013.03.07;13.06;15.54;1
2013.03.08;12.59;15.53;1
2013.03.09;12.59;15.52;1
2013.03.10;12.59;15.51;1
2013.03.11;11.56;15.48;1
2013.03.12;12.27;15.47;1
2013.03.13;11.83;15.45;1
2013.03.14;11.30;15.43;1
2013.03.15;11.30;15.41;1
2013.03.16;11.30;15.38;1
2013.03.17;11.30;15.35;1
2013.03.18;13.36;15.33;1
2013.03.19;14.39;15.31;1
2013.03.20;12.67;15.29;1
2013.03.21;13.99;15.27;1
2013.03.22;13.57;15.25;1
2013.03.23;13.57;15.23;1
2013.03.24;13.57;15.21;1
2013.03.25;13.74;15.20;1
2013.03.26;12.77;15.19;1
2013.03.27;13.15;15.19;1
2013.03.28;12.70;15.18;1
2013.03.29;12.70;15.16;1
2013.03.30;12.70;15.14;1
2013.03.31;12.70;15.13;1
2013.04.01;13.58;15.12;1
2013.04.02;12.78;15.12;1
2013.04.03;14.21;15.11;1
2013.04.04;13.89;15.11;1
2013.04.05;13.92;15.11;1
2013.04.06;13.92;15.11;1
2013.04.07;13.92;15.11;1
2013.04.08;13.19;15.10;1
2013.04.09;12.84;15.10;1
2013.04.10;12.36;15.09;1
2013.04.11;12.24;15.08;1
2013.04.12;12.06;15.07;1
2013.04.13;12.06;15.05;1
2013.04.14;12.06;15.03;1
2013.04.15;17.27;15.04;0
2013.04.16;13.96;15.03;1
2013.04.17;16.51;15.04;0
2013.04.18;17.56;15.05;0
2013.04.19;14.97;15.04;1
2013.04.20;14.97;15.04;1
2013.04.21;14.97;15.03;1
2013.04.22;14.39;15.03;1
2013.04.23;13.48;15.03;1
2013.04.24;13.61;15.02;1
2013.04.25;13.62;15.02;1
2013.04.26;13.61;15.01;1
2013.04.27;13.61;15.00;1
2013.04.28;13.61;14.99;1
2013.04.29;13.71;14.98;1
2013.04.30;13.52;14.96;1
2013.05.01;14.49;14.96;1
2013.05.02;13.59;14.94;1
2013.05.03;12.85;14.93;1
2013.05.04;12.85;14.92;1
2013.05.05;12.85;14.91;1
2013.05.06;12.66;14.90;1
2013.05.07;12.83;14.87;1
2013.05.08;12.66;14.85;1
2013.05.09;13.13;14.83;1
2013.05.10;12.59;14.81;1
2013.05.11;12.59;14.78;1
2013.05.12;12.59;14.75;1
2013.05.13;12.55;14.72;1
2013.05.14;12.77;14.70;1
2013.05.15;12.81;14.67;1
2013.05.16;13.07;14.65;1
2013.05.17;12.45;14.62;1
2013.05.18;12.45;14.60;1
2013.05.19;12.45;14.57;1
2013.05.20;13.02;14.55;1
2013.05.21;13.37;14.53;1
2013.05.22;13.82;14.51;1
2013.05.23;14.07;14.49;1
2013.05.24;13.99;14.47;1
2013.05.25;13.99;14.45;1
2013.05.26;13.99;14.43;1
2013.05.27;13.99;14.40;1
2013.05.28;14.48;14.38;0
2013.05.29;14.83;14.36;0
2013.05.30;14.53;14.34;0
2013.05.31;16.30;14.34;0
2013.06.01;16.30;14.34;0
2013.06.02;16.30;14.33;0
2013.06.03;16.28;14.32;0
2013.06.04;16.27;14.32;0
2013.06.05;17.50;14.33;0
2013.06.06;16.63;14.33;0
2013.06.07;15.14;14.33;0
2013.06.08;15.14;14.33;0
2013.06.09;15.14;14.33;0
2013.06.10;15.44;14.33;0
2013.06.11;17.07;14.34;0
2013.06.12;18.59;14.35;0
2013.06.13;16.41;14.36;0
2013.06.14;17.15;14.37;0
2013.06.15;17.15;14.38;0
2013.06.16;17.15;14.38;0
2013.06.17;16.80;14.39;0
2013.06.18;16.61;14.40;0
2013.06.19;16.64;14.40;0
2013.06.20;20.49;14.42;0
2013.06.21;18.90;14.43;0
2013.06.22;18.90;14.44;0
2013.06.23;18.90;14.46;0
2013.06.24;20.11;14.47;0
2013.06.25;18.47;14.49;0
2013.06.26;17.21;14.49;0
2013.06.27;16.86;14.50;0
2013.06.28;16.86;14.50;0
2013.06.29;16.86;14.51;0
2013.06.30;16.86;14.51;0
2013.07.01;16.37;14.51;0
2013.07.02;16.44;14.51;0
2013.07.03;16.20;14.50;0
2013.07.04;16.20;14.50;0
2013.07.05;14.89;14.49;0
2013.07.06;14.89;14.49;0
2013.07.07;14.89;14.48;0
2013.07.08;14.78;14.46;0
2013.07.09;14.35;14.45;1
2013.07.10;14.21;14.43;1
2013.07.11;14.01;14.41;1
2013.07.12;13.84;14.39;1
2013.07.13;13.84;14.37;1
2013.07.14;13.84;14.34;1
2013.07.15;13.79;14.31;1
2013.07.16;14.42;14.27;0
2013.07.17;13.78;14.23;1
2013.07.18;13.77;14.18;1
2013.07.19;12.54;14.15;1
2013.07.20;12.54;14.13;1
2013.07.21;12.54;14.12;1
2013.07.22;12.29;14.10;1
2013.07.23;12.66;14.10;1
2013.07.24;13.18;14.09;1
2013.07.25;12.97;14.09;1
2013.07.26;12.72;14.09;1
2013.07.27;12.72;14.08;1
2013.07.28;12.72;14.08;1
2013.07.29;13.39;14.07;1
2013.07.30;13.39;14.07;1
2013.07.31;13.45;14.08;1
2013.08.01;12.94;14.07;1
2013.08.02;11.98;14.07;1
2013.08.03;11.98;14.06;1
2013.08.04;11.98;14.05;1
2013.08.05;11.84;14.04;1
2013.08.06;12.72;14.04;1
2013.08.07;12.98;14.05;1
2013.08.08;12.73;14.05;1
2013.08.09;13.41;14.05;1
2013.08.10;13.41;14.06;1
2013.08.11;13.41;14.06;1
2013.08.12;12.81;14.06;1
2013.08.13;12.31;14.06;1
2013.08.14;13.04;14.06;1
2013.08.15;14.73;14.07;0
2013.08.16;14.37;14.07;0
2013.08.17;14.37;14.08;0
2013.08.18;14.37;14.08;0
2013.08.19;15.10;14.08;0
2013.08.20;14.91;14.09;0
2013.08.21;15.94;14.11;0
2013.08.22;14.76;14.12;0
2013.08.23;13.98;14.11;1
2013.08.24;13.98;14.12;1
2013.08.25;13.98;14.12;1
2013.08.26;14.99;14.13;0
2013.08.27;16.77;14.14;0
2013.08.28;16.49;14.16;0
2013.08.29;16.81;14.18;0
2013.08.30;17.01;14.20;0
2013.08.31;17.01;14.22;0
2013.09.01;17.01;14.24;0
2013.09.02;17.01;14.26;0
2013.09.03;16.61;14.29;0
2013.09.04;15.88;14.30;0
2013.09.05;15.77;14.32;0
2013.09.06;15.85;14.34;0
2013.09.07;15.85;14.35;0
2013.09.08;15.85;14.36;0
2013.09.09;15.63;14.36;0
2013.09.10;14.53;14.36;0
2013.09.11;13.82;14.36;1
2013.09.12;14.29;14.36;1
2013.09.13;14.16;14.34;1
2013.09.14;14.16;14.32;1
2013.09.15;14.16;14.32;1
2013.09.16;14.38;14.32;0
2013.09.17;14.53;14.31;0
2013.09.18;13.59;14.30;1
2013.09.19;13.16;14.29;1
2013.09.20;13.12;14.29;1
2013.09.21;13.12;14.29;1
2013.09.22;13.12;14.28;1
2013.09.23;14.31;14.29;0
2013.09.24;14.08;14.30;1
2013.09.25;14.01;14.30;1
2013.09.26;14.06;14.31;1
2013.09.27;15.46;14.33;0
2013.09.28;15.46;14.35;0
2013.09.29;15.46;14.37;0
2013.09.30;16.60;14.39;0
2013.10.01;15.54;14.41;0
2013.10.02;16.60;14.44;0
2013.10.03;17.67;14.47;0
2013.10.04;16.74;14.49;0
2013.10.05;16.74;14.50;0
2013.10.06;16.74;14.52;0
2013.10.07;19.41;14.55;0
2013.10.08;20.34;14.58;0
2013.10.09;19.60;14.61;0
2013.10.10;16.48;14.63;0
2013.10.11;15.72;14.64;0
2013.10.12;15.72;14.65;0
2013.10.13;15.72;14.66;0
2013.10.14;16.07;14.68;0
2013.10.15;18.66;14.71;0
2013.10.16;14.71;14.72;1
2013.10.17;13.48;14.72;1
2013.10.18;13.04;14.72;1
2013.10.19;13.04;14.72;1
2013.10.20;13.04;14.72;1
2013.10.21;13.16;14.71;1
2013.10.22;13.33;14.71;1
2013.10.23;13.42;14.71;1
2013.10.24;13.20;14.70;1
2013.10.25;13.09;14.70;1
2013.10.26;13.09;14.71;1
2013.10.27;13.09;14.71;1
2013.10.28;13.31;14.71;1
2013.10.29;13.41;14.72;1
2013.10.30;13.65;14.73;1
2013.10.31;13.75;14.74;1
2013.11.01;13.28;14.72;1
2013.11.02;13.28;14.71;1
2013.11.03;13.28;14.70;1
2013.11.04;12.93;14.67;1
2013.11.05;13.27;14.67;1
2013.11.06;12.67;14.65;1
2013.11.07;13.91;14.65;1
2013.11.08;12.90;14.64;1
2013.11.09;12.90;14.64;1
2013.11.10;12.90;14.64;1
2013.11.11;12.53;14.63;1
2013.11.12;12.82;14.63;1
2013.11.13;12.52;14.62;1
2013.11.14;12.37;14.61;1
2013.11.15;12.19;14.61;1
2013.11.16;12.19;14.60;1
2013.11.17;12.19;14.59;1
2013.11.18;13.10;14.59;1
2013.11.19;13.39;14.59;1
2013.11.20;13.40;14.59;1
2013.11.21;12.66;14.59;1
2013.11.22;12.26;14.59;1
2013.11.23;12.26;14.59;1
2013.11.24;12.26;14.58;1
2013.11.25;12.79;14.58;1
2013.11.26;12.81;14.58;1
2013.11.27;12.98;14.59;1
2013.11.28;12.98;14.59;1
2013.11.29;13.70;14.59;1
2013.11.30;13.70;14.60;1
2013.12.01;13.70;14.60;1
2013.12.02;14.23;14.61;1
2013.12.03;14.55;14.62;1
2013.12.04;14.70;14.63;0
2013.12.05;15.08;14.64;0
2013.12.06;13.79;14.65;1
2013.12.07;13.79;14.65;1
2013.12.08;13.79;14.65;1
2013.12.09;13.49;14.65;1
2013.12.10;13.91;14.65;1
2013.12.11;15.42;14.65;0
2013.12.12;15.54;14.66;0
2013.12.13;15.76;14.67;0
2013.12.14;15.76;14.68;0
2013.12.15;15.76;14.68;0
2013.12.16;16.03;14.69;0
2013.12.17;16.21;14.69;0
2013.12.18;13.80;14.67;1
2013.12.19;14.15;14.66;1
2013.12.20;13.79;14.65;1
2013.12.21;13.79;14.64;1
2013.12.22;13.79;14.62;1
2013.12.23;13.04;14.60;1
2013.12.24;12.48;14.59;1
2013.12.25;12.48;14.58;1
2013.12.26;12.33;14.56;1
2013.12.27;12.46;14.55;1
2013.12.28;12.46;14.52;1
2013.12.29;12.46;14.49;1
2013.12.30;13.56;14.48;1
2013.12.31;13.72;14.46;1
2014.01.01;13.72;14.44;1
2014.01.02;14.23;14.43;1
2014.01.03;13.76;14.41;1
2014.01.04;13.76;14.40;1
2014.01.05;13.76;14.39;1
2014.01.06;13.55;14.35;1
2014.01.07;12.92;14.32;1
2014.01.08;12.87;14.29;1
2014.01.09;12.89;14.26;1
2014.01.10;12.14;14.22;1
2014.01.11;12.14;14.19;1
2014.01.12;12.14;14.16;1
2014.01.13;13.28;14.15;1
2014.01.14;12.28;14.12;1
2014.01.15;12.28;14.10;1
2014.01.16;12.53;14.08;1
2014.01.17;12.44;14.06;1
2014.01.18;12.44;14.04;1
2014.01.19;12.44;14.02;1
2014.01.20;12.44;14.00;1
2014.01.21;12.87;13.99;1
2014.01.22;12.84;13.98;1
2014.01.23;13.77;13.98;1
2014.01.24;18.14;13.99;0
2014.01.25;18.14;14.01;0
2014.01.26;18.14;14.03;0
2014.01.27;17.42;14.05;0
2014.01.28;15.80;14.06;0
2014.01.29;17.35;14.08;0
2014.01.30;17.29;14.09;0
2014.01.31;18.41;14.12;0
2014.02.01;18.41;14.14;0
2014.02.02;18.41;14.16;0
2014.02.03;21.44;14.20;0
2014.02.04;19.11;14.23;0
2014.02.05;19.95;14.27;0
2014.02.06;17.23;14.29;0
2014.02.07;15.29;14.31;0
2014.02.08;15.29;14.32;0
2014.02.09;15.29;14.33;0
2014.02.10;15.26;14.34;0
2014.02.11;14.51;14.35;0
2014.02.12;14.30;14.36;1
2014.02.13;14.14;14.36;1
2014.02.14;13.57;14.37;1
2014.02.15;13.57;14.37;1
2014.02.16;13.57;14.37;1
2014.02.17;13.57;14.37;1
2014.02.18;13.87;14.38;1
2014.02.19;15.50;14.40;0
2014.02.20;14.79;14.41;0
2014.02.21;14.68;14.43;0
2014.02.22;14.68;14.44;0
2014.02.23;14.68;14.44;0
2014.02.24;14.23;14.45;1
2014.02.25;13.67;14.45;1
2014.02.26;14.35;14.46;1
2014.02.27;14.04;14.46;1
2014.02.28;14.00;14.47;1
2014.03.01;14.00;14.48;1
2014.03.02;14.00;14.48;1
2014.03.03;16.00;14.49;0
2014.03.04;14.10;14.48;1
2014.03.05;13.89;14.48;1
2014.03.06;14.21;14.48;1
2014.03.07;14.11;14.48;1
2014.03.08;14.11;14.47;1
2014.03.09;14.11;14.46;1
2014.03.10;14.20;14.46;1
2014.03.11;14.80;14.46;0
2014.03.12;14.47;14.47;0
2014.03.13;16.22;14.48;0
2014.03.14;17.82;14.49;0
2014.03.15;17.82;14.50;0
2014.03.16;17.82;14.50;0
2014.03.17;15.64;14.50;0
2014.03.18;14.52;14.49;0
2014.03.19;15.12;14.48;0
2014.03.20;14.52;14.46;0
2014.03.21;15.00;14.45;0
2014.03.22;15.00;14.45;0
2014.03.23;15.00;14.44;0
2014.03.24;15.09;14.44;0
2014.03.25;14.02;14.43;1
2014.03.26;14.93;14.42;0
2014.03.27;14.62;14.42;0
2014.03.28;14.41;14.41;1
2014.03.29;14.41;14.41;1
2014.03.30;14.41;14.41;1
2014.03.31;13.88;14.41;1
2014.04.01;13.10;14.41;1
2014.04.02;13.09;14.40;1
2014.04.03;13.37;14.40;1
2014.04.04;13.96;14.40;1
2014.04.05;13.96;14.39;1
2014.04.06;13.96;14.40;1
2014.04.07;15.57;14.41;0
2014.04.08;14.89;14.42;0
2014.04.09;13.82;14.42;1
2014.04.10;15.89;14.43;0
2014.04.11;17.03;14.45;0
2014.04.12;17.03;14.46;0
2014.04.13;17.03;14.48;0
2014.04.14;16.11;14.49;0
2014.04.15;15.61;14.49;0
2014.04.16;14.18;14.48;1
2014.04.17;13.36;14.47;1
2014.04.18;13.36;14.45;1
2014.04.19;13.36;14.44;1
2014.04.20;13.36;14.43;1
2014.04.21;13.25;14.41;1
2014.04.22;13.19;14.39;1
2014.04.23;13.27;14.37;1
2014.04.24;13.32;14.35;1
2014.04.25;14.06;14.33;1
2014.04.26;14.06;14.30;1
2014.04.27;14.06;14.27;1
2014.04.28;13.97;14.25;1
2014.04.29;13.71;14.24;1
2014.04.30;13.41;14.23;1
2014.05.01;13.25;14.22;1
2014.05.02;12.91;14.21;1
2014.05.03;12.91;14.18;1
2014.05.04;12.91;14.17;1
2014.05.05;13.29;14.17;1
2014.05.06;13.80;14.17;1
2014.05.07;13.40;14.17;1
2014.05.08;13.43;14.17;1
2014.05.09;12.92;14.17;1
2014.05.10;12.92;14.17;1
2014.05.11;12.92;14.17;1
2014.05.12;12.23;14.16;1
2014.05.13;12.13;14.16;1
2014.05.14;12.17;14.15;1
2014.05.15;13.17;14.15;1
2014.05.16;12.44;14.15;1
2014.05.17;12.44;14.15;1
2014.05.18;12.44;14.14;1
2014.05.19;12.42;14.13;1
2014.05.20;12.96;14.13;1
2014.05.21;11.91;14.12;1
2014.05.22;12.03;14.12;1
2014.05.23;11.36;14.11;1
2014.05.24;11.36;14.10;1
2014.05.25;11.36;14.09;1
2014.05.26;11.36;14.08;1
2014.05.27;11.51;14.07;1
2014.05.28;11.68;14.07;1
2014.05.29;11.57;14.06;1
2014.05.30;11.40;14.06;1
2014.05.31;11.40;14.05;1
2014.06.01;11.40;14.04;1
2014.06.02;11.58;14.04;1
2014.06.03;11.87;14.04;1
2014.06.04;12.08;14.04;1
2014.06.05;11.68;14.03;1
2014.06.06;10.73;14.02;1
2014.06.07;10.73;14.01;1
2014.06.08;10.73;14.00;1
2014.06.09;11.15;13.99;1
2014.06.10;10.99;13.98;1
2014.06.11;11.60;13.98;1
2014.06.12;12.56;13.98;1
2014.06.13;12.18;13.98;1
2014.06.14;12.18;13.97;1
2014.06.15;12.18;13.97;1
2014.06.16;12.65;13.97;1
2014.06.17;12.06;13.96;1
2014.06.18;10.61;13.94;1
2014.06.19;10.62;13.93;1
2014.06.20;10.85;13.91;1
2014.06.21;10.85;13.89;1
2014.06.22;10.85;13.87;1
2014.06.23;10.98;13.85;1
2014.06.24;12.13;13.85;1
2014.06.25;11.59;13.83;1
2014.06.26;11.63;13.82;1
2014.06.27;11.26;13.81;1
2014.06.28;11.26;13.80;1
2014.06.29;11.26;13.78;1
2014.06.30;11.57;13.76;1
2014.07.01;11.15;13.74;1
2014.07.02;10.82;13.71;1
2014.07.03;10.32;13.68;1
2014.07.04;10.32;13.66;1
2014.07.05;10.32;13.63;1
2014.07.06;10.32;13.61;1
2014.07.07;11.33;13.59;1
2014.07.08;11.98;13.59;1
2014.07.09;11.65;13.57;1
2014.07.10;12.59;13.57;1
2014.07.11;12.08;13.56;1
2014.07.12;12.08;13.56;1
2014.07.13;12.08;13.56;1
2014.07.14;11.82;13.56;1
2014.07.15;11.96;13.55;1
2014.07.16;11.00;13.55;1
2014.07.17;14.54;13.56;0
2014.07.18;12.06;13.55;1
2014.07.19;12.06;13.54;1
2014.07.20;12.06;13.53;1
2014.07.21;12.81;13.53;1
2014.07.22;12.24;13.52;1
2014.07.23;11.52;13.51;1
2014.07.24;11.84;13.50;1
2014.07.25;12.69;13.49;1
2014.07.26;12.69;13.49;1
2014.07.27;12.69;13.49;1
2014.07.28;12.56;13.49;1
2014.07.29;13.28;13.50;1
2014.07.30;13.33;13.50;1
2014.07.31;16.95;13.53;0
2014.08.01;17.03;13.54;0
2014.08.02;17.03;13.57;0
2014.08.03;17.03;13.59;0
2014.08.04;15.12;13.61;0
2014.08.05;16.87;13.63;0
2014.08.06;16.37;13.65;0
2014.08.07;16.66;13.67;0
2014.08.08;15.77;13.68;0
2014.08.09;15.77;13.70;0
2014.08.10;15.77;13.71;0
2014.08.11;14.23;13.72;0
2014.08.12;14.13;13.70;0
2014.08.13;12.90;13.67;1
2014.08.14;12.42;13.64;1
2014.08.15;13.15;13.62;1
2014.08.16;13.15;13.61;1
2014.08.17;13.15;13.59;1
2014.08.18;12.32;13.56;1
2014.08.19;12.21;13.53;1
2014.08.20;11.78;13.50;1
2014.08.21;11.76;13.46;1
2014.08.22;11.47;13.41;1
2014.08.23;11.47;13.38;1
2014.08.24;11.47;13.33;1
2014.08.25;11.70;13.31;1
2014.08.26;11.63;13.29;1
2014.08.27;11.78;13.27;1
2014.08.28;12.05;13.25;1
2014.08.29;12.09;13.24;1
2014.08.30;12.09;13.23;1
2014.08.31;12.09;13.21;1
2014.09.01;12.09;13.20;1
2014.09.02;12.25;13.20;1
2014.09.03;12.36;13.19;1
2014.09.04;12.64;13.19;1
2014.09.05;12.09;13.18;1
2014.09.06;12.09;13.17;1
2014.09.07;12.09;13.15;1
2014.09.08;12.66;13.14;1
2014.09.09;13.50;13.14;0
2014.09.10;12.88;13.13;1
2014.09.11;12.80;13.12;1
2014.09.12;13.31;13.11;0
2014.09.13;13.31;13.11;0
2014.09.14;13.31;13.11;0
2014.09.15;14.12;13.11;0
2014.09.16;12.73;13.10;1
2014.09.17;12.65;13.09;1
2014.09.18;12.03;13.08;1
2014.09.19;12.11;13.07;1
2014.09.20;12.11;13.06;1
2014.09.21;12.11;13.05;1
2014.09.22;13.69;13.04;0
2014.09.23;14.93;13.05;0
2014.09.24;13.27;13.04;0
2014.09.25;15.64;13.05;0
2014.09.26;14.85;13.05;0
2014.09.27;14.85;13.05;0
2014.09.28;14.85;13.06;0
2014.09.29;15.98;13.06;0
2014.09.30;16.31;13.05;0
2014.10.01;16.71;13.04;0
2014.10.02;16.16;13.03;0
2014.10.03;14.55;13.03;0
2014.10.04;14.55;13.03;0
2014.10.05;14.55;13.03;0
2014.10.06;15.46;13.03;0
2014.10.07;17.20;13.04;0
2014.10.08;15.11;13.04;0
2014.10.09;18.76;13.06;0
2014.10.10;21.24;13.09;0
2014.10.11;21.24;13.13;0
2014.10.12;21.24;13.16;0
2014.10.13;24.64;13.21;0
2014.10.14;22.79;13.25;0
2014.10.15;25.27;13.31;0
2014.10.16;25.20;13.36;0
2014.10.17;21.99;13.40;0
2014.10.18;21.99;13.44;0
2014.10.19;21.99;13.49;0
2014.10.20;18.57;13.52;0
2014.10.21;16.08;13.53;0
2014.10.22;17.87;13.55;0
2014.10.23;16.53;13.56;0
2014.10.24;16.11;13.56;0
2014.10.25;16.11;13.57;0
2014.10.26;16.11;13.58;0
2014.10.27;16.04;13.58;0
2014.10.28;14.39;13.57;0
2014.10.29;15.15;13.56;0
2014.10.30;14.52;13.54;0
2014.10.31;14.03;13.53;0
2014.11.01;14.03;13.53;0
2014.11.02;14.03;13.52;0
2014.11.03;14.73;13.53;0
2014.11.04;14.89;13.54;0
2014.11.05;14.17;13.54;0
2014.11.06;13.67;13.54;0
2014.11.07;13.12;13.54;1
2014.11.08;13.12;13.54;1
2014.11.09;13.12;13.54;1
2014.11.10;12.67;13.54;1
2014.11.11;12.92;13.53;1
2014.11.12;13.02;13.53;1
2014.11.13;13.79;13.53;0
2014.11.14;13.31;13.52;1
2014.11.15;13.31;13.52;1
2014.11.16;13.31;13.52;1
2014.11.17;13.99;13.53;0
2014.11.18;13.86;13.53;0
2014.11.19;13.96;13.54;0
2014.11.20;13.58;13.54;0
2014.11.21;12.90;13.54;1
2014.11.22;12.90;13.53;1
2014.11.23;12.90;13.53;1
2014.11.24;12.62;13.53;1
2014.11.25;12.25;13.52;1
2014.11.26;12.07;13.52;1
2014.11.27;12.07;13.51;1
2014.11.28;13.33;13.52;1
2014.11.29;13.33;13.53;1
2014.11.30;13.33;13.53;1
2014.12.01;14.16;13.54;0
2014.12.02;12.85;13.54;1
2014.12.03;12.50;13.54;1
2014.12.04;12.38;13.54;1
2014.12.05;11.89;13.54;1
2014.12.06;11.89;13.53;1
2014.12.07;11.89;13.53;1
2014.12.08;14.21;13.54;0
2014.12.09;15.35;13.56;0
2014.12.10;18.53;13.60;0
2014.12.11;20.08;13.64;0
2014.12.12;21.08;13.69;0
2014.12.13;21.08;13.74;0
2014.12.14;21.08;13.78;0
2014.12.15;20.42;13.83;0
2014.12.16;23.57;13.89;0
2014.12.17;19.44;13.93;0
2014.12.18;16.81;13.96;0
2014.12.19;16.49;13.98;0
2014.12.20;16.49;14.00;0
2014.12.21;16.49;14.03;0
2014.12.22;15.25;14.04;0
2014.12.23;14.80;14.06;0
2014.12.24;14.37;14.08;0
2014.12.25;14.37;14.10;0
2014.12.26;14.50;14.12;0
2014.12.27;14.50;14.14;0
2014.12.28;14.50;14.15;0
2014.12.29;15.06;14.16;0
2014.12.30;15.92;14.18;0
2014.12.31;19.20;14.22;0
2015.01.01;19.20;14.25;0
2015.01.02;17.79;14.28;0
2015.01.03;17.79;14.31;0
2015.01.04;17.79;14.34;0
2015.01.05;19.92;14.39;0
2015.01.06;21.12;14.44;0
2015.01.07;19.31;14.48;0
2015.01.08;17.01;14.51;0
2015.01.09;17.55;14.54;0
2015.01.10;17.55;14.57;0
2015.01.11;17.55;14.60;0
2015.01.12;19.60;14.64;0
2015.01.13;20.56;14.69;0
2015.01.14;21.48;14.74;0
2015.01.15;22.39;14.79;0
2015.01.16;20.95;14.84;0
2015.01.17;20.95;14.89;0
2015.01.18;20.95;14.94;0
2015.01.19;20.95;14.99;0
2015.01.20;19.89;15.04;0
2015.01.21;18.85;15.09;0
2015.01.22;16.40;15.12;0
2015.01.23;16.66;15.14;0
2015.01.24;16.66;15.17;0
2015.01.25;16.66;15.19;0
2015.01.26;15.52;15.21;0
2015.01.27;17.22;15.23;0
2015.01.28;20.44;15.27;0
2015.01.29;18.76;15.31;0
2015.01.30;20.97;15.35;0
2015.01.31;20.97;15.40;0
2015.02.01;20.97;15.45;0
2015.02.02;19.43;15.47;0
2015.02.03;17.33;15.50;0
2015.02.04;18.33;15.53;0
2015.02.05;16.85;15.55;0
2015.02.06;17.29;15.58;0
2015.02.07;17.29;15.60;0
2015.02.08;17.29;15.63;0
2015.02.09;18.55;15.66;0
2015.02.10;17.23;15.69;0
2015.02.11;16.96;15.71;0
2015.02.12;15.34;15.72;1
2015.02.13;14.69;15.73;1
2015.02.14;14.69;15.74;1
2015.02.15;14.69;15.74;1
2015.02.16;14.69;15.73;1
2015.02.17;15.80;15.73;0
2015.02.18;15.45;15.72;1
2015.02.19;15.29;15.71;1
2015.02.20;14.30;15.71;1
2015.02.21;14.30;15.69;1
2015.02.22;14.30;15.68;1
2015.02.23;14.56;15.67;1
2015.02.24;13.69;15.66;1
2015.02.25;13.84;15.65;1
2015.02.26;13.91;15.64;1
2015.02.27;13.34;15.64;1
2015.02.28;13.34;15.64;1
2015.03.01;13.34;15.64;1
2015.03.02;13.04;15.64;1
2015.03.03;13.86;15.64;1
2015.03.04;14.23;15.65;1
2015.03.05;14.04;15.65;1
2015.03.06;15.20;15.67;1
2015.03.07;15.20;15.68;1
2015.03.08;15.20;15.70;1
2015.03.09;15.06;15.72;1
2015.03.10;16.69;15.74;0
2015.03.11;16.87;15.77;0
2015.03.12;15.42;15.79;1
2015.03.13;16.00;15.81;0
2015.03.14;16.00;15.83;0
2015.03.15;16.00;15.85;0
2015.03.16;15.61;15.87;1
2015.03.17;15.66;15.89;1
2015.03.18;13.97;15.90;1
2015.03.19;14.07;15.91;1
2015.03.20;13.02;15.91;1
2015.03.21;13.02;15.92;1
2015.03.22;13.02;15.92;1
2015.03.23;13.41;15.92;1
2015.03.24;13.62;15.93;1
2015.03.25;15.44;15.95;1
2015.03.26;15.80;15.97;1
2015.03.27;15.07;15.98;1
2015.03.28;15.07;15.99;1
2015.03.29;15.07;16.00;1
2015.03.30;14.51;16.01;1
2015.03.31;15.29;16.02;1
2015.04.01;15.11;16.03;1
2015.04.02;14.67;16.03;1
2015.04.03;14.67;16.04;1
2015.04.04;14.67;16.05;1
2015.04.05;14.67;16.06;1
2015.04.06;14.74;16.07;1
2015.04.07;14.78;16.08;1
2015.04.08;13.98;16.09;1
2015.04.09;13.09;16.10;1
2015.04.10;12.58;16.09;1
2015.04.11;12.58;16.08;1
2015.04.12;12.58;16.08;1
2015.04.13;13.94;16.07;1
2015.04.14;13.67;16.06;1
2015.04.15;12.84;16.05;1
2015.04.16;12.60;16.04;1
2015.04.17;13.89;16.03;1
2015.04.18;13.89;16.02;1
2015.04.19;13.89;16.00;1
2015.04.20;13.30;15.99;1
2015.04.21;13.25;15.98;1
2015.04.22;12.71;15.97;1
2015.04.23;12.48;15.96;1
2015.04.24;12.29;15.95;1
2015.04.25;12.29;15.92;1
2015.04.26;12.29;15.91;1
2015.04.27;13.12;15.88;1
2015.04.28;12.41;15.84;1
2015.04.29;13.39;15.80;1
2015.04.30;14.55;15.76;1
2015.05.01;12.70;15.70;1
2015.05.02;12.70;15.65;1
2015.05.03;12.70;15.59;1
2015.05.04;12.85;15.53;1
2015.05.05;14.31;15.49;1
2015.05.06;15.15;15.46;1
2015.05.07;15.13;15.42;1
2015.05.08;12.86;15.39;1
2015.05.09;12.86;15.38;1
2015.05.10;12.86;15.35;1
2015.05.11;13.85;15.34;1
2015.05.12;13.86;15.33;1
2015.05.13;13.76;15.32;1
2015.05.14;12.74;15.30;1
2015.05.15;12.38;15.28;1
2015.05.16;12.38;15.27;1
2015.05.17;12.38;15.26;1
2015.05.18;12.73;15.25;1
2015.05.19;12.85;15.24;1
2015.05.20;12.88;15.24;1
2015.05.21;12.11;15.23;1
2015.05.22;12.13;15.21;1
2015.05.23;12.13;15.20;1
2015.05.24;12.13;15.19;1
2015.05.25;12.13;15.18;1
2015.05.26;14.06;15.19;1
2015.05.27;13.27;15.19;1
2015.05.28;13.31;15.19;1
2015.05.29;13.84;15.19;1
2015.05.30;13.84;15.20;1
2015.05.31;13.84;15.20;1
2015.06.01;13.97;15.20;1
2015.06.02;14.24;15.21;1
2015.06.03;13.66;15.21;1
2015.06.04;14.71;15.22;1
2015.06.05;14.21;15.22;1
2015.06.06;14.21;15.22;1
2015.06.07;14.21;15.22;1
2015.06.08;15.29;15.23;0
2015.06.09;14.47;15.24;1
2015.06.10;13.22;15.24;1
2015.06.11;12.85;15.24;1
2015.06.12;13.78;15.24;1
2015.06.13;13.78;15.25;1
2015.06.14;13.78;15.26;1
2015.06.15;15.39;15.28;0
2015.06.16;14.81;15.28;1
2015.06.17;14.50;15.29;1
2015.06.18;13.19;15.29;1
2015.06.19;13.96;15.29;1
2015.06.20;13.96;15.29;1
2015.06.21;13.96;15.30;1
2015.06.22;12.74;15.30;1
2015.06.23;12.11;15.30;1
2015.06.24;13.26;15.31;1
2015.06.25;14.01;15.32;1
2015.06.26;14.02;15.32;1
2015.06.27;14.02;15.31;1
2015.06.28;14.02;15.29;1
2015.06.29;18.85;15.29;0
2015.06.30;18.23;15.27;0
2015.07.01;16.09;15.25;0
2015.07.02;16.79;15.23;0
2015.07.03;16.79;15.21;0
2015.07.04;16.79;15.17;0
2015.07.05;16.79;15.16;0
2015.07.06;17.01;15.16;0
2015.07.07;16.09;15.16;0
2015.07.08;19.66;15.17;0
2015.07.09;19.97;15.19;0
2015.07.10;16.83;15.20;0
2015.07.11;16.83;15.21;0
2015.07.12;16.83;15.22;0
2015.07.13;13.90;15.22;1
2015.07.14;13.37;15.21;1
2015.07.15;13.23;15.21;1
2015.07.16;12.11;15.20;1
2015.07.17;11.95;15.18;1
2015.07.18;11.95;15.16;1
2015.07.19;11.95;15.12;1
2015.07.20;12.25;15.09;1
2015.07.21;12.22;15.06;1
2015.07.22;12.12;15.03;1
2015.07.23;12.64;15.01;1
2015.07.24;13.74;14.98;1
2015.07.25;13.74;14.94;1
2015.07.26;13.74;14.91;1
2015.07.27;15.60;14.91;0
2015.07.28;13.44;14.88;1
2015.07.29;12.50;14.86;1
2015.07.30;12.13;14.83;1
2015.07.31;12.12;14.79;1
2015.08.01;12.12;14.75;1
2015.08.02;12.12;14.71;1
2015.08.03;12.56;14.66;1
2015.08.04;13.00;14.62;1
2015.08.05;12.51;14.57;1
2015.08.06;13.77;14.54;1
2015.08.07;13.39;14.50;1
2015.08.08;13.39;14.47;1
2015.08.09;13.39;14.44;1
2015.08.10;12.23;14.42;1
2015.08.11;13.71;14.41;1
2015.08.12;13.61;14.39;1
2015.08.13;13.49;14.37;1
2015.08.14;12.83;14.36;1
2015.08.15;12.83;14.34;1
2015.08.16;12.83;14.30;1
2015.08.17;13.02;14.27;1
2015.08.18;13.79;14.24;1
2015.08.19;15.25;14.21;0
2015.08.20;19.14;14.20;0
2015.08.21;28.03;14.24;0
2015.08.22;28.03;14.30;0
2015.08.23;28.03;14.34;0
2015.08.24;40.74;14.46;0
2015.08.25;36.02;14.56;0
2015.08.26;30.32;14.62;0
2015.08.27;26.10;14.67;0
2015.08.28;26.05;14.70;0
2015.08.29;26.05;14.75;0
2015.08.30;26.05;14.79;0
2015.08.31;28.43;14.86;0
2015.09.01;31.40;14.94;0
2015.09.02;26.09;15.00;0
2015.09.03;25.61;15.05;0
2015.09.04;27.80;15.12;0
2015.09.05;27.80;15.18;0
2015.09.06;27.80;15.24;0
2015.09.07;27.80;15.30;0
2015.09.08;24.90;15.36;0
2015.09.09;26.23;15.42;0
2015.09.10;24.37;15.47;0
2015.09.11;23.20;15.51;0
2015.09.12;23.20;15.56;0
2015.09.13;23.20;15.60;0
2015.09.14;24.25;15.66;0
2015.09.15;22.54;15.70;0
2015.09.16;21.35;15.74;0
2015.09.17;21.14;15.78;0
2015.09.18;22.28;15.83;0
2015.09.19;22.28;15.87;0
2015.09.20;22.28;15.91;0
2015.09.21;20.14;15.94;0
2015.09.22;22.44;15.98;0
2015.09.23;22.13;16.01;0
2015.09.24;23.47;16.05;0
2015.09.25;23.62;16.10;0
2015.09.26;23.62;16.13;0
2015.09.27;23.62;16.16;0
2015.09.28;27.63;16.22;0
2015.09.29;26.83;16.28;0
2015.09.30;24.50;16.32;0
2015.10.01;22.55;16.35;0
2015.10.02;20.94;16.38;0
2015.10.03;20.94;16.41;0
2015.10.04;20.94;16.44;0
2015.10.05;19.54;16.47;0
2015.10.06;19.40;16.50;0
2015.10.07;18.40;16.53;0
2015.10.08;17.42;16.55;0
2015.10.09;17.08;16.57;0
2015.10.10;17.08;16.59;0
2015.10.11;17.08;16.59;0
2015.10.12;16.17;16.60;1
2015.10.13;17.67;16.61;0
2015.10.14;18.03;16.62;0
2015.10.15;16.05;16.63;1
2015.10.16;15.05;16.63;1
2015.10.17;15.05;16.63;1
2015.10.18;15.05;16.63;1
2015.10.19;14.98;16.63;1
2015.10.20;15.75;16.64;1
2015.10.21;16.70;16.65;0
2015.10.22;14.45;16.65;1
2015.10.23;14.46;16.64;1
2015.10.24;14.46;16.64;1
2015.10.25;14.46;16.64;1
2015.10.26;15.29;16.66;1
2015.10.27;15.43;16.67;1
2015.10.28;14.33;16.68;1
2015.10.29;14.61;16.69;1
2015.10.30;15.07;16.69;1
2015.10.31;15.07;16.70;1
2015.11.01;15.07;16.71;1
2015.11.02;14.15;16.72;1
2015.11.03;14.54;16.72;1
2015.11.04;15.51;16.73;1
2015.11.05;15.05;16.74;1
2015.11.06;14.33;16.74;1
2015.11.07;14.33;16.75;1
2015.11.08;14.33;16.76;1
2015.11.09;16.52;16.78;1
2015.11.10;15.29;16.79;1
2015.11.11;16.06;16.81;1
2015.11.12;18.37;16.84;0
2015.11.13;20.08;16.88;0
2015.11.14;20.08;16.91;0
2015.11.15;20.08;16.95;0
2015.11.16;18.16;16.97;0
2015.11.17;18.84;17.00;0
2015.11.18;16.85;17.02;1
2015.11.19;16.99;17.04;1
2015.11.20;15.47;17.05;1
2015.11.21;15.47;17.06;1
2015.11.22;15.47;17.06;1
2015.11.23;15.62;17.06;1
2015.11.24;15.93;17.08;1
2015.11.25;15.19;17.09;1
2015.11.26;15.19;17.10;1
2015.11.27;15.12;17.11;1
2015.11.28;15.12;17.11;1
2015.11.29;15.12;17.12;1
2015.11.30;16.13;17.14;1
2015.12.01;14.67;17.15;1
2015.12.02;15.91;17.17;1
2015.12.03;18.11;17.19;0
2015.12.04;14.81;17.20;1
2015.12.05;14.81;17.21;1
2015.12.06;14.81;17.22;1
2015.12.07;15.84;17.24;1
2015.12.08;17.60;17.27;0
2015.12.09;19.61;17.31;0
2015.12.10;19.34;17.34;0
2015.12.11;24.39;17.40;0
2015.12.12;24.39;17.46;0
2015.12.13;24.39;17.51;0
2015.12.14;22.73;17.56;0
2015.12.15;20.95;17.59;0
2015.12.16;17.86;17.61;0
2015.12.17;18.94;17.64;0
2015.12.18;20.70;17.67;0
2015.12.19;20.70;17.71;0
2015.12.20;20.70;17.74;0
2015.12.21;18.70;17.76;0
2015.12.22;16.60;17.77;1
2015.12.23;15.57;17.78;1
2015.12.24;15.74;17.79;1
2015.12.25;15.74;17.79;1
2015.12.26;15.74;17.80;1
2015.12.27;15.74;17.81;1
2015.12.28;16.91;17.83;1
2015.12.29;16.08;17.84;1
2015.12.30;17.29;17.86;1
2015.12.31;18.21;17.88;0
2016.01.01;18.21;17.89;0
2016.01.02;18.21;17.91;0
2016.01.03;18.21;17.93;0
2016.01.04;20.70;17.97;0
2016.01.05;19.34;17.99;0
2016.01.06;20.59;18.03;0
2016.01.07;24.99;18.08;0
2016.01.08;27.01;18.15;0
2016.01.09;27.01;18.23;0
2016.01.10;27.01;18.30;0
2016.01.11;24.30;18.35;0
2016.01.12;22.47;18.39;0
2016.01.13;25.22;18.45;0
2016.01.14;23.95;18.50;0
2016.01.15;27.02;18.54;0
2016.01.16;27.02;18.58;0
2016.01.17;27.02;18.64;0
2016.01.18;27.02;18.69;0
2016.01.19;26.05;18.73;0
2016.01.20;27.59;18.79;0
2016.01.21;26.69;18.84;0
2016.01.22;22.34;18.86;0
2016.01.23;22.34;18.90;0
2016.01.24;22.34;18.91;0
2016.01.25;24.15;18.93;0
2016.01.26;22.50;18.96;0
2016.01.27;23.11;18.99;0
2016.01.28;22.42;19.02;0
2016.01.29;20.20;19.05;0
2016.01.30;20.20;19.08;0
2016.01.31;20.20;19.12;0
2016.02.01;19.98;19.16;0
2016.02.02;21.98;19.21;0
2016.02.03;21.65;19.26;0
2016.02.04;21.84;19.31;0
2016.02.05;23.38;19.36;0
2016.02.06;23.38;19.42;0
2016.02.07;23.38;19.47;0
2016.02.08;26.00;19.54;0
2016.02.09;26.54;19.60;0
2016.02.10;26.29;19.67;0
2016.02.11;28.14;19.74;0
2016.02.12;25.40;19.79;0
2016.02.13;25.40;19.85;0
2016.02.14;25.40;19.91;0
2016.02.15;25.40;19.98;0
2016.02.16;24.11;20.04;0
2016.02.17;22.31;20.09;0
2016.02.18;21.64;20.14;0
2016.02.19;20.53;20.18;0
2016.02.20;20.53;20.21;0
2016.02.21;20.53;20.25;0
2016.02.22;19.38;20.28;1
2016.02.23;20.98;20.32;0
2016.02.24;20.72;20.36;0
2016.02.25;19.11;20.39;1
2016.02.26;19.81;20.42;1
2016.02.27;19.81;20.45;1
2016.02.28;19.81;20.48;1
2016.02.29;20.55;20.52;0
2016.03.01;17.70;20.54;1
2016.03.02;17.09;20.57;1
2016.03.03;16.70;20.59;1
2016.03.04;16.86;20.60;1
2016.03.05;16.86;20.62;1
2016.03.06;16.86;20.63;1
2016.03.07;17.35;20.62;1
2016.03.08;18.67;20.57;1
2016.03.09;18.34;20.52;1
2016.03.10;18.05;20.47;1
2016.03.11;16.50;20.35;1
2016.03.12;16.50;20.25;1
2016.03.13;16.50;20.19;1
2016.03.14;16.92;20.14;1
2016.03.15;16.84;20.09;1
2016.03.16;14.99;20.04;1
2016.03.17;14.44;19.98;1
2016.03.18;14.02;19.91;1
2016.03.19;14.02;19.82;1
2016.03.20;14.02;19.76;1
2016.03.21;13.79;19.70;1
2016.03.22;14.17;19.63;1
2016.03.23;14.94;19.57;1
2016.03.24;14.74;19.50;1
2016.03.25;14.74;19.44;1
2016.03.26;14.74;19.39;1
2016.03.27;14.74;19.33;1
2016.03.28;15.24;19.29;1
2016.03.29;13.82;19.24;1
2016.03.30;13.56;19.19;1
2016.03.31;13.95;19.14;1
2016.04.01;13.10;19.09;1
2016.04.02;13.10;19.04;1
2016.04.03;13.10;19.00;1
2016.04.04;14.12;18.96;1
2016.04.05;15.42;18.93;1
2016.04.06;14.09;18.89;1
2016.04.07;16.16;18.86;1
2016.04.08;15.36;18.83;1
2016.04.09;15.36;18.80;1
2016.04.10;15.36;18.77;1
2016.04.11;16.26;18.73;1
2016.04.12;14.85;18.69;1
2016.04.13;13.84;18.64;1
2016.04.14;13.72;18.59;1
2016.04.15;13.62;18.52;1
2016.04.16;13.62;18.45;1
2016.04.17;13.62;18.40;1
2016.04.18;13.35;18.35;1
2016.04.19;13.24;18.31;1
2016.04.20;13.28;18.27;1
2016.04.21;13.95;18.24;1
2016.04.22;13.22;18.21;1
2016.04.23;13.22;18.18;1
2016.04.24;13.22;18.15;1
2016.04.25;14.08;18.13;1
2016.04.26;13.96;18.12;1
2016.04.27;13.77;18.10;1
2016.04.28;15.22;18.09;1
2016.04.29;15.70;18.09;1
2016.04.30;15.70;18.08;1
2016.05.01;15.70;18.07;1
2016.05.02;14.68;18.06;1
2016.05.03;15.60;18.06;1
2016.05.04;16.05;18.07;1
2016.05.05;15.91;18.07;1
2016.05.06;14.72;18.07;1
2016.05.07;14.72;18.07;1
2016.05.08;14.72;18.06;1
2016.05.09;14.57;18.06;1
2016.05.10;13.63;18.05;1
2016.05.11;14.69;18.05;1
2016.05.12;14.41;18.05;1
2016.05.13;15.04;18.05;1
2016.05.14;15.04;18.05;1
2016.05.15;15.04;18.05;1
2016.05.16;14.68;18.06;1
2016.05.17;15.57;18.06;1
2016.05.18;15.95;18.06;1
2016.05.19;16.33;18.07;1
2016.05.20;15.20;18.07;1
2016.05.21;15.20;18.08;1
2016.05.22;15.20;18.08;1
2016.05.23;15.82;18.08;1
2016.05.24;14.42;18.08;1
2016.05.25;13.90;18.08;1
2016.05.26;13.43;18.07;1
2016.05.27;13.12;18.06;1
2016.05.28;13.12;18.05;1
2016.05.29;13.12;18.03;1
2016.05.30;13.12;18.00;1
2016.05.31;14.19;17.97;1
2016.06.01;14.20;17.95;1
2016.06.02;13.63;17.91;1
2016.06.03;13.47;17.89;1
2016.06.04;13.47;17.86;1
2016.06.05;13.47;17.85;1
2016.06.06;13.65;17.83;1
2016.06.07;14.05;17.82;1
2016.06.08;14.08;17.82;1
2016.06.09;14.64;17.81;1
2016.06.10;17.03;17.82;1
2016.06.11;17.03;17.82;1
2016.06.12;17.03;17.83;1
2016.06.13;20.97;17.86;0
2016.06.14;20.50;17.89;0
2016.06.15;20.14;17.91;0
2016.06.16;19.37;17.94;0
2016.06.17;19.41;17.95;0
2016.06.18;19.41;17.98;0
2016.06.19;19.41;17.99;0
2016.06.20;18.37;17.99;0
2016.06.21;18.48;18.01;0
2016.06.22;21.17;18.04;0
2016.06.23;17.25;18.06;1
2016.06.24;25.76;18.11;0
2016.06.25;25.76;18.15;0
2016.06.26;25.76;18.18;0
2016.06.27;23.85;18.20;0
2016.06.28;18.75;18.17;0
2016.06.29;16.64;18.13;1
2016.06.30;15.63;18.09;1
2016.07.01;14.77;18.05;1
2016.07.02;14.77;18.02;1
2016.07.03;14.77;18.00;1
2016.07.04;14.77;17.98;1
2016.07.05;15.58;17.96;1
2016.07.06;14.96;17.93;1
2016.07.07;14.76;17.90;1
2016.07.08;13.20;17.87;1
2016.07.09;13.20;17.85;1
2016.07.10;13.20;17.84;1
2016.07.11;13.54;17.83;1
2016.07.12;13.55;17.82;1
2016.07.13;13.04;17.81;1
2016.07.14;12.82;17.79;1
2016.07.15;12.67;17.77;1
2016.07.16;12.67;17.75;1
2016.07.17;12.67;17.73;1
2016.07.18;12.44;17.70;1
2016.07.19;11.97;17.67;1
2016.07.20;11.77;17.64;1
2016.07.21;12.74;17.61;1
2016.07.22;12.02;17.57;1
2016.07.23;12.02;17.53;1
2016.07.24;12.02;17.49;1
2016.07.25;12.87;17.43;1
2016.07.26;13.05;17.36;1
2016.07.27;12.83;17.29;1
2016.07.28;12.72;17.22;1
2016.07.29;11.87;17.15;1
2016.07.30;11.87;17.10;1
2016.07.31;11.87;17.03;1
2016.08.01;12.44;16.98;1
2016.08.02;13.37;16.91;1
2016.08.03;12.86;16.84;1
2016.08.04;12.42;16.76;1
2016.08.05;11.39;16.69;1
2016.08.06;11.39;16.61;1
2016.08.07;11.39;16.53;1
2016.08.08;11.50;16.46;1
2016.08.09;11.66;16.40;1
2016.08.10;12.05;16.35;1
2016.08.11;11.68;16.30;1
2016.08.12;11.55;16.23;1
2016.08.13;11.55;16.18;1
2016.08.14;11.55;16.12;1
2016.08.15;11.81;16.07;1
2016.08.16;12.64;16.03;1
2016.08.17;12.19;15.99;1
2016.08.18;11.43;15.95;1
2016.08.19;11.34;15.90;1
2016.08.20;11.34;15.85;1
2016.08.21;11.34;15.80;1
2016.08.22;12.27;15.75;1
2016.08.23;12.38;15.70;1
2016.08.24;13.45;15.65;1
2016.08.25;13.63;15.60;1
2016.08.26;13.65;15.54;1
2016.08.27;13.65;15.47;1
2016.08.28;13.65;15.41;1
2016.08.29;12.94;15.33;1
2016.08.30;13.12;15.27;1
2016.08.31;13.42;15.21;1
2016.09.01;13.48;15.15;1
2016.09.02;11.98;15.08;1
2016.09.03;11.98;15.02;1
2016.09.04;11.98;14.97;1
2016.09.05;11.98;14.92;1
2016.09.06;12.02;14.88;1
2016.09.07;11.94;14.84;1
2016.09.08;12.51;14.80;1
2016.09.09;17.50;14.79;0
2016.09.10;17.50;14.77;0
2016.09.11;17.50;14.76;0
2016.09.12;15.16;14.74;0
2016.09.13;17.85;14.73;0
2016.09.14;18.14;14.72;0
2016.09.15;16.30;14.70;0
2016.09.16;15.37;14.67;0
2016.09.17;15.37;14.66;0
2016.09.18;15.37;14.65;0
2016.09.19;15.53;14.65;0
2016.09.20;15.92;14.64;0
2016.09.21;13.30;14.63;1
2016.09.22;12.02;14.60;1
2016.09.23;12.29;14.58;1
2016.09.24;12.29;14.54;1
2016.09.25;12.29;14.51;1
2016.09.26;14.50;14.50;0
2016.09.27;13.10;14.48;1
2016.09.28;12.39;14.46;1
2016.09.29;14.02;14.45;1
2016.09.30;13.29;14.43;1
2016.10.01;13.29;14.41;1
2016.10.02;13.29;14.40;1
2016.10.03;13.57;14.40;1
2016.10.04;13.63;14.40;1
2016.10.05;12.99;14.39;1
2016.10.06;12.84;14.38;1
2016.10.07;13.48;14.38;1
2016.10.08;13.48;14.38;1
2016.10.09;13.48;14.37;1
2016.10.10;13.38;14.37;1
2016.10.11;15.36;14.37;0
2016.10.12;15.91;14.37;0
2016.10.13;16.69;14.38;0
2016.10.14;16.12;14.39;0
2016.10.15;16.12;14.40;0
2016.10.16;16.12;14.41;0
2016.10.17;16.21;14.42;0
2016.10.18;15.28;14.43;0
2016.10.19;14.41;14.44;1
2016.10.20;13.75;14.44;1
2016.10.21;13.34;14.44;1
2016.10.22;13.34;14.43;1
2016.10.23;13.34;14.43;1
2016.10.24;13.02;14.41;1
2016.10.25;13.46;14.40;1
2016.10.26;14.24;14.40;1
2016.10.27;15.36;14.40;0
2016.10.28;16.19;14.40;0
2016.10.29;16.19;14.40;0
2016.10.30;16.19;14.41;0
2016.10.31;17.06;14.43;0
2016.11.01;18.56;14.46;0
2016.11.02;19.32;14.48;0
2016.11.03;22.08;14.53;0
2016.11.04;22.51;14.57;0
2016.11.05;22.51;14.62;0
2016.11.06;22.51;14.66;0
2016.11.07;18.71;14.69;0
2016.11.08;18.74;14.72;0
2016.11.09;14.38;14.72;1
2016.11.10;14.74;14.73;0
2016.11.11;14.17;14.73;1
2016.11.12;14.17;14.73;1
2016.11.13;14.17;14.73;1
2016.11.14;14.48;14.73;1
2016.11.15;13.37;14.72;1
2016.11.16;13.72;14.71;1
2016.11.17;13.35;14.70;1
2016.11.18;12.85;14.69;1
2016.11.19;12.85;14.67;1
2016.11.20;12.85;14.66;1
2016.11.21;12.42;14.64;1
2016.11.22;12.41;14.63;1
2016.11.23;12.43;14.62;1
2016.11.24;12.43;14.60;1
2016.11.25;12.34;14.59;1
2016.11.26;12.34;14.59;1
2016.11.27;12.34;14.58;1
2016.11.28;13.15;14.57;1
2016.11.29;12.90;14.56;1
2016.11.30;13.33;14.55;1
2016.12.01;14.07;14.55;1
2016.12.02;14.12;14.54;1
2016.12.03;14.12;14.53;1
2016.12.04;14.12;14.53;1
2016.12.05;12.14;14.50;1
2016.12.06;11.79;14.49;1
2016.12.07;12.22;14.47;1
2016.12.08;12.64;14.46;1
2016.12.09;11.75;14.44;1
2016.12.10;11.75;14.43;1
2016.12.11;11.75;14.42;1
2016.12.12;12.64;14.41;1
2016.12.13;12.72;14.41;1
2016.12.14;13.19;14.41;1
2016.12.15;12.79;14.41;1
2016.12.16;12.20;14.40;1
2016.12.17;12.20;14.39;1
2016.12.18;12.20;14.38;1
2016.12.19;11.71;14.37;1
2016.12.20;11.45;14.36;1
2016.12.21;11.27;14.35;1
2016.12.22;11.43;14.34;1
2016.12.23;11.44;14.33;1
2016.12.24;11.44;14.32;1
2016.12.25;11.44;14.31;1
2016.12.26;11.44;14.29;1
2016.12.27;11.99;14.26;1
2016.12.28;12.95;14.24;1
2016.12.29;13.37;14.23;1
2016.12.30;14.04;14.19;1
2016.12.31;14.04;14.16;1
2017.01.01;14.04;14.13;1
2017.01.02;14.04;14.10;1
2017.01.03;12.85;14.07;1
2017.01.04;11.85;14.03;1
2017.01.05;11.67;13.99;1
2017.01.06;11.32;13.96;1
2017.01.07;11.32;13.92;1
2017.01.08;11.32;13.87;1
2017.01.09;11.56;13.84;1
2017.01.10;11.49;13.77;1
2017.01.11;11.26;13.70;1
2017.01.12;11.54;13.63;1
2017.01.13;11.23;13.57;1
2017.01.14;11.23;13.53;1
2017.01.15;11.23;13.50;1
2017.01.16;11.23;13.48;1
2017.01.17;11.87;13.46;1
2017.01.18;12.48;13.45;1
2017.01.19;12.78;13.44;1
2017.01.20;11.54;13.43;1
2017.01.21;11.54;13.41;1
2017.01.22;11.54;13.39;1
2017.01.23;11.77;13.37;1
2017.01.24;11.07;13.36;1
2017.01.25;10.81;13.35;1
2017.01.26;10.63;13.34;1
2017.01.27;10.58;13.32;1
2017.01.28;10.58;13.31;1
2017.01.29;10.58;13.30;1
2017.01.30;11.88;13.29;1
2017.01.31;11.99;13.29;1
2017.02.01;11.81;13.28;1
2017.02.02;11.93;13.28;1
2017.02.03;10.97;13.27;1
2017.02.04;10.97;13.27;1
2017.02.05;10.97;13.26;1
2017.02.06;11.37;13.26;1
2017.02.07;11.29;13.25;1
2017.02.08;11.45;13.25;1
2017.02.09;10.88;13.25;1
2017.02.10;10.85;13.24;1
2017.02.11;10.85;13.22;1
2017.02.12;10.85;13.21;1
2017.02.13;11.07;13.21;1
2017.02.14;10.74;13.20;1
2017.02.15;11.97;13.20;1
2017.02.16;11.76;13.20;1
2017.02.17;11.49;13.20;1
2017.02.18;11.49;13.19;1
2017.02.19;11.49;13.18;1
2017.02.20;11.49;13.18;1
2017.02.21;11.57;13.18;1
2017.02.22;11.74;13.18;1
2017.02.23;11.71;13.18;1
2017.02.24;11.47;13.18;1
2017.02.25;11.47;13.18;1
2017.02.26;11.47;13.18;1
2017.02.27;12.09;13.18;1
2017.02.28;12.92;13.18;1
2017.03.01;12.54;13.19;1
2017.03.02;11.81;13.19;1
2017.03.03;10.96;13.19;1
2017.03.04;10.96;13.18;1
2017.03.05;10.96;13.17;1
2017.03.06;11.24;13.17;1
2017.03.07;11.45;13.17;1
2017.03.08;11.86;13.17;1
2017.03.09;12.30;13.18;1
2017.03.10;11.66;13.18;1
2017.03.11;11.66;13.17;1
2017.03.12;11.66;13.16;1
2017.03.13;11.35;13.15;1
2017.03.14;12.30;13.14;1
2017.03.15;11.63;13.13;1
2017.03.16;11.21;13.12;1
2017.03.17;11.28;13.11;1
2017.03.18;11.28;13.11;1
2017.03.19;11.28;13.09;1
2017.03.20;11.34;13.08;1
2017.03.21;12.47;13.09;1
2017.03.22;12.81;13.09;1
2017.03.23;13.12;13.10;0
2017.03.24;12.96;13.10;1
2017.03.25;12.96;13.11;1
2017.03.26;12.96;13.11;1
2017.03.27;12.50;13.11;1
2017.03.28;11.53;13.08;1
2017.03.29;11.42;13.05;1
2017.03.30;11.54;13.02;1
2017.03.31;12.37;13.01;1
2017.04.01;12.37;12.98;1
2017.04.02;12.37;12.95;1
2017.04.03;12.38;12.93;1
2017.04.04;11.79;12.91;1
2017.04.05;12.89;12.90;1
2017.04.06;12.39;12.89;1
2017.04.07;12.87;12.87;1
2017.04.08;12.87;12.86;0
2017.04.09;12.87;12.85;0
2017.04.10;14.05;12.87;0
2017.04.11;15.07;12.88;0
2017.04.12;15.77;12.90;0
2017.04.13;15.96;12.91;0
2017.04.14;15.96;12.92;0
2017.04.15;15.96;12.94;0
2017.04.16;15.96;12.95;0
2017.04.17;14.66;12.96;0
2017.04.18;14.42;12.96;0
2017.04.19;14.93;12.97;0
2017.04.20;14.15;12.98;0
2017.04.21;14.63;12.98;0
2017.04.22;14.63;12.99;0
2017.04.23;14.63;12.99;0
2017.04.24;10.84;12.98;1
2017.04.25;10.76;12.97;1
2017.04.26;10.85;12.96;1
2017.04.27;10.36;12.94;1
2017.04.28;10.82;12.93;1
2017.04.29;10.82;12.91;1
2017.04.30;10.82;12.88;1
2017.05.01;10.11;12.85;1
2017.05.02;10.59;12.82;1
2017.05.03;10.68;12.79;1
2017.05.04;10.46;12.76;1
2017.05.05;10.57;12.74;1
2017.05.06;10.57;12.71;1
2017.05.07;10.57;12.69;1
2017.05.08;9.77;12.67;1
2017.05.09;9.96;12.66;1
2017.05.10;10.21;12.64;1
2017.05.11;10.60;12.63;1
2017.05.12;10.40;12.61;1
2017.05.13;10.40;12.60;1
2017.05.14;10.40;12.58;1
2017.05.15;10.42;12.56;1
2017.05.16;10.65;12.53;1
2017.05.17;15.59;12.52;0
2017.05.18;14.66;12.52;0
2017.05.19;12.04;12.49;1
2017.05.20;12.04;12.46;1
2017.05.21;12.04;12.42;1
2017.05.22;10.93;12.37;1
2017.05.23;10.72;12.31;1
2017.05.24;10.02;12.25;1
2017.05.25;9.99;12.18;1
2017.05.26;9.81;12.14;1
2017.05.27;9.81;12.09;1
2017.05.28;9.81;12.07;1
2017.05.29;9.81;12.05;1
2017.05.30;10.38;12.03;1
2017.05.31;10.41;12.01;1
2017.06.01;9.89;11.99;1
2017.06.02;9.75;11.96;1
2017.06.03;9.75;11.95;1
2017.06.04;9.75;11.93;1
2017.06.05;10.07;11.91;1
2017.06.06;10.45;11.90;1
2017.06.07;10.39;11.88;1
2017.06.08;10.16;11.87;1
2017.06.09;10.70;11.86;1
2017.06.10;10.70;11.85;1
2017.06.11;10.70;11.85;1
2017.06.12;11.46;11.84;1
2017.06.13;10.42;11.83;1
2017.06.14;10.64;11.82;1
2017.06.15;10.90;11.82;1
2017.06.16;10.38;11.80;1
2017.06.17;10.38;11.79;1
2017.06.18;10.38;11.77;1
2017.06.19;10.37;11.76;1
2017.06.20;10.86;11.74;1
2017.06.21;10.75;11.72;1
2017.06.22;10.48;11.70;1
2017.06.23;10.02;11.69;1
2017.06.24;10.02;11.69;1
2017.06.25;10.02;11.67;1
2017.06.26;9.90;11.66;1
2017.06.27;11.06;11.66;1
2017.06.28;10.03;11.65;1
2017.06.29;11.44;11.65;1
2017.06.30;11.18;11.64;1
2017.07.01;11.18;11.63;1
2017.07.02;11.18;11.62;1
2017.07.03;11.22;11.61;1
2017.07.04;11.22;11.61;1
2017.07.05;11.07;11.60;1
2017.07.06;12.54;11.61;0
2017.07.07;11.19;11.60;1
2017.07.08;11.19;11.60;1
2017.07.09;11.19;11.60;1
2017.07.10;11.11;11.60;1
2017.07.11;10.89;11.60;1
2017.07.12;10.30;11.59;1
2017.07.13;9.90;11.58;1
2017.07.14;9.51;11.57;1
2017.07.15;9.51;11.56;1
2017.07.16;9.51;11.54;1
2017.07.17;9.82;11.53;1
2017.07.18;9.89;11.51;1
2017.07.19;9.79;11.48;1
2017.07.20;9.58;11.46;1
2017.07.21;9.36;11.44;1
2017.07.22;9.36;11.42;1
2017.07.23;9.36;11.41;1
2017.07.24;9.43;11.40;1
2017.07.25;9.43;11.39;1
2017.07.26;9.60;11.38;1
2017.07.27;10.11;11.37;1
2017.07.28;10.29;11.37;1
2017.07.29;10.29;11.36;1
2017.07.30;10.29;11.36;1
2017.07.31;10.26;11.35;1
2017.08.01;10.09;11.34;1
2017.08.02;10.28;11.34;1
2017.08.03;10.44;11.34;1
2017.08.04;10.03;11.33;1
2017.08.05;10.03;11.32;1
2017.08.06;10.03;11.31;1
2017.08.07;9.93;11.29;1
2017.08.08;10.96;11.29;1
2017.08.09;11.11;11.29;1
2017.08.10;16.04;11.31;0
2017.08.11;15.51;11.33;0
2017.08.12;15.51;11.35;0
2017.08.13;15.51;11.38;0
2017.08.14;12.33;11.38;0
2017.08.15;12.04;11.39;0
2017.08.16;11.74;11.40;0
2017.08.17;15.55;11.42;0
2017.08.18;14.26;11.43;0
2017.08.19;14.26;11.44;0
2017.08.20;14.26;11.46;0
2017.08.21;13.19;11.46;0
2017.08.22;11.35;11.47;1
2017.08.23;12.25;11.47;0
2017.08.24;12.23;11.48;0
2017.08.25;11.28;11.48;1
2017.08.26;11.28;11.48;1
2017.08.27;11.28;11.48;1
2017.08.28;11.32;11.48;1
2017.08.29;11.70;11.48;0
2017.08.30;11.22;11.49;1
2017.08.31;10.59;11.48;1
2017.09.01;10.13;11.48;1
2017.09.02;10.13;11.48;1
2017.09.03;10.13;11.47;1
2017.09.04;10.13;11.46;1
2017.09.05;12.23;11.46;0
2017.09.06;11.63;11.46;0
2017.09.07;11.55;11.46;0
2017.09.08;12.12;11.47;0
2017.09.09;12.12;11.47;0
2017.09.10;12.12;11.47;0
2017.09.11;10.73;11.47;1
2017.09.12;10.58;11.46;1
2017.09.13;10.50;11.46;1
2017.09.14;10.44;11.45;1
2017.09.15;10.17;11.44;1
2017.09.16;10.17;11.43;1
2017.09.17;10.17;11.42;1
2017.09.18;10.15;11.41;1
2017.09.19;10.18;11.40;1
2017.09.20;9.78;11.40;1
2017.09.21;9.67;11.39;1
2017.09.22;9.59;11.38;1
2017.09.23;9.59;11.37;1
2017.09.24;9.59;11.36;1
2017.09.25;10.21;11.35;1
2017.09.26;10.17;11.35;1
2017.09.27;9.87;11.34;1
2017.09.28;9.55;11.33;1
2017.09.29;9.51;11.32;1
2017.09.30;9.51;11.30;1
2017.10.01;9.51;11.29;1
2017.10.02;9.45;11.28;1
2017.10.03;9.51;11.27;1
2017.10.04;9.63;11.27;1
2017.10.05;9.19;11.26;1
2017.10.06;9.65;11.25;1
2017.10.07;9.65;11.23;1
2017.10.08;9.65;11.22;1
2017.10.09;10.33;11.20;1
2017.10.10;10.08;11.19;1
2017.10.11;9.85;11.17;1
2017.10.12;9.91;11.16;1
2017.10.13;9.61;11.14;1
2017.10.14;9.61;11.13;1
2017.10.15;9.61;11.13;1
2017.10.16;9.91;11.12;1
2017.10.17;10.31;11.11;1
2017.10.18;10.07;11.10;1
2017.10.19;10.05;11.08;1
2017.10.20;9.97;11.07;1
2017.10.21;9.97;11.06;1
2017.10.22;9.97;11.05;1
2017.10.23;11.07;11.04;0
2017.10.24;11.16;11.03;0
2017.10.25;11.23;11.02;0
2017.10.26;11.30;11.02;0
2017.10.27;9.80;11.00;1
2017.10.28;9.80;10.97;1
2017.10.29;9.80;10.94;1
2017.10.30;10.50;10.91;1
2017.10.31;10.18;10.88;1
2017.11.01;10.20;10.85;1
2017.11.02;9.93;10.82;1
2017.11.03;9.14;10.80;1
2017.11.04;9.14;10.77;1
2017.11.05;9.14;10.74;1
2017.11.06;9.40;10.72;1
2017.11.07;9.89;10.69;1
2017.11.08;9.78;10.67;1
2017.11.09;10.50;10.65;1
2017.11.10;11.29;10.65;0
2017.11.11;11.29;10.65;0
2017.11.12;11.29;10.66;0
2017.11.13;11.50;10.66;0
2017.11.14;11.59;10.67;0
2017.11.15;13.13;10.68;0
2017.11.16;11.76;10.68;0
2017.11.17;11.43;10.69;0
2017.11.18;11.43;10.69;0
2017.11.19;11.43;10.70;0
2017.11.20;10.65;10.70;1
2017.11.21;9.73;10.69;1
2017.11.22;9.88;10.69;1
2017.11.23;9.88;10.69;1
2017.11.24;9.67;10.69;1
2017.11.25;9.67;10.68;1
2017.11.26;9.67;10.68;1
2017.11.27;9.87;10.68;1
2017.11.28;10.03;10.68;1
2017.11.29;10.70;10.68;0
2017.11.30;11.28;10.68;0
2017.12.01;11.43;10.69;0
2017.12.02;11.43;10.69;0
2017.12.03;11.43;10.67;0
2017.12.04;11.68;10.65;0
2017.12.05;11.33;10.65;0
2017.12.06;11.02;10.65;0
2017.12.07;10.16;10.64;1
2017.12.08;9.58;10.63;1
2017.12.09;9.58;10.62;1
2017.12.10;9.58;10.62;1
2017.12.11;9.34;10.62;1
2017.12.12;9.92;10.62;1
2017.12.13;10.18;10.62;1
2017.12.14;10.49;10.62;1
2017.12.15;9.42;10.62;1
2017.12.16;9.42;10.62;1
2017.12.17;9.42;10.61;1
2017.12.18;9.53;10.61;1
2017.12.19;10.03;10.61;1
2017.12.20;9.72;10.61;1
2017.12.21;9.62;10.61;1
2017.12.22;9.90;10.61;1
2017.12.23;9.90;10.61;1
2017.12.24;9.90;10.61;1
2017.12.25;9.90;10.60;1
2017.12.26;10.25;10.60;1
2017.12.27;10.47;10.60;1
2017.12.28;10.18;10.60;1
2017.12.29;11.04;10.60;0
2017.12.30;11.04;10.60;0
2017.12.31;11.04;10.60;0
2018.01.01;11.04;10.60;0
2018.01.02;9.77;10.60;1
2018.01.03;9.15;10.59;1
2018.01.04;9.22;10.59;1
2018.01.05;9.22;10.58;1
2018.01.06;9.22;10.57;1
2018.01.07;9.22;10.57;1
2018.01.08;9.52;10.56;1
2018.01.09;10.08;10.56;1
2018.01.10;9.82;10.56;1
2018.01.11;9.88;10.56;1
2018.01.12;10.16;10.56;1
2018.01.13;10.16;10.56;1
2018.01.14;10.16;10.56;1
2018.01.15;10.16;10.55;1
2018.01.16;11.66;10.55;0
2018.01.17;11.91;10.56;0
2018.01.18;12.22;10.56;0
2018.01.19;11.27;10.56;0
2018.01.20;11.27;10.56;0
2018.01.21;11.27;10.56;0
2018.01.22;11.03;10.56;0
2018.01.23;11.10;10.56;0
2018.01.24;11.47;10.56;0
2018.01.25;11.58;10.56;0
2018.01.26;11.08;10.56;0
2018.01.27;11.08;10.56;0
2018.01.28;11.08;10.56;0
2018.01.29;13.84;10.58;0
2018.01.30;14.79;10.61;0
2018.01.31;13.54;10.63;0
2018.02.01;13.47;10.65;0
2018.02.02;17.31;10.69;0
2018.02.03;17.31;10.72;0
2018.02.04;17.31;10.76;0
2018.02.05;37.32;10.90;0
2018.02.06;29.98;11.00;0
2018.02.07;27.73;11.10;0
2018.02.08;33.46;11.22;0
2018.02.09;29.06;11.31;0
2018.02.10;29.06;11.41;0
2018.02.11;29.06;11.51;0
2018.02.12;25.61;11.59;0
2018.02.13;24.97;11.66;0
2018.02.14;19.26;11.70;0
2018.02.15;19.13;11.75;0
2018.02.16;19.46;11.80;0
2018.02.17;19.46;11.84;0
2018.02.18;19.46;11.89;0
2018.02.19;19.46;11.93;0
2018.02.20;20.60;11.99;0
2018.02.21;20.02;12.04;0
2018.02.22;18.72;12.08;0
2018.02.23;16.49;12.11;0
2018.02.24;16.49;12.14;0
2018.02.25;16.49;12.17;0
2018.02.26;15.80;12.17;0
2018.02.27;18.59;12.18;0
2018.02.28;19.85;12.20;0
2018.03.01;22.47;12.24;0
2018.03.02;19.59;12.27;0
2018.03.03;19.59;12.31;0
2018.03.04;19.59;12.35;0
2018.03.05;18.73;12.37;0
2018.03.06;18.36;12.39;0
2018.03.07;17.76;12.40;0
2018.03.08;16.54;12.42;0
2018.03.09;14.64;12.42;0
2018.03.10;14.64;12.44;0
2018.03.11;14.64;12.45;0
2018.03.12;15.78;12.47;0
2018.03.13;16.35;12.49;0
2018.03.14;17.23;12.52;0
2018.03.15;16.59;12.55;0
2018.03.16;15.80;12.57;0
2018.03.17;15.80;12.59;0
2018.03.18;15.80;12.62;0
2018.03.19;19.02;12.66;0
2018.03.20;18.20;12.70;0
2018.03.21;17.86;12.74;0
2018.03.22;23.34;12.80;0
2018.03.23;24.87;12.88;0
2018.03.24;24.87;12.94;0
2018.03.25;24.87;13.01;0
2018.03.26;21.03;13.05;0
2018.03.27;22.50;13.11;0
2018.03.28;22.87;13.16;0
2018.03.29;19.97;13.20;0
2018.03.30;19.97;13.25;0
2018.03.31;19.97;13.29;0
2018.04.01;19.97;13.34;0
2018.04.02;23.62;13.41;0
2018.04.03;21.10;13.46;0
2018.04.04;20.06;13.51;0
2018.04.05;18.94;13.55;0
2018.04.06;21.49;13.61;0
2018.04.07;21.49;13.67;0
2018.04.08;21.49;13.73;0
2018.04.09;21.77;13.79;0
2018.04.10;20.47;13.84;0
2018.04.11;20.24;13.89;0
2018.04.12;18.49;13.94;0
2018.04.13;17.41;13.97;0
2018.04.14;17.41;14.01;0
2018.04.15;17.41;14.05;0
2018.04.16;16.56;14.08;0
2018.04.17;15.25;14.11;0
2018.04.18;15.60;14.14;0
2018.04.19;15.96;14.17;0
2018.04.20;16.88;14.21;0
2018.04.21;16.88;14.25;0
2018.04.22;16.88;14.28;0
2018.04.23;16.34;14.32;0
2018.04.24;18.02;14.36;0
2018.04.25;17.84;14.40;0
2018.04.26;16.24;14.44;0
2018.04.27;15.41;14.46;0
2018.04.28;15.41;14.49;0
2018.04.29;15.41;14.52;0
2018.04.30;15.93;14.55;0
2018.05.01;15.49;14.58;0
2018.05.02;15.97;14.61;0
2018.05.03;15.90;14.64;0
2018.05.04;14.77;14.66;0
2018.05.05;14.77;14.69;0
2018.05.06;14.77;14.71;0
2018.05.07;14.75;14.73;0
2018.05.08;14.71;14.76;1
2018.05.09;13.42;14.77;1
2018.05.10;13.23;14.79;1
2018.05.11;12.65;14.80;1
2018.05.12;12.65;14.81;1
2018.05.13;12.65;14.81;1
2018.05.14;12.93;14.82;1
2018.05.15;14.63;14.84;1
2018.05.16;13.42;14.86;1
2018.05.17;13.43;14.88;1
2018.05.18;13.42;14.90;1
2018.05.19;13.42;14.91;1
2018.05.20;13.42;14.93;1
2018.05.21;13.08;14.94;1
2018.05.22;13.22;14.96;1
2018.05.23;12.58;14.98;1
2018.05.24;12.53;15.00;1
2018.05.25;13.22;15.02;1
2018.05.26;13.22;15.03;1
2018.05.27;13.22;15.05;1
2018.05.28;13.22;15.06;1
2018.05.29;17.02;15.09;0
2018.05.30;14.94;15.11;1
2018.05.31;15.43;15.13;0
2018.06.01;13.46;15.14;1
2018.06.02;13.46;15.15;1
2018.06.03;13.46;15.15;1
2018.06.04;12.74;15.16;1
2018.06.05;12.40;15.16;1
2018.06.06;11.64;15.16;1
2018.06.07;12.13;15.17;1
2018.06.08;12.18;15.17;1
2018.06.09;12.18;15.19;1
2018.06.10;12.18;15.20;1
2018.06.11;12.35;15.21;1
2018.06.12;12.34;15.22;1
2018.06.13;12.94;15.24;1
2018.06.14;12.12;15.25;1
2018.06.15;11.98;15.26;1
2018.06.16;11.98;15.27;1
2018.06.17;11.98;15.28;1
2018.06.18;12.31;15.28;1
2018.06.19;13.35;15.29;1
2018.06.20;12.79;15.30;1
2018.06.21;14.64;15.32;1
2018.06.22;13.77;15.33;1
2018.06.23;13.77;15.34;1
2018.06.24;13.77;15.35;1
2018.06.25;17.33;15.39;0
2018.06.26;15.92;15.42;0
2018.06.27;17.91;15.46;0
2018.06.28;16.85;15.50;0
2018.06.29;16.09;15.53;0
2018.06.30;16.09;15.56;0
2018.07.01;16.09;15.59;0
2018.07.02;15.60;15.62;1
2018.07.03;16.14;15.65;0
2018.07.04;16.14;15.69;0
2018.07.05;14.97;15.71;1
2018.07.06;13.37;15.73;1
2018.07.07;13.37;15.75;1
2018.07.08;13.37;15.77;1
2018.07.09;12.69;15.78;1
2018.07.10;12.64;15.80;1
2018.07.11;13.63;15.82;1
2018.07.12;12.58;15.83;1
2018.07.13;12.18;15.84;1
2018.07.14;12.18;15.85;1
2018.07.15;12.18;15.86;1
2018.07.16;12.83;15.87;1
2018.07.17;12.06;15.88;1
2018.07.18;12.10;15.88;1
2018.07.19;12.87;15.89;1
2018.07.20;12.86;15.90;1
2018.07.21;12.86;15.92;1
2018.07.22;12.86;15.93;1
2018.07.23;12.62;15.95;1
2018.07.24;12.41;15.97;1
2018.07.25;12.29;15.98;1
2018.07.26;12.14;16.00;1
2018.07.27;13.03;16.01;1
2018.07.28;13.03;16.03;1
2018.07.29;13.03;16.05;1
2018.07.30;14.26;16.07;1
2018.07.31;12.83;16.08;1
2018.08.01;13.15;16.10;1
2018.08.02;12.19;16.11;1
2018.08.03;11.64;16.11;1
2018.08.04;11.64;16.11;1
2018.08.05;11.64;16.11;1
2018.08.06;11.27;16.11;1
2018.08.07;10.93;16.11;1
2018.08.08;10.85;16.10;1
2018.08.09;11.27;16.10;1
2018.08.10;13.16;16.11;1
2018.08.11;13.16;16.12;1
2018.08.12;13.16;16.13;1
2018.08.13;14.78;16.15;1
2018.08.14;13.31;16.16;1
2018.08.15;14.64;16.18;1
2018.08.16;13.45;16.19;1
2018.08.17;12.64;16.18;1
2018.08.18;12.64;16.17;1
2018.08.19;12.64;16.17;1
2018.08.20;12.49;16.16;1
2018.08.21;12.86;16.14;1
2018.08.22;12.25;16.12;1
2018.08.23;12.41;16.09;1
2018.08.24;11.99;15.96;1
2018.08.25;11.99;15.87;1
2018.08.26;11.99;15.80;1
2018.08.27;12.16;15.69;1
2018.08.28;12.50;15.61;1
2018.08.29;12.25;15.52;1
2018.08.30;13.53;15.45;1
2018.08.31;12.86;15.38;1
2018.09.01;12.86;15.32;1
2018.09.02;12.86;15.29;1
2018.09.03;12.86;15.26;1
2018.09.04;13.16;15.23;1
2018.09.05;13.91;15.20;1
2018.09.06;14.65;15.17;1
2018.09.07;14.88;15.15;1
2018.09.08;14.88;15.12;1
2018.09.09;14.88;15.10;1
2018.09.10;14.16;15.07;1
2018.09.11;13.22;15.06;1
2018.09.12;13.14;15.04;1
2018.09.13;12.37;15.02;1
2018.09.14;12.07;15.00;1
2018.09.15;12.07;14.97;1
2018.09.16;12.07;14.93;1
2018.09.17;13.68;14.89;1
2018.09.18;12.79;14.85;1
2018.09.19;11.75;14.81;1
2018.09.20;11.80;14.77;1
2018.09.21;11.68;14.74;1
2018.09.22;11.68;14.71;1
2018.09.23;11.68;14.68;1
2018.09.24;12.20;14.65;1
2018.09.25;12.42;14.64;1
2018.09.26;12.89;14.63;1
2018.09.27;12.41;14.62;1
2018.09.28;12.12;14.60;1
2018.09.29;12.12;14.58;1
2018.09.30;12.12;14.56;1
2018.10.01;12.00;14.53;1
2018.10.02;12.05;14.52;1
2018.10.03;11.61;14.49;1
2018.10.04;14.22;14.49;1
2018.10.05;14.82;14.47;0
2018.10.06;14.82;14.45;0
2018.10.07;14.82;14.43;0
2018.10.08;15.69;14.40;0
2018.10.09;15.95;14.35;0
2018.10.10;22.96;14.34;0
2018.10.11;24.98;14.34;0
2018.10.12;21.31;14.34;0
2018.10.13;21.31;14.34;0
2018.10.14;21.31;14.33;0
2018.10.15;21.30;14.34;0
2018.10.16;17.62;14.32;0
2018.10.17;17.40;14.31;0
2018.10.18;20.06;14.31;0
2018.10.19;19.89;14.29;0
2018.10.20;19.89;14.29;0
2018.10.21;19.89;14.29;0
2018.10.22;19.64;14.29;0
2018.10.23;20.71;14.29;0
2018.10.24;25.23;14.30;0
2018.10.25;24.22;14.32;0
2018.10.26;24.16;14.33;0
2018.10.27;24.16;14.35;0
2018.10.28;24.16;14.37;0
2018.10.29;24.70;14.40;0
2018.10.30;23.35;14.43;0
2018.10.31;21.23;14.45;0
2018.11.01;19.34;14.46;0
2018.11.02;19.51;14.47;0
2018.11.03;19.51;14.49;0
2018.11.04;19.51;14.51;0
2018.11.05;19.96;14.53;0
2018.11.06;19.91;14.55;0
2018.11.07;16.36;14.55;0
2018.11.08;16.72;14.55;0
2018.11.09;17.36;14.55;0
2018.11.10;17.36;14.55;0
2018.11.11;17.36;14.54;0
2018.11.12;20.45;14.57;0
2018.11.13;20.02;14.59;0
2018.11.14;21.25;14.62;0
2018.11.15;19.98;14.64;0
2018.11.16;18.14;14.65;0
2018.11.17;18.14;14.67;0
2018.11.18;18.14;14.68;0
2018.11.19;20.10;14.70;0
2018.11.20;22.48;14.74;0
2018.11.21;20.80;14.77;0
2018.11.22;20.80;14.80;0
2018.11.23;21.52;14.83;0
2018.11.24;21.52;14.86;0
2018.11.25;21.52;14.90;0
2018.11.26;18.90;14.93;0
2018.11.27;19.02;14.96;0
2018.11.28;18.49;14.99;0
2018.11.29;18.79;15.02;0
2018.11.30;18.07;15.05;0
2018.12.01;18.07;15.07;0
2018.12.02;18.07;15.09;0
2018.12.03;16.44;15.11;0
2018.12.04;20.74;15.14;0
2018.12.05;20.74;15.18;0
2018.12.06;21.19;15.22;0
2018.12.07;23.23;15.27;0
2018.12.08;23.23;15.32;0
2018.12.09;23.23;15.37;0
2018.12.10;22.64;15.42;0
2018.12.11;21.76;15.47;0
2018.12.12;21.46;15.51;0
2018.12.13;20.65;15.54;0
2018.12.14;21.63;15.59;0
2018.12.15;21.63;15.61;0
2018.12.16;21.63;15.64;0
2018.12.17;24.52;15.69;0
2018.12.18;25.58;15.75;0
2018.12.19;25.58;15.81;0
2018.12.20;28.38;15.88;0
2018.12.21;30.11;15.97;0
2018.12.22;30.11;16.06;0
2018.12.23;30.11;16.15;0
2018.12.24;36.07;16.27;0
2018.12.25;36.07;16.39;0
2018.12.26;30.41;16.48;0
2018.12.27;29.96;16.57;0
2018.12.28;28.34;16.65;0
2018.12.29;28.34;16.73;0
2018.12.30;28.34;16.81;0
2018.12.31;25.42;16.87;0
2019.01.01;25.42;16.94;0
2019.01.02;23.22;17.00;0
2019.01.03;25.45;17.06;0
2019.01.04;21.38;17.11;0
2019.01.05;21.38;17.15;0
2019.01.06;21.38;17.19;0
2019.01.07;21.40;17.23;0
2019.01.08;20.47;17.26;0
2019.01.09;19.98;17.29;0
2019.01.10;19.50;17.32;0
2019.01.11;18.19;17.32;0
2019.01.12;18.19;17.34;0
2019.01.13;18.19;17.34;0
2019.01.14;19.07;17.35;0
2019.01.15;18.60;17.36;0
2019.01.16;19.04;17.38;0
2019.01.17;18.06;17.39;0
2019.01.18;17.80;17.40;0
2019.01.19;17.80;17.40;0
2019.01.20;17.80;17.41;0
2019.01.21;17.80;17.43;0
2019.01.22;20.80;17.46;0
2019.01.23;19.52;17.49;0
2019.01.24;18.89;17.52;0
2019.01.25;17.42;17.55;1
2019.01.26;17.42;17.57;1
2019.01.27;17.42;17.59;1
2019.01.28;18.87;17.62;0
2019.01.29;19.13;17.66;0
2019.01.30;17.66;17.68;1
2019.01.31;16.57;17.70;1
2019.02.01;16.14;17.72;1
2019.02.02;16.14;17.74;1
2019.02.03;16.14;17.76;1
2019.02.04;15.73;17.78;1
2019.02.05;15.57;17.79;1
2019.02.06;15.38;17.80;1
2019.02.07;16.37;17.82;1
2019.02.08;15.72;17.84;1
2019.02.09;15.72;17.85;1
2019.02.10;15.72;17.87;1
2019.02.11;15.97;17.89;1
2019.02.12;15.43;17.90;1
2019.02.13;15.65;17.91;1
2019.02.14;16.22;17.93;1
2019.02.15;14.91;17.93;1
2019.02.16;14.91;17.94;1
2019.02.17;14.91;17.95;1
2019.02.18;14.91;17.97;1
2019.02.19;14.88;17.98;1
2019.02.20;14.02;17.99;1
2019.02.21;14.46;18.01;1
2019.02.22;13.51;18.02;1
2019.02.23;13.51;18.03;1
2019.02.24;13.51;18.04;1
2019.02.25;14.85;18.06;1
2019.02.26;15.17;18.07;1
2019.02.27;14.70;18.08;1
2019.02.28;14.78;18.09;1
2019.03.01;13.57;18.08;1
2019.03.02;13.57;18.08;1
2019.03.03;13.57;18.08;1
2019.03.04;14.63;18.08;1
2019.03.05;14.74;18.09;1
2019.03.06;15.74;18.11;1
2019.03.07;16.59;18.13;1
2019.03.08;16.05;18.15;1
2019.03.09;16.05;18.16;1
2019.03.10;16.05;18.18;1
2019.03.11;14.33;18.19;1
2019.03.12;13.77;18.20;1
2019.03.13;13.41;18.21;1
2019.03.14;13.50;18.22;1
2019.03.15;12.88;18.22;1
2019.03.16;12.88;18.22;1
2019.03.17;12.88;18.22;1
2019.03.18;13.10;18.22;1
2019.03.19;13.56;18.23;1
2019.03.20;13.91;18.23;1
2019.03.21;13.63;18.23;1
2019.03.22;16.48;18.25;1
2019.03.23;16.48;18.27;1
2019.03.24;16.48;18.28;1
2019.03.25;16.33;18.29;1
2019.03.26;14.68;18.29;1
2019.03.27;15.15;18.29;1
2019.03.28;14.43;18.29;1
2019.03.29;13.71;18.29;1
2019.03.30;13.71;18.29;1
2019.03.31;13.71;18.29;1
2019.04.01;13.40;18.30;1
2019.04.02;13.36;18.30;1
2019.04.03;13.74;18.31;1
2019.04.04;13.58;18.32;1
2019.04.05;12.82;18.32;1
2019.04.06;12.82;18.32;1
2019.04.07;12.82;18.32;1
2019.04.08;13.18;18.33;1
2019.04.09;14.28;18.34;1
2019.04.10;13.30;18.35;1
2019.04.11;13.02;18.36;1
2019.04.12;12.01;18.35;1
2019.04.13;12.01;18.35;1
2019.04.14;12.01;18.35;1
2019.04.15;12.32;18.35;1
2019.04.16;12.18;18.35;1
2019.04.17;12.60;18.35;1
2019.04.18;12.09;18.35;1
2019.04.19;12.09;18.35;1
2019.04.20;12.09;18.35;1
2019.04.21;12.09;18.35;1
2019.04.22;12.42;18.34;1
2019.04.23;12.28;18.33;1
2019.04.24;13.14;18.32;1
2019.04.25;13.25;18.32;1
2019.04.26;12.73;18.30;1
2019.04.27;12.73;18.28;1
2019.04.28;12.73;18.23;1
2019.04.29;13.11;18.17;1
2019.04.30;13.12;18.13;1
2019.05.01;14.80;18.10;1
2019.05.02;14.42;18.07;1
2019.05.03;12.87;18.02;1
2019.05.04;12.87;18.00;1
2019.05.05;12.87;17.98;1
2019.05.06;15.44;17.95;1
2019.05.07;19.32;17.95;0
2019.05.08;19.40;17.95;0
2019.05.09;19.10;17.94;0
2019.05.10;16.04;17.93;1
2019.05.11;16.04;17.90;1
2019.05.12;16.04;17.86;1
2019.05.13;20.55;17.84;0
2019.05.14;18.06;17.81;0
2019.05.15;16.44;17.77;1
2019.05.16;15.29;17.73;1
2019.05.17;15.96;17.68;1
2019.05.18;15.96;17.65;1
2019.05.19;15.96;17.62;1
2019.05.20;16.31;17.60;1
2019.05.21;14.95;17.58;1
2019.05.22;14.75;17.56;1
2019.05.23;16.92;17.54;1
2019.05.24;15.85;17.52;1
2019.05.25;15.85;17.50;1
2019.05.26;15.85;17.50;1
2019.05.27;15.85;17.50;1
2019.05.28;17.50;17.50;0
2019.05.29;17.90;17.50;0
2019.05.30;17.30;17.50;1
2019.05.31;18.71;17.49;0
2019.06.01;18.71;17.48;0
2019.06.02;18.71;17.47;0
2019.06.03;18.86;17.47;0
2019.06.04;16.97;17.46;1
2019.06.05;16.09;17.45;1
2019.06.06;15.93;17.44;1
2019.06.07;16.30;17.42;1
2019.06.08;16.30;17.39;1
2019.06.09;16.30;17.37;1
2019.06.10;15.94;17.34;1
2019.06.11;15.99;17.31;1
2019.06.12;15.91;17.29;1
2019.06.13;15.82;17.26;1
2019.06.14;15.28;17.24;1
2019.06.15;15.28;17.22;1
2019.06.16;15.28;17.21;1
2019.06.17;15.35;17.19;1
2019.06.18;15.15;17.17;1
2019.06.19;14.33;17.15;1
2019.06.20;14.75;17.14;1
2019.06.21;15.40;17.13;1
2019.06.22;15.40;17.11;1
2019.06.23;15.40;17.08;1
2019.06.24;15.26;17.05;1
2019.06.25;16.28;17.01;1
2019.06.26;16.21;16.98;1
2019.06.27;15.82;16.94;1
2019.06.28;15.08;16.91;1
2019.06.29;15.08;16.87;1
2019.06.30;15.08;16.84;1
2019.07.01;14.06;16.81;1
2019.07.02;12.93;16.76;1
2019.07.03;12.57;16.72;1
2019.07.04;12.57;16.67;1
2019.07.05;13.28;16.62;1
2019.07.06;13.28;16.55;1
2019.07.07;13.28;16.49;1
2019.07.08;13.96;16.42;1
2019.07.09;14.09;16.34;1
2019.07.10;13.03;16.26;1
2019.07.11;12.93;16.17;1
2019.07.12;12.39;16.05;1
2019.07.13;12.39;15.93;1
2019.07.14;12.39;15.84;1
2019.07.15;12.68;15.76;1
2019.07.16;12.86;15.68;1
2019.07.17;13.97;15.61;1
2019.07.18;13.53;15.53;1
2019.07.19;14.45;15.48;1
2019.07.20;14.45;15.42;1
2019.07.21;14.45;15.38;1
2019.07.22;13.53;15.32;1
2019.07.23;12.61;15.28;1
2019.07.24;12.07;15.23;1
2019.07.25;12.74;15.19;1
2019.07.26;12.16;15.14;1
2019.07.27;12.16;15.10;1
2019.07.28;12.16;15.06;1
2019.07.29;12.83;15.03;1
2019.07.30;13.94;15.01;1
2019.07.31;16.12;14.99;0
2019.08.01;17.87;14.99;0
2019.08.02;17.61;14.99;0
2019.08.03;17.61;14.98;0
2019.08.04;17.61;14.97;0
2019.08.05;24.59;15.01;0
2019.08.06;20.17;15.02;0
2019.08.07;19.49;15.03;0
2019.08.08;16.91;15.02;0
2019.08.09;17.97;15.02;0
2019.08.10;17.97;15.01;0
2019.08.11;17.97;15.00;0
2019.08.12;21.09;15.01;0
2019.08.13;17.52;15.01;0
2019.08.14;22.10;15.04;0
2019.08.15;21.18;15.05;0
2019.08.16;18.47;15.05;0
2019.08.17;18.47;15.05;0
2019.08.18;18.47;15.05;0
2019.08.19;16.88;15.06;0
2019.08.20;17.50;15.06;0
2019.08.21;15.80;15.06;0
2019.08.22;16.68;15.06;0
2019.08.23;19.87;15.08;0
2019.08.24;19.87;15.11;0
2019.08.25;19.87;15.13;0
2019.08.26;19.32;15.14;0
2019.08.27;20.31;15.17;0
2019.08.28;19.35;15.18;0
2019.08.29;17.88;15.19;0
2019.08.30;18.98;15.21;0
2019.08.31;18.98;15.23;0
2019.09.01;18.98;15.24;0
2019.09.02;18.98;15.26;0
2019.09.03;19.66;15.28;0
2019.09.04;17.33;15.29;0
2019.09.05;16.27;15.30;0
2019.09.06;15.00;15.30;1
2019.09.07;15.00;15.30;1
2019.09.08;15.00;15.31;1
2019.09.09;15.27;15.31;1
2019.09.10;15.20;15.32;1
2019.09.11;14.61;15.32;1
2019.09.12;14.22;15.33;1
2019.09.13;13.74;15.32;1
2019.09.14;13.74;15.32;1
2019.09.15;13.74;15.31;1
2019.09.16;14.67;15.31;1
2019.09.17;14.44;15.31;1
2019.09.18;13.95;15.32;1
2019.09.19;14.05;15.32;1
2019.09.20;15.32;15.32;1
2019.09.21;15.32;15.32;1
2019.09.22;15.32;15.32;1
2019.09.23;14.91;15.31;1
2019.09.24;17.05;15.32;0
2019.09.25;15.96;15.32;0
2019.09.26;16.07;15.32;0
2019.09.27;17.22;15.33;0
2019.09.28;17.22;15.35;0
2019.09.29;17.22;15.37;0
2019.09.30;16.24;15.38;0
2019.10.01;18.56;15.41;0
2019.10.02;20.56;15.45;0
2019.10.03;19.12;15.48;0
2019.10.04;17.04;15.50;0
2019.10.05;17.04;15.52;0
2019.10.06;17.04;15.53;0
2019.10.07;17.86;15.56;0
2019.10.08;20.28;15.57;0
2019.10.09;18.64;15.59;0
2019.10.10;17.57;15.59;0
2019.10.11;15.58;15.59;1
2019.10.12;15.58;15.59;1
2019.10.13;15.58;15.59;1
2019.10.14;14.57;15.59;1
2019.10.15;13.54;15.59;1
2019.10.16;13.68;15.59;1
2019.10.17;13.79;15.59;1
2019.10.18;14.25;15.60;1
2019.10.19;14.25;15.60;1
2019.10.20;14.25;15.60;1
2019.10.21;14.00;15.61;1
2019.10.22;14.46;15.62;1
2019.10.23;14.01;15.62;1
2019.10.24;13.71;15.63;1
2019.10.25;12.65;15.62;1
2019.10.26;12.65;15.61;1
2019.10.27;12.65;15.61;1
2019.10.28;13.11;15.61;1
2019.10.29;13.20;15.62;1
2019.10.30;12.33;15.62;1
2019.10.31;13.22;15.63;1
2019.11.01;12.30;15.63;1
2019.11.02;12.30;15.63;1
2019.11.03;12.30;15.62;1
2019.11.04;12.83;15.63;1
2019.11.05;13.10;15.63;1
2019.11.06;12.62;15.64;1
2019.11.07;12.73;15.64;1
2019.11.08;12.07;15.64;1
2019.11.09;12.07;15.64;1
2019.11.10;12.07;15.63;1
2019.11.11;12.69;15.63;1
2019.11.12;12.68;15.63;1
2019.11.13;13.00;15.63;1
2019.11.14;13.05;15.63;1
2019.11.15;12.05;15.63;1
2019.11.16;12.05;15.62;1
2019.11.17;12.05;15.61;1
2019.11.18;12.46;15.60;1
2019.11.19;12.86;15.60;1
2019.11.20;12.78;15.60;1
2019.11.21;13.13;15.60;1
2019.11.22;12.34;15.58;1
2019.11.23;12.34;15.55;1
2019.11.24;12.34;15.51;1
2019.11.25;11.87;15.48;1
2019.11.26;11.54;15.45;1
2019.11.27;11.75;15.43;1
2019.11.28;11.75;15.41;1
2019.11.29;12.62;15.37;1
2019.11.30;12.62;15.34;1
2019.12.01;12.62;15.32;1
2019.12.02;14.91;15.32;1
2019.12.03;15.96;15.32;0
2019.12.04;14.80;15.32;1
2019.12.05;14.52;15.31;1
2019.12.06;13.62;15.30;1
2019.12.07;13.62;15.29;1
2019.12.08;13.62;15.28;1
2019.12.09;15.86;15.28;0
2019.12.10;15.68;15.28;0
2019.12.11;14.99;15.27;1
2019.12.12;13.94;15.26;1
2019.12.13;12.63;15.25;1
2019.12.14;12.63;15.22;1
2019.12.15;12.63;15.20;1
2019.12.16;12.14;15.17;1
2019.12.17;12.29;15.14;1
2019.12.18;12.58;15.11;1
2019.12.19;12.50;15.08;1
2019.12.20;12.51;15.05;1
2019.12.21;12.51;15.02;1
2019.12.22;12.51;15.01;1
2019.12.23;12.61;14.99;1
2019.12.24;12.67;14.97;1
2019.12.25;12.67;14.95;1
2019.12.26;12.65;14.93;1
2019.12.27;13.43;14.92;1
2019.12.28;13.43;14.91;1
2019.12.29;13.43;14.90;1
2019.12.30;14.82;14.89;1
2019.12.31;13.78;14.88;1
2020.01.01;13.78;14.88;1
2020.01.02;12.47;14.86;1
2020.01.03;14.02;14.86;1
2020.01.04;14.02;14.85;1
2020.01.05;14.02;14.85;1
2020.01.06;13.85;14.84;1
2020.01.07;13.79;14.84;1
2020.01.08;13.45;14.83;1
2020.01.09;12.54;14.81;1
2020.01.10;12.56;14.80;1
2020.01.11;12.56;14.78;1
2020.01.12;12.56;14.76;1
2020.01.13;12.32;14.74;1
2020.01.14;12.39;14.73;1
2020.01.15;12.42;14.72;1
2020.01.16;12.32;14.70;1
2020.01.17;12.10;14.69;1
2020.01.18;12.10;14.69;1
2020.01.19;12.10;14.69;1
2020.01.20;12.10;14.68;1
2020.01.21;12.85;14.68;1
2020.01.22;12.91;14.68;1
2020.01.23;12.98;14.68;1
2020.01.24;14.56;14.68;1
2020.01.25;14.56;14.68;1
2020.01.26;14.56;14.69;1
2020.01.27;18.23;14.72;0
2020.01.28;16.28;14.74;0
2020.01.29;16.39;14.76;0
2020.01.30;15.49;14.77;0
2020.01.31;18.84;14.80;0
2020.02.01;18.84;14.83;0
2020.02.02;18.84;14.86;0
2020.02.03;17.97;14.88;0
2020.02.04;16.05;14.89;0
2020.02.05;15.15;14.89;0
2020.02.06;14.96;14.89;0
2020.02.07;15.47;14.90;0
2020.02.08;15.47;14.92;0
2020.02.09;15.47;14.94;0
2020.02.10;15.04;14.95;0
2020.02.11;15.18;14.96;0
2020.02.12;13.74;14.97;1
2020.02.13;14.15;14.98;1
2020.02.14;13.68;14.98;1
2020.02.15;13.68;14.98;1
2020.02.16;13.68;14.97;1
2020.02.17;13.68;14.95;1
2020.02.18;14.83;14.94;1
2020.02.19;14.38;14.92;1
2020.02.20;15.56;14.91;0
2020.02.21;17.08;14.87;0
2020.02.22;17.08;14.86;0
2020.02.23;17.08;14.84;0
2020.02.24;25.03;14.89;0
2020.02.25;27.85;14.93;0
2020.02.26;27.56;14.98;0
2020.02.27;39.16;15.09;0
2020.02.28;40.11;15.18;0
2020.02.29;40.11;15.30;0
2020.03.01;40.11;15.39;0
2020.03.02;33.42;15.45;0
2020.03.03;36.82;15.54;0
2020.03.04;31.99;15.61;0
2020.03.05;39.62;15.71;0
2020.03.06;41.94;15.84;0
2020.03.07;41.94;15.96;0
2020.03.08;41.94;16.09;0
2020.03.09;54.46;16.28;0
2020.03.10;47.30;16.42;0
2020.03.11;53.90;16.59;0
2020.03.12;75.47;16.87;0
2020.03.13;57.83;17.06;0
2020.03.14;57.83;17.25;0
2020.03.15;57.83;17.44;0
2020.03.16;82.69;17.76;0
2020.03.17;75.91;18.05;0
2020.03.18;76.45;18.33;0
2020.03.19;72.00;18.60;0
2020.03.20;66.04;18.83;0
2020.03.21;66.04;19.07;0
2020.03.22;66.04;19.31;0
2020.03.23;61.59;19.54;0
2020.03.24;61.67;19.77;0
2020.03.25;63.95;20.01;0
2020.03.26;61.00;20.24;0
2020.03.27;65.54;20.50;0
2020.03.28;65.54;20.75;0
2020.03.29;65.54;21.00;0
2020.03.30;57.08;21.22;0
2020.03.31;53.54;21.42;0
2020.04.01;57.06;21.63;0
2020.04.02;50.91;21.82;0
2020.04.03;46.80;21.98;0
2020.04.04;46.80;22.14;0
2020.04.05;46.80;22.30;0
2020.04.06;45.24;22.46;0
2020.04.07;46.70;22.62;0
2020.04.08;43.35;22.76;0
2020.04.09;41.67;22.89;0
2020.04.10;41.67;23.02;0
2020.04.11;41.67;23.15;0
2020.04.12;41.67;23.28;0
2020.04.13;41.17;23.40;0
2020.04.14;37.76;23.50;0
2020.04.15;40.84;23.62;0
2020.04.16;40.11;23.74;0
2020.04.17;38.15;23.85;0
2020.04.18;38.15;23.94;0
2020.04.19;38.15;24.03;0
2020.04.20;43.83;24.15;0
2020.04.21;45.41;24.30;0
2020.04.22;41.98;24.42;0
2020.04.23;41.38;24.54;0
2020.04.24;35.93;24.63;0
2020.04.25;35.93;24.71;0
2020.04.26;35.93;24.80;0
2020.04.27;33.29;24.88;0
2020.04.28;33.57;24.97;0
2020.04.29;31.23;25.04;0
2020.04.30;34.15;25.14;0
2020.05.01;37.19;25.25;0
2020.05.02;37.19;25.37;0
2020.05.03;37.19;25.49;0
2020.05.04;35.97;25.60;0
2020.05.05;33.61;25.69;0
2020.05.06;34.12;25.79;0
2020.05.07;31.44;25.88;0
2020.05.08;27.98;25.95;0
2020.05.09;27.98;26.02;0
2020.05.10;27.98;26.09;0
2020.05.11;27.57;26.16;0
2020.05.12;33.04;26.26;0
2020.05.13;35.28;26.37;0
2020.05.14;32.61;26.47;0
2020.05.15;31.89;26.57;0
2020.05.16;31.89;26.66;0
2020.05.17;31.89;26.76;0
2020.05.18;29.30;26.84;0
2020.05.19;30.53;26.93;0
2020.05.20;27.99;27.01;0
2020.05.21;29.53;27.09;0
2020.05.22;28.16;27.17;0
2020.05.23;28.16;27.24;0
2020.05.24;28.16;27.32;0
2020.05.25;28.16;27.40;0
2020.05.26;28.01;27.48;0
2020.05.27;27.62;27.56;0
2020.05.28;28.59;27.64;0
2020.05.29;27.51;27.71;1
2020.05.30;27.51;27.79;1
2020.05.31;27.51;27.86;1
2020.06.01;28.23;27.94;0
2020.06.02;26.84;28.01;1
2020.06.03;25.66;28.08;1
2020.06.04;25.81;28.15;1
2020.06.05;24.52;28.21;1
2020.06.06;24.52;28.27;1
2020.06.07;24.52;28.32;1
2020.06.08;25.81;28.39;1
2020.06.09;27.57;28.46;1
2020.06.10;27.57;28.54;1
2020.06.11;40.79;28.68;0
2020.06.12;36.09;28.80;0
2020.06.13;36.09;28.93;0
2020.06.14;36.09;29.05;0
2020.06.15;34.40;29.16;0
2020.06.16;33.67;29.27;0
2020.06.17;33.47;29.37;0
2020.06.18;32.94;29.47;0
2020.06.19;35.12;29.57;0
2020.06.20;35.12;29.67;0
2020.06.21;35.12;29.77;0
2020.06.22;31.77;29.86;0
2020.06.23;31.37;29.95;0
2020.06.24;33.84;30.05;0
2020.06.25;32.22;30.14;0
2020.06.26;34.73;30.23;0
2020.06.27;34.73;30.33;0
2020.06.28;34.73;30.43;0
2020.06.29;31.78;30.52;0
2020.06.30;30.43;30.61;1
2020.07.01;28.62;30.69;1
2020.07.02;27.68;30.76;1
2020.07.03;27.68;30.84;1
2020.07.04;27.68;30.92;1
2020.07.05;27.68;30.99;1
2020.07.06;27.94;31.07;1
2020.07.07;29.43;31.15;1
2020.07.08;28.08;31.23;1
2020.07.09;29.26;31.31;1
2020.07.10;27.29;31.39;1
2020.07.11;27.29;31.46;1
2020.07.12;27.29;31.53;1
2020.07.13;32.19;31.63;0
2020.07.14;29.52;31.71;1
2020.07.15;27.76;31.78;1
2020.07.16;28.00;31.86;1
2020.07.17;25.68;31.91;1
2020.07.18;25.68;31.97;1
2020.07.19;25.68;32.03;1
2020.07.20;24.46;32.09;1
2020.07.21;24.84;32.14;1
2020.07.22;24.32;32.20;1
2020.07.23;26.08;32.26;1
2020.07.24;25.84;32.32;1
2020.07.25;25.84;32.38;1
2020.07.26;25.84;32.44;1
2020.07.27;24.74;32.50;1
2020.07.28;25.44;32.56;1
2020.07.29;24.10;32.62;1
2020.07.30;24.76;32.68;1
2020.07.31;24.46;32.74;1
2020.08.01;24.46;32.80;1
2020.08.02;24.46;32.86;1
2020.08.03;24.28;32.92;1
2020.08.04;23.76;32.98;1
2020.08.05;22.99;33.04;1
2020.08.06;22.65;33.09;1
2020.08.07;22.21;33.14;1
2020.08.08;22.21;33.19;1
2020.08.09;22.21;33.23;1
2020.08.10;22.13;33.28;1
2020.08.11;24.03;33.33;1
2020.08.12;22.28;33.36;1
2020.08.13;22.13;33.40;1
2020.08.14;22.05;33.42;1
2020.08.15;22.05;33.45;1
2020.08.16;22.05;33.48;1
2020.08.17;21.35;33.51;1
2020.08.18;21.51;33.52;1
2020.08.19;22.54;33.54;1
2020.08.20;22.72;33.56;1
2020.08.21;22.54;33.58;1
2020.08.22;22.54;33.61;1
2020.08.23;22.54;33.65;1
2020.08.24;22.37;33.69;1
2020.08.25;22.03;33.72;1
2020.08.26;23.27;33.76;1
2020.08.27;24.47;33.81;1
2020.08.28;22.96;33.84;1
2020.08.29;22.96;33.88;1
2020.08.30;22.96;33.93;1
2020.08.31;26.41;33.99;1
2020.09.01;26.12;34.05;1
2020.09.02;26.57;34.12;1
2020.09.03;33.60;34.22;1
2020.09.04;30.75;34.30;1
2020.09.05;30.75;34.38;1
2020.09.06;30.75;34.46;1
2020.09.07;30.75;34.54;1
2020.09.08;31.46;34.61;1
2020.09.09;28.81;34.67;1
2020.09.10;29.71;34.73;1
2020.09.11;26.87;34.74;1
2020.09.12;26.87;34.74;1
2020.09.13;26.87;34.73;1
2020.09.14;25.85;34.67;1
2020.09.15;25.59;34.60;1
2020.09.16;26.04;34.53;1
2020.09.17;26.46;34.46;1
2020.09.18;25.83;34.42;1
2020.09.19;25.83;34.36;1
2020.09.20;25.83;34.33;1
2020.09.21;27.78;34.27;1
2020.09.22;26.86;34.20;1
2020.09.23;28.58;34.13;1
2020.09.24;28.51;34.06;1
2020.09.25;26.38;33.92;1
2020.09.26;26.38;33.82;1
2020.09.27;26.38;33.68;1
2020.09.28;26.19;33.44;1
2020.09.29;26.27;33.28;1
2020.09.30;26.37;33.12;1
2020.10.01;26.70;32.97;1
2020.10.02;27.63;32.69;1
2020.10.03;27.63;32.45;1
2020.10.04;27.63;32.20;1
2020.10.05;27.96;31.98;1
2020.10.06;29.48;31.80;1
2020.10.07;28.06;31.61;1
2020.10.08;26.36;31.41;1
2020.10.09;25.00;31.23;1
2020.10.10;25.00;31.05;1
2020.10.11;25.00;30.85;1
2020.10.12;25.07;30.67;1
2020.10.13;26.07;30.47;1
2020.10.14;26.40;30.28;1
2020.10.15;26.97;30.09;1
2020.10.16;27.41;29.94;1
2020.10.17;27.41;29.81;1
2020.10.18;27.41;29.66;1
2020.10.19;29.18;29.55;1
2020.10.20;29.35;29.46;1
2020.10.21;28.65;29.37;1
2020.10.22;28.11;29.28;1
2020.10.23;27.55;29.19;1
2020.10.24;27.55;29.09;1
2020.10.25;27.55;29.02;1
2020.10.26;32.46;28.97;0
2020.10.27;33.35;28.93;0
2020.10.28;40.28;28.92;0
2020.10.29;37.59;28.90;0
2020.10.30;38.02;28.89;0
2020.10.31;38.02;28.89;0
2020.11.01;38.02;28.87;0
2020.11.02;37.13;28.86;0
2020.11.03;35.55;28.84;0
2020.11.04;29.57;28.80;0
2020.11.05;27.58;28.75;1
2020.11.06;24.86;28.65;1
2020.11.07;24.86;28.55;1
2020.11.08;24.86;28.47;1
2020.11.09;25.75;28.39;1
2020.11.10;24.80;28.33;1
2020.11.11;23.45;28.27;1
2020.11.12;25.35;28.22;1
2020.11.13;23.10;28.17;1
2020.11.14;23.10;28.11;1
2020.11.15;23.10;28.07;1
2020.11.16;22.45;28.01;1
2020.11.17;22.71;27.94;1
2020.11.18;23.84;27.87;1
2020.11.19;23.11;27.80;1
2020.11.20;23.70;27.74;1
2020.11.21;23.70;27.69;1
2020.11.22;23.70;27.64;1
2020.11.23;22.66;27.60;1
2020.11.24;21.64;27.57;1
2020.11.25;21.25;27.53;1
2020.11.26;21.25;27.50;1
2020.11.27;20.84;27.46;1
2020.11.28;20.84;27.40;1
2020.11.29;20.84;27.33;1
2020.11.30;20.57;27.27;1
2020.12.01;20.77;27.22;1
2020.12.02;21.17;27.16;1
2020.12.03;21.28;27.11;1
2020.12.04;20.79;27.07;1
2020.12.05;20.79;27.02;1
2020.12.06;20.79;26.98;1
2020.12.07;21.30;26.94;1
2020.12.08;20.68;26.90;1
2020.12.09;22.27;26.87;1
2020.12.10;22.52;26.85;1
2020.12.11;23.31;26.82;1
2020.12.12;23.31;26.80;1
2020.12.13;23.31;26.78;1
2020.12.14;24.72;26.76;1
2020.12.15;22.89;26.73;1
2020.12.16;22.50;26.71;1
2020.12.17;21.93;26.68;1
2020.12.18;21.57;26.65;1
2020.12.19;21.57;26.62;1
2020.12.20;21.57;26.60;1
2020.12.21;25.16;26.60;1
2020.12.22;24.23;26.60;1
2020.12.23;23.31;26.59;1
2020.12.24;21.53;26.58;1
2020.12.25;21.53;26.55;1
2020.12.26;21.53;26.52;1
2020.12.27;21.53;26.49;1
2020.12.28;21.70;26.40;1
2020.12.29;23.08;26.33;1
2020.12.30;22.77;26.27;1
2020.12.31;22.75;26.20;1
2021.01.01;22.75;26.14;1
2021.01.02;22.75;26.09;1
2021.01.03;22.75;26.03;1
2021.01.04;26.97;26.00;0
2021.01.05;25.34;25.95;1
2021.01.06;25.07;25.90;1
2021.01.07;22.37;25.84;1
2021.01.08;21.56;25.79;1
2021.01.09;21.56;25.74;1
2021.01.10;21.56;25.68;1
2021.01.11;24.08;25.64;1
2021.01.12;23.33;25.58;1
2021.01.13;22.21;25.52;1
2021.01.14;23.25;25.46;1
2021.01.15;24.34;25.42;1
2021.01.16;24.34;25.39;1
2021.01.17;24.34;25.37;1
2021.01.18;24.34;25.36;1
2021.01.19;23.24;25.33;1
2021.01.20;21.58;25.30;1
2021.01.21;21.32;25.27;1
2021.01.22;21.91;25.24;1
2021.01.23;21.91;25.20;1
2021.01.24;21.91;25.17;1
2021.01.25;23.19;25.14;1
2021.01.26;23.02;25.12;1
2021.01.27;37.21;25.17;0
2021.01.28;30.21;25.18;0
2021.01.29;33.09;25.19;0
2021.01.30;33.09;25.21;0
2021.01.31;33.09;25.23;0
2021.02.01;30.24;25.24;0
2021.02.02;25.56;25.24;0
2021.02.03;22.91;25.23;1
2021.02.04;21.77;25.21;1
2021.02.05;20.87;25.19;1
2021.02.06;20.87;25.17;1
2021.02.07;20.87;25.16;1
2021.02.08;21.24;25.13;1
2021.02.09;21.63;25.11;1
2021.02.10;21.99;25.09;1
2021.02.11;21.25;25.07;1
2021.02.12;19.97;25.04;1
2021.02.13;19.97;25.02;1
2021.02.14;19.97;25.00;1
2021.02.15;19.97;24.97;1
2021.02.16;21.46;24.96;1
2021.02.17;21.50;24.94;1
2021.02.18;22.49;24.93;1
2021.02.19;22.05;24.92;1
2021.02.20;22.05;24.91;1
2021.02.21;22.05;24.91;1
2021.02.22;23.45;24.91;1
2021.02.23;23.11;24.92;1
2021.02.24;21.34;24.91;1
2021.02.25;28.89;24.95;0
2021.02.26;27.95;24.98;0
2021.02.27;27.95;24.99;0
2021.02.28;27.95;25.02;0
2021.03.01;23.35;25.03;1
2021.03.02;24.10;25.04;1
2021.03.03;26.67;25.06;0
2021.03.04;28.57;25.10;0
2021.03.05;24.66;25.11;1
2021.03.06;24.66;25.13;1
2021.03.07;24.66;25.14;1
2021.03.08;25.47;25.15;0
2021.03.09;24.03;25.16;1
2021.03.10;22.56;25.16;1
2021.03.11;21.91;25.16;1
2021.03.12;20.69;25.15;1
2021.03.13;20.69;25.14;1
2021.03.14;20.69;25.13;1
2021.03.15;20.03;25.11;1
2021.03.16;19.79;25.09;1
2021.03.17;19.23;25.07;1
2021.03.18;21.58;25.06;1
2021.03.19;20.95;25.04;1
2021.03.20;20.95;25.01;1
2021.03.21;20.95;24.98;1
2021.03.22;18.88;24.91;1
2021.03.23;20.30;24.86;1
2021.03.24;21.20;24.81;1
2021.03.25;19.81;24.76;1
2021.03.26;18.86;24.70;1
2021.03.27;18.86;24.63;1
2021.03.28;18.86;24.58;1
2021.03.29;20.74;24.54;1
2021.03.30;19.61;24.50;1
2021.03.31;19.40;24.46;1
2021.04.01;17.33;24.42;1
2021.04.02;17.33;24.37;1
2021.04.03;17.33;24.33;1
2021.04.04;17.33;24.29;1
2021.04.05;17.91;24.25;1
2021.04.06;18.12;24.21;1
2021.04.07;17.16;24.16;1
2021.04.08;16.95;24.12;1
2021.04.09;16.69;24.06;1
2021.04.10;16.69;24.01;1
2021.04.11;16.69;23.95;1
2021.04.12;16.91;23.90;1
2021.04.13;16.65;23.85;1
2021.04.14;16.99;23.80;1
2021.04.15;16.57;23.75;1
2021.04.16;16.25;23.70;1
2021.04.17;16.25;23.65;1
2021.04.18;16.25;23.60;1
2021.04.19;17.29;23.55;1
2021.04.20;18.68;23.51;1
2021.04.21;17.50;23.46;1
2021.04.22;18.71;23.41;1
2021.04.23;17.33;23.36;1
2021.04.24;17.33;23.30;1
2021.04.25;17.33;23.25;1
2021.04.26;17.64;23.20;1
2021.04.27;17.56;23.17;1
2021.04.28;17.28;23.13;1
2021.04.29;17.61;23.09;1
2021.04.30;18.61;23.06;1
2021.05.01;18.61;23.02;1
2021.05.02;18.61;22.98;1
2021.05.03;18.31;22.94;1
2021.05.04;19.48;22.90;1
2021.05.05;19.15;22.86;1
2021.05.06;18.39;22.81;1
2021.05.07;16.69;22.75;1
2021.05.08;16.69;22.69;1
2021.05.09;16.69;22.63;1
2021.05.10;19.66;22.58;1
2021.05.11;21.84;22.56;1
2021.05.12;27.59;22.56;0
2021.05.13;23.13;22.53;0
2021.05.14;18.81;22.47;1
2021.05.15;18.81;22.39;1
2021.05.16;18.81;22.29;1
2021.05.17;19.72;22.20;1
2021.05.18;21.34;22.11;1
2021.05.19;22.18;22.03;0
2021.05.20;20.67;21.95;1
2021.05.21;20.15;21.86;1
2021.05.22;20.15;21.79;1
2021.05.23;20.15;21.74;1
2021.05.24;18.40;21.69;1
2021.05.25;18.84;21.66;1
2021.05.26;17.36;21.62;1
2021.05.27;16.74;21.58;1
2021.05.28;16.76;21.54;1
2021.05.29;16.76;21.50;1
2021.05.30;16.76;21.47;1
2021.05.31;16.76;21.42;1
2021.06.01;17.90;21.40;1
2021.06.02;17.48;21.37;1
2021.06.03;18.04;21.34;1
2021.06.04;16.42;21.31;1
2021.06.05;16.42;21.28;1
2021.06.06;16.42;21.24;1
2021.06.07;16.42;21.21;1
2021.06.08;17.07;21.18;1
2021.06.09;17.89;21.15;1
2021.06.10;16.10;21.11;1
2021.06.11;15.65;21.08;1
2021.06.12;15.65;21.05;1
2021.06.13;15.65;21.02;1
2021.06.14;16.39;20.99;1
2021.06.15;17.02;20.97;1
2021.06.16;18.15;20.96;1
2021.06.17;17.75;20.95;1
2021.06.18;20.70;20.95;1
2021.06.19;20.70;20.95;1
2021.06.20;20.70;20.94;1
2021.06.21;17.89;20.93;1
2021.06.22;16.66;20.91;1
2021.06.23;16.32;20.88;1
2021.06.24;15.97;20.86;1
2021.06.25;15.62;20.83;1
2021.06.26;15.62;20.81;1
2021.06.27;15.62;20.77;1
2021.06.28;15.76;20.74;1
2021.06.29;16.02;20.70;1
2021.06.30;15.83;20.66;1
2021.07.01;15.48;20.63;1
2021.07.02;15.07;20.58;1
2021.07.03;15.07;20.54;1
2021.07.04;15.07;20.50;1
2021.07.05;15.07;20.47;1
2021.07.06;16.44;20.44;1
2021.07.07;16.20;20.41;1
2021.07.08;19.00;20.40;1
2021.07.09;16.18;20.36;1
2021.07.10;16.18;20.32;1
2021.07.11;16.18;20.28;1
2021.07.12;16.17;20.25;1
2021.07.13;17.12;20.23;1
2021.07.14;16.33;20.21;1
2021.07.15;17.01;20.18;1
2021.07.16;18.45;20.17;1
2021.07.17;18.45;20.14;1
2021.07.18;18.45;20.12;1
2021.07.19;22.50;20.12;0
2021.07.20;19.73;20.11;1
2021.07.21;17.91;20.08;1
2021.07.22;17.69;20.06;1
2021.07.23;17.20;20.01;1
2021.07.24;17.20;19.97;1
2021.07.25;17.20;19.93;1
2021.07.26;17.58;19.90;1
2021.07.27;19.36;19.89;1
2021.07.28;18.31;19.88;1
2021.07.29;17.70;19.86;1
2021.07.30;18.24;19.83;1
2021.07.31;18.24;19.80;1
2021.08.01;18.24;19.78;1
2021.08.02;19.46;19.76;1
2021.08.03;18.04;19.73;1
2021.08.04;17.97;19.70;1
2021.08.05;17.28;19.67;1
2021.08.06;16.15;19.62;1
2021.08.07;16.15;19.59;1
2021.08.08;16.15;19.56;1
2021.08.09;16.72;19.54;1
2021.08.10;16.79;19.51;1
2021.08.11;16.17;19.48;1
2021.08.12;15.59;19.45;1
2021.08.13;15.45;19.41;1
2021.08.14;15.45;19.38;1
2021.08.15;15.45;19.27;1
2021.08.16;16.12;19.20;1
2021.08.17;17.91;19.12;1
2021.08.18;21.57;19.06;0
2021.08.19;21.67;19.01;0
2021.08.20;18.56;18.95;1
2021.08.21;18.56;18.91;1
2021.08.22;18.56;18.89;1
2021.08.23;17.15;18.87;1
2021.08.24;17.22;18.85;1
2021.08.25;16.79;18.83;1
2021.08.26;18.84;18.82;0
2021.08.27;16.39;18.79;1
2021.08.28;16.39;18.77;1
2021.08.29;16.39;18.74;1
2021.08.30;16.19;18.72;1
2021.08.31;16.48;18.70;1
2021.09.01;16.11;18.68;1
2021.09.02;16.41;18.66;1
2021.09.03;16.41;18.64;1
2021.09.04;16.41;18.62;1
2021.09.05;16.41;18.59;1
2021.09.06;16.41;18.56;1
2021.09.07;18.14;18.54;1
2021.09.08;17.96;18.52;1
2021.09.09;18.80;18.51;0
2021.09.10;20.95;18.49;0
2021.09.11;20.95;18.48;0
2021.09.12;20.95;18.48;0
2021.09.13;19.37;18.43;0
2021.09.14;19.46;18.39;0
2021.09.15;18.18;18.34;1
2021.09.16;18.69;18.30;0
2021.09.17;20.81;18.28;0
2021.09.18;20.81;18.27;0
2021.09.19;20.81;18.24;0
2021.09.20;25.71;18.22;0
2021.09.21;24.36;18.22;0
2021.09.22;20.87;18.20;0
2021.09.23;18.63;18.17;0
2021.09.24;17.75;18.13;1
2021.09.25;17.75;18.10;1
2021.09.26;17.75;18.08;1
2021.09.27;18.76;18.06;0
2021.09.28;23.25;18.07;0
2021.09.29;22.56;18.08;0
2021.09.30;23.14;18.10;0
2021.10.01;21.10;18.10;0
2021.10.02;21.10;18.11;0
2021.10.03;21.10;18.12;0
2021.10.04;22.96;18.12;0
2021.10.05;21.30;18.13;0
2021.10.06;21.00;18.13;0
2021.10.07;19.54;18.12;0
2021.10.08;18.77;18.12;0
2021.10.09;18.77;18.11;0
2021.10.10;18.77;18.10;0
2021.10.11;20.00;18.10;0
2021.10.12;19.85;18.11;0
2021.10.13;18.64;18.10;0
2021.10.14;16.86;18.09;1
2021.10.15;16.30;18.07;1
2021.10.16;16.30;18.06;1
2021.10.17;16.30;18.04;1
2021.10.18;16.31;18.03;1
2021.10.19;15.70;18.03;1
2021.10.20;15.49;18.02;1
2021.10.21;15.01;18.01;1
2021.10.22;15.43;17.99;1
2021.10.23;15.43;17.98;1
2021.10.24;15.43;17.97;1
2021.10.25;15.24;17.96;1
2021.10.26;15.98;17.96;1
2021.10.27;16.98;17.96;1
2021.10.28;16.53;17.96;1
2021.10.29;16.26;17.96;1
2021.10.30;16.26;17.95;1
2021.10.31;16.26;17.95;1
2021.11.01;16.41;17.95;1
2021.11.02;16.03;17.95;1
2021.11.03;15.10;17.94;1
2021.11.04;15.44;17.94;1
2021.11.05;16.48;17.94;1
2021.11.06;16.48;17.92;1
2021.11.07;16.48;17.92;1
2021.11.08;17.22;17.91;1
2021.11.09;17.78;17.91;1
2021.11.10;18.73;17.92;0
2021.11.11;17.66;17.92;1
2021.11.12;16.29;17.92;1
2021.11.13;16.29;17.91;1
2021.11.14;16.29;17.90;1
2021.11.15;16.49;17.90;1
2021.11.16;16.37;17.89;1
2021.11.17;17.11;17.88;1
2021.11.18;17.59;17.88;1
2021.11.19;17.91;17.87;0
2021.11.20;17.91;17.87;0
2021.11.21;17.91;17.86;0
2021.11.22;19.17;17.86;0
2021.11.23;19.38;17.88;0
2021.11.24;18.58;17.89;0
2021.11.25;18.58;17.90;0
2021.11.26;28.62;17.94;0
2021.11.27;28.62;17.97;0
2021.11.28;28.62;17.98;0
2021.11.29;22.96;17.98;0
2021.11.30;27.19;18.02;0
2021.12.01;31.12;18.08;0
2021.12.02;27.95;18.13;0
2021.12.03;30.67;18.18;0
2021.12.04;30.67;18.23;0
2021.12.05;30.67;18.27;0
2021.12.06;27.18;18.30;0
2021.12.07;21.89;18.31;0
2021.12.08;19.90;18.31;0
2021.12.09;21.58;18.32;0
2021.12.10;18.69;18.32;0
2021.12.11;18.69;18.32;0
2021.12.12;18.69;18.33;0
2021.12.13;20.31;18.34;0
2021.12.14;21.89;18.37;0
2021.12.15;19.29;18.38;0
2021.12.16;20.57;18.40;0
2021.12.17;21.57;18.43;0
2021.12.18;21.57;18.44;0
2021.12.19;21.57;18.46;0
2021.12.20;22.87;18.49;0
2021.12.21;21.01;18.51;0
2021.12.22;18.63;18.52;0
2021.12.23;17.96;18.53;1
2021.12.24;17.96;18.54;1
2021.12.25;17.96;18.54;1
2021.12.26;17.96;18.54;1
2021.12.27;17.68;18.55;1
2021.12.28;17.54;18.56;1
2021.12.29;16.95;18.57;1
2021.12.30;17.33;18.57;1
2021.12.31;17.22;18.58;1
2022.01.01;17.22;18.58;1
2022.01.02;17.22;18.58;1
2022.01.03;16.60;18.57;1
2022.01.04;16.91;18.55;1
2022.01.05;19.73;18.55;0
2022.01.06;19.61;18.54;0
2022.01.07;18.76;18.54;0
2022.01.08;18.76;18.55;0
2022.01.09;18.76;18.57;0
2022.01.10;19.40;18.58;0
2022.01.11;18.41;18.60;1
2022.01.12;17.62;18.61;1
2022.01.13;20.31;18.63;0
2022.01.14;19.19;18.65;0
2022.01.15;19.19;18.66;0
2022.01.16;19.19;18.68;0
2022.01.17;19.19;18.70;0
2022.01.18;22.79;18.74;0
2022.01.19;23.85;18.78;0
2022.01.20;25.59;18.84;0
2022.01.21;28.85;18.90;0
2022.01.22;28.85;18.97;0
2022.01.23;28.85;19.03;0
2022.01.24;29.90;19.08;0
2022.01.25;31.16;19.16;0
2022.01.26;31.96;19.24;0
2022.01.27;30.49;19.31;0
2022.01.28;27.66;19.37;0
2022.01.29;27.66;19.42;0
2022.01.30;27.66;19.48;0
2022.01.31;24.83;19.52;0
2022.02.01;21.96;19.53;0
2022.02.02;22.09;19.55;0
2022.02.03;24.35;19.58;0
2022.02.04;23.22;19.58;0
2022.02.05;23.22;19.60;0
2022.02.06;23.22;19.63;0
2022.02.07;22.86;19.65;0
2022.02.08;21.44;19.67;0
2022.02.09;19.96;19.69;0
2022.02.10;23.91;19.72;0
2022.02.11;27.36;19.77;0
2022.02.12;27.36;19.81;0
2022.02.13;27.36;19.86;0
2022.02.14;28.33;19.91;0
2022.02.15;25.70;19.95;0
2022.02.16;24.29;19.98;0
2022.02.17;28.11;20.03;0
2022.02.18;27.75;20.07;0
2022.02.19;27.75;20.12;0
2022.02.20;27.75;20.17;0
2022.02.21;27.75;20.22;0
2022.02.22;28.81;20.28;0
2022.02.23;31.02;20.36;0
2022.02.24;30.32;20.43;0
2022.02.25;27.59;20.48;0
2022.02.26;27.59;20.53;0
2022.02.27;27.59;20.59;0
2022.02.28;30.15;20.66;0
2022.03.01;33.32;20.75;0
2022.03.02;30.74;20.83;0
2022.03.03;30.48;20.91;0
2022.03.04;31.98;20.98;0
2022.03.05;31.98;21.06;0
2022.03.06;31.98;21.11;0
2022.03.07;36.45;21.18;0
2022.03.08;35.13;21.26;0
2022.03.09;32.45;21.33;0
2022.03.10;30.23;21.39;0
2022.03.11;30.75;21.46;0
2022.03.12;30.75;21.53;0
2022.03.13;30.75;21.60;0
2022.03.14;31.77;21.66;0
2022.03.15;29.83;21.73;0
2022.03.16;26.67;21.78;0
2022.03.17;25.67;21.83;0
2022.03.18;23.87;21.87;0
2022.03.19;23.87;21.90;0
2022.03.20;23.87;21.94;0
2022.03.21;23.53;21.98;0
2022.03.22;22.94;22.01;0
2022.03.23;23.57;22.04;0
2022.03.24;21.67;22.07;1
2022.03.25;20.81;22.09;1
2022.03.26;20.81;22.11;1
2022.03.27;20.81;22.12;1
2022.03.28;19.63;22.13;1
2022.03.29;18.90;22.11;1
2022.03.30;19.33;22.11;1
2022.03.31;20.56;22.10;1
2022.04.01;19.63;22.11;1
2022.04.02;19.63;22.11;1
2022.04.03;19.63;22.11;1
2022.04.04;18.57;22.11;1
2022.04.05;21.03;22.11;1
2022.04.06;22.10;22.12;1
2022.04.07;21.55;22.12;1
2022.04.08;21.16;22.10;1
2022.04.09;21.16;22.09;1
2022.04.10;21.16;22.09;1
2022.04.11;24.37;22.12;0
2022.04.12;24.26;22.15;0
2022.04.13;21.82;22.17;1
2022.04.14;22.70;22.19;0
2022.04.15;22.70;22.21;0
2022.04.16;22.70;22.21;0
2022.04.17;22.70;22.21;0
2022.04.18;22.17;22.21;1
2022.04.19;21.37;22.21;1
2022.04.20;20.32;22.20;1
2022.04.21;22.68;22.21;0
2022.04.22;28.21;22.24;0
2022.04.23;28.21;22.27;0
2022.04.24;28.21;22.31;0
2022.04.25;27.02;22.35;0
2022.04.26;33.52;22.42;0
2022.04.27;31.60;22.48;0
2022.04.28;29.99;22.54;0
2022.04.29;33.40;22.61;0
2022.04.30;33.40;22.67;0
2022.05.01;33.40;22.75;0
2022.05.02;32.34;22.83;0
2022.05.03;29.25;22.89;0
2022.05.04;25.42;22.94;0
2022.05.05;31.20;23.01;0
2022.05.06;30.19;23.08;0
2022.05.07;30.19;23.15;0
2022.05.08;30.19;23.23;0
2022.05.09;34.75;23.33;0
2022.05.10;32.99;23.41;0
2022.05.11;32.56;23.50;0
2022.05.12;31.77;23.58;0
2022.05.13;28.87;23.65;0
2022.05.14;28.87;23.71;0
2022.05.15;28.87;23.77;0
2022.05.16;27.47;23.83;0
2022.05.17;26.10;23.88;0
2022.05.18;30.96;23.95;0
2022.05.19;29.35;24.02;0
2022.05.20;29.43;24.08;0
2022.05.21;29.43;24.15;0
2022.05.22;29.43;24.22;0
2022.05.23;28.48;24.28;0
2022.05.24;29.45;24.35;0
2022.05.25;28.37;24.41;0
2022.05.26;27.50;24.46;0
2022.05.27;25.72;24.51;0
2022.05.28;25.72;24.55;0
2022.05.29;25.72;24.58;0
2022.05.30;25.72;24.62;0
2022.05.31;26.19;24.67;0
2022.06.01;25.69;24.72;0
2022.06.02;24.72;24.76;1
2022.06.03;24.79;24.80;1
2022.06.04;24.79;24.84;1
2022.06.05;24.79;24.88;1
2022.06.06;25.07;24.92;0
2022.06.07;24.02;24.95;1
2022.06.08;23.96;24.98;1
2022.06.09;26.09;25.02;0
2022.06.10;27.75;25.06;0
2022.06.11;27.75;25.11;0
2022.06.12;27.75;25.15;0
2022.06.13;34.02;25.23;0
2022.06.14;32.69;25.25;0
2022.06.15;29.62;25.25;0
2022.06.16;32.95;25.28;0
2022.06.17;31.13;25.32;0
2022.06.18;31.13;25.34;0
2022.06.19;31.13;25.34;0
2022.06.20;31.13;25.35;0
2022.06.21;30.19;25.35;0
2022.06.22;28.95;25.34;0
2022.06.23;29.05;25.33;0
2022.06.24;27.23;25.33;0
2022.06.25;27.23;25.36;0
2022.06.26;27.23;25.40;0
2022.06.27;26.95;25.42;0
2022.06.28;28.36;25.47;0
2022.06.29;28.16;25.52;0
2022.06.30;28.71;25.57;0
2022.07.01;26.70;25.60;0
2022.07.02;26.70;25.63;0
2022.07.03;26.70;25.66;0
2022.07.04;26.70;25.69;0
2022.07.05;27.54;25.72;0
2022.07.06;26.73;25.75;0
2022.07.07;26.08;25.77;0
2022.07.08;24.64;25.78;1
2022.07.09;24.64;25.80;1
2022.07.10;24.64;25.83;1
2022.07.11;26.17;25.87;0
2022.07.12;27.29;25.92;0
2022.07.13;26.82;25.96;0
2022.07.14;26.40;26.00;0
2022.07.15;24.23;26.04;1
2022.07.16;24.23;26.07;1
2022.07.17;24.23;26.10;1
2022.07.18;25.30;26.14;1
2022.07.19;24.50;26.18;1
2022.07.20;23.88;26.21;1
2022.07.21;23.11;26.24;1
2022.07.22;23.03;26.28;1
2022.07.23;23.03;26.31;1
2022.07.24;23.03;26.32;1
2022.07.25;23.36;26.34;1
2022.07.26;24.69;26.37;1
2022.07.27;23.24;26.39;1
2022.07.28;22.33;26.41;1
2022.07.29;21.33;26.42;1
2022.07.30;21.33;26.44;1
2022.07.31;21.33;26.45;1
2022.08.01;22.84;26.47;1
2022.08.02;23.93;26.49;1
2022.08.03;21.95;26.50;1
2022.08.04;21.44;26.52;1
2022.08.05;21.15;26.53;1
2022.08.06;21.15;26.52;1
2022.08.07;21.15;26.50;1
2022.08.08;21.29;26.48;1
2022.08.09;21.77;26.45;1
2022.08.10;19.74;26.40;1
2022.08.11;20.20;26.36;1
2022.08.12;19.53;26.31;1
2022.08.13;19.53;26.25;1
2022.08.14;19.53;26.19;1
2022.08.15;19.95;26.13;1
2022.08.16;19.69;26.09;1
2022.08.17;19.90;26.05;1
2022.08.18;19.56;26.01;1
2022.08.19;20.60;25.99;1
2022.08.20;20.60;25.99;1
2022.08.21;20.60;25.98;1
2022.08.22;23.80;25.98;1
2022.08.23;24.11;25.98;1
2022.08.24;22.82;25.98;1
2022.08.25;21.78;25.97;1
2022.08.26;25.56;25.98;1
2022.08.27;25.56;26.01;1
2022.08.28;25.56;26.03;1
2022.08.29;26.21;26.05;0
2022.08.30;26.21;26.04;0
2022.08.31;25.87;26.03;1
2022.09.01;25.56;26.02;1
2022.09.02;25.47;26.01;1
2022.09.03;25.47;26.01;1
2022.09.04;25.47;26.01;1
2022.09.05;25.47;26.00;1
2022.09.06;26.91;26.00;0
2022.09.07;24.64;25.98;1
2022.09.08;23.61;25.96;1
2022.09.09;22.79;25.93;1
2022.09.10;22.79;25.90;1
2022.09.11;22.79;25.86;1
2022.09.12;23.87;25.83;1
2022.09.13;27.27;25.83;0
2022.09.14;26.16;25.82;0
2022.09.15;26.27;25.82;0
2022.09.16;26.30;25.80;0
2022.09.17;26.30;25.76;0
2022.09.18;26.30;25.74;0
2022.09.19;25.76;25.72;0
2022.09.20;27.16;25.69;0
2022.09.21;27.99;25.67;0
2022.09.22;27.35;25.65;0
2022.09.23;29.92;25.62;0
2022.09.24;29.92;25.59;0
2022.09.25;29.92;25.58;0
2022.09.26;32.26;25.59;0
2022.09.27;32.60;25.60;0
2022.09.28;30.18;25.59;0
2022.09.29;31.84;25.60;0
2022.09.30;31.62;25.60;0
2022.10.01;31.62;25.61;0
2022.10.02;31.62;25.63;0
2022.10.03;30.10;25.65;0
2022.10.04;29.07;25.68;0
2022.10.05;28.55;25.70;0
2022.10.06;30.52;25.74;0
2022.10.07;31.36;25.78;0
2022.10.08;31.36;25.82;0
2022.10.09;31.36;25.86;0
2022.10.10;32.45;25.91;0
2022.10.11;33.63;25.98;0
2022.10.12;33.57;26.04;0
2022.10.13;31.94;26.09;0
2022.10.14;32.02;26.16;0
2022.10.15;32.02;26.22;0
2022.10.16;32.02;26.29;0
2022.10.17;31.37;26.34;0
2022.10.18;30.50;26.39;0
2022.10.19;30.76;26.45;0
2022.10.20;29.98;26.50;0
2022.10.21;29.69;26.56;0
2022.10.22;29.69;26.60;0
2022.10.23;29.69;26.64;0
2022.10.24;29.85;26.68;0
2022.10.25;28.46;26.72;0
2022.10.26;27.28;26.75;0
2022.10.27;27.39;26.78;0
2022.10.28;25.75;26.79;1
2022.10.29;25.75;26.79;1
2022.10.30;25.75;26.81;1
2022.10.31;25.88;26.83;1
2022.11.01;25.81;26.84;1
2022.11.02;25.86;26.86;1
2022.11.03;25.30;26.87;1
2022.11.04;24.55;26.88;1
2022.11.05;24.55;26.90;1
2022.11.06;24.55;26.92;1
2022.11.07;24.35;26.93;1
2022.11.08;25.54;26.92;1
2022.11.09;26.09;26.91;1
2022.11.10;23.53;26.88;1
2022.11.11;22.52;26.86;1
2022.11.12;22.52;26.80;1
2022.11.13;22.52;26.76;1
2022.11.14;23.73;26.73;1
2022.11.15;24.54;26.68;1
2022.11.16;24.11;26.64;1
2022.11.17;23.93;26.59;1
2022.11.18;23.12;26.54;1
2022.11.19;23.12;26.51;1
2022.11.20;23.12;26.50;1
2022.11.21;22.36;26.46;1
2022.11.22;21.29;26.41;1
2022.11.23;20.35;26.36;1
2022.11.24;20.35;26.31;1
2022.11.25;20.50;26.24;1
2022.11.26;20.50;26.18;1
2022.11.27;20.50;26.12;1
2022.11.28;22.21;26.07;1
2022.11.29;21.89;26.04;1
2022.11.30;20.58;26.00;1
2022.12.01;19.84;25.95;1
2022.12.02;19.06;25.91;1
2022.12.03;19.06;25.87;1
2022.12.04;19.06;25.81;1
2022.12.05;20.75;25.77;1
2022.12.06;22.17;25.74;1
2022.12.07;22.68;25.70;1
2022.12.08;22.29;25.67;1
2022.12.09;22.83;25.64;1
2022.12.10;22.83;25.60;1
2022.12.11;22.83;25.58;1
2022.12.12;25.00;25.56;1
2022.12.13;22.55;25.55;1
2022.12.14;21.14;25.53;1
2022.12.15;22.83;25.51;1
2022.12.16;22.62;25.50;1
2022.12.17;22.62;25.48;1
2022.12.18;22.62;25.46;1
2022.12.19;22.42;25.45;1
2022.12.20;21.48;25.43;1
2022.12.21;20.07;25.41;1
2022.12.22;21.97;25.40;1
2022.12.23;20.87;25.38;1
2022.12.24;20.87;25.36;1
2022.12.25;20.87;25.34;1
2022.12.26;20.87;25.32;1
2022.12.27;21.65;25.29;1
2022.12.28;22.14;25.26;1
2022.12.29;21.44;25.23;1
2022.12.30;21.67;25.17;1
2022.12.31;21.67;25.11;1
2023.01.01;21.67;25.07;1
2023.01.02;21.67;25.02;1
2023.01.03;22.90;24.97;1
2023.01.04;22.01;24.93;1
2023.01.05;22.46;24.89;1
2023.01.06;21.13;24.84;1
2023.01.07;21.13;24.79;1
2023.01.08;21.13;24.75;1
2023.01.09;21.97;24.72;1
2023.01.10;20.58;24.68;1
2023.01.11;21.09;24.65;1
2023.01.12;18.83;24.61;1
2023.01.13;18.35;24.57;1
2023.01.14;18.35;24.52;1
2023.01.15;18.35;24.47;1
2023.01.16;18.35;24.42;1
2023.01.17;19.36;24.38;1
2023.01.18;20.34;24.35;1
2023.01.19;20.52;24.32;1
2023.01.20;19.85;24.28;1
2023.01.21;19.85;24.24;1
2023.01.22;19.85;24.21;1
2023.01.23;19.81;24.18;1
2023.01.24;19.20;24.15;1
2023.01.25;19.08;24.12;1
2023.01.26;18.73;24.09;1
2023.01.27;18.51;24.05;1
2023.01.28;18.51;24.01;1
2023.01.29;18.51;23.97;1
2023.01.30;19.94;23.94;1
2023.01.31;19.40;23.91;1
2023.02.01;17.87;23.88;1
2023.02.02;18.73;23.85;1
2023.02.03;18.33;23.82;1
2023.02.04;18.33;23.79;1
2023.02.05;18.33;23.76;1
2023.02.06;19.43;23.74;1
2023.02.07;18.66;23.72;1
2023.02.08;19.63;23.70;1
2023.02.09;20.71;23.69;1
2023.02.10;20.53;23.68;1
2023.02.11;20.53;23.66;1
2023.02.12;20.53;23.64;1
2023.02.13;20.34;23.63;1
2023.02.14;18.91;23.62;1
2023.02.15;18.23;23.61;1
2023.02.16;20.17;23.60;1
2023.02.17;20.02;23.59;1
2023.02.18;20.02;23.57;1
2023.02.19;20.02;23.56;1
2023.02.20;20.02;23.55;1
2023.02.21;22.87;23.56;1
2023.02.22;22.29;23.56;1
2023.02.23;21.14;23.56;1
2023.02.24;21.67;23.57;1
2023.02.25;21.67;23.56;1
2023.02.26;21.67;23.57;1
2023.02.27;20.95;23.58;1
2023.02.28;20.70;23.58;1
2023.03.01;20.58;23.59;1
2023.03.02;19.59;23.59;1
2023.03.03;18.49;23.58;1
2023.03.04;18.49;23.58;1
2023.03.05;18.49;23.57;1
2023.03.06;18.61;23.56;1
2023.03.07;19.59;23.56;1
2023.03.08;19.11;23.55;1
2023.03.09;22.61;23.56;1
2023.03.10;24.80;23.57;0
2023.03.11;24.80;23.57;0
2023.03.12;24.80;23.58;0
2023.03.13;26.52;23.60;0
2023.03.14;23.73;23.59;0
2023.03.15;26.14;23.60;0
2023.03.16;22.99;23.58;1
2023.03.17;25.51;23.58;0
2023.03.18;25.51;23.58;0
2023.03.19;25.51;23.58;0
2023.03.20;24.15;23.57;0
2023.03.21;21.38;23.55;1
2023.03.22;22.26;23.53;1
2023.03.23;22.61;23.52;1
2023.03.24;21.74;23.50;1
2023.03.25;21.74;23.47;1
2023.03.26;21.74;23.46;1
2023.03.27;20.60;23.44;1
2023.03.28;19.97;23.43;1
2023.03.29;19.12;23.41;1
2023.03.30;19.02;23.39;1
2023.03.31;18.70;23.37;1
2023.04.01;18.70;23.32;1
2023.04.02;18.70;23.29;1
2023.04.03;18.55;23.25;1
2023.04.04;19.00;23.21;1
2023.04.05;19.08;23.18;1
2023.04.06;18.40;23.14;1
2023.04.07;18.40;23.10;1
2023.04.08;18.40;23.06;1
2023.04.09;18.40;23.01;1
2023.04.10;18.97;22.97;1
2023.04.11;19.10;22.91;1
2023.04.12;19.09;22.86;1
2023.04.13;17.80;22.80;1
2023.04.14;17.07;22.72;1
2023.04.15;17.07;22.64;1
2023.04.16;17.07;22.58;1
2023.04.17;16.95;22.50;1
2023.04.18;16.83;22.43;1
2023.04.19;16.46;22.35;1
2023.04.20;17.17;22.28;1
2023.04.21;16.77;22.21;1
2023.04.22;16.77;22.15;1
2023.04.23;16.77;22.09;1
2023.04.24;16.89;22.03;1
2023.04.25;18.76;21.96;1
2023.04.26;18.84;21.90;1
2023.04.27;17.03;21.83;1
2023.04.28;15.78;21.75;1
2023.04.29;15.78;21.66;1
2023.04.30;15.78;21.57;1
2023.05.01;16.08;21.49;1
2023.05.02;17.78;21.42;1
2023.05.03;18.34;21.35;1
2023.05.04;20.09;21.29;1
2023.05.05;17.19;21.22;1
2023.05.06;17.19;21.15;1
2023.05.07;17.19;21.08;1
2023.05.08;16.98;21.02;1
2023.05.09;17.71;20.96;1
2023.05.10;16.94;20.89;1
2023.05.11;16.93;20.83;1
2023.05.12;17.03;20.77;1
2023.05.13;17.03;20.71;1
2023.05.14;17.03;20.66;1
2023.05.15;17.12;20.61;1
2023.05.16;17.99;20.57;1
2023.05.17;16.87;20.52;1
2023.05.18;16.05;20.48;1
2023.05.19;16.81;20.43;1
2023.05.20;16.81;20.39;1
2023.05.21;16.81;20.34;1
2023.05.22;17.21;20.30;1
2023.05.23;18.53;20.27;1
2023.05.24;20.03;20.25;1
2023.05.25;19.14;20.22;1
2023.05.26;17.95;20.19;1
2023.05.27;17.95;20.15;1
2023.05.28;17.95;20.11;1
2023.05.29;17.95;20.08;1
2023.05.30;17.46;20.06;1
2023.05.31;17.94;20.03;1
2023.06.01;15.65;20.00;1
2023.06.02;14.60;19.95;1
2023.06.03;14.60;19.90;1
2023.06.04;14.60;19.86;1
2023.06.05;14.73;19.81;1
2023.06.06;13.96;19.76;1
2023.06.07;13.94;19.72;1
2023.06.08;13.65;19.67;1
2023.06.09;13.83;19.63;1
2023.06.10;13.83;19.59;1
2023.06.11;13.83;19.56;1
2023.06.12;15.01;19.53;1
2023.06.13;14.61;19.50;1
2023.06.14;13.88;19.47;1
2023.06.15;14.50;19.44;1
2023.06.16;13.54;19.40;1
2023.06.17;13.54;19.35;1
2023.06.18;13.54;19.32;1
2023.06.19;13.54;19.29;1
2023.06.20;13.88;19.26;1
2023.06.21;13.20;19.23;1
2023.06.22;12.91;19.20;1
2023.06.23;13.44;19.16;1
2023.06.24;13.44;19.12;1
2023.06.25;13.44;19.07;1
2023.06.26;14.25;19.03;1
2023.06.27;13.74;18.99;1
2023.06.28;13.43;18.94;1
2023.06.29;13.54;18.90;1
2023.06.30;13.59;18.84;1
2023.07.01;13.59;18.79;1
2023.07.02;13.59;18.76;1
2023.07.03;13.57;18.71;1
2023.07.04;13.57;18.66;1
2023.07.05;14.18;18.62;1
2023.07.06;15.44;18.59;1
2023.07.07;14.83;18.55;1
2023.07.08;14.83;18.52;1
2023.07.09;14.83;18.49;1
2023.07.10;15.07;18.45;1
2023.07.11;14.84;18.42;1
2023.07.12;13.54;18.39;1
2023.07.13;13.61;18.35;1
2023.07.14;13.34;18.31;1
2023.07.15;13.34;18.27;1
2023.07.16;13.34;18.23;1
2023.07.17;13.48;18.19;1
2023.07.18;13.30;18.15;1
2023.07.19;13.76;18.11;1
2023.07.20;13.99;18.07;1
2023.07.21;13.60;18.03;1
2023.07.22;13.60;17.98;1
2023.07.23;13.60;17.94;1
2023.07.24;13.91;17.90;1
2023.07.25;13.86;17.86;1
2023.07.26;13.19;17.82;1
2023.07.27;14.41;17.79;1
2023.07.28;13.33;17.74;1
2023.07.29;13.33;17.71;1
2023.07.30;13.33;17.67;1
2023.07.31;13.63;17.64;1
2023.08.01;13.93;17.62;1
2023.08.02;16.09;17.61;1
2023.08.03;15.92;17.60;1
2023.08.04;17.10;17.59;1
2023.08.05;17.10;17.58;1
2023.08.06;17.10;17.56;1
2023.08.07;15.77;17.54;1
2023.08.08;15.99;17.52;1
2023.08.09;15.96;17.50;1
2023.08.10;15.85;17.48;1
2023.08.11;14.84;17.46;1
2023.08.12;14.84;17.43;1
2023.08.13;14.84;17.41;1
2023.08.14;14.82;17.39;1
2023.08.15;16.46;17.38;1
2023.08.16;16.78;17.37;1
2023.08.17;17.89;17.37;0
2023.08.18;17.30;17.36;1
2023.08.19;17.30;17.35;1
2023.08.20;17.30;17.35;1
2023.08.21;17.13;17.34;1
2023.08.22;16.97;17.33;1
2023.08.23;15.98;17.32;1
2023.08.24;17.20;17.31;1
2023.08.25;15.68;17.29;1
2023.08.26;15.68;17.28;1
2023.08.27;15.68;17.26;1
2023.08.28;15.08;17.23;1
2023.08.29;14.45;17.20;1
2023.08.30;13.88;17.17;1
2023.08.31;13.57;17.13;1
2023.09.01;13.09;17.10;1
2023.09.02;13.09;17.07;1
2023.09.03;13.09;17.04;1
2023.09.04;13.09;17.01;1
2023.09.05;14.01;16.98;1
2023.09.06;14.45;16.95;1
2023.09.07;14.40;16.92;1
2023.09.08;13.84;16.89;1
2023.09.09;13.84;16.84;1
2023.09.10;13.84;16.80;1
2023.09.11;13.80;16.77;1
2023.09.12;14.23;16.73;1
2023.09.13;13.48;16.69;1
2023.09.14;12.82;16.64;1
2023.09.15;13.79;16.61;1
2023.09.16;13.79;16.57;1
2023.09.17;13.79;16.54;1
2023.09.18;14.00;16.51;1
2023.09.19;14.11;16.49;1
2023.09.20;15.14;16.47;1
2023.09.21;17.54;16.47;0
2023.09.22;17.20;16.46;0
2023.09.23;17.20;16.45;0
2023.09.24;17.20;16.44;0
2023.09.25;16.90;16.41;0
2023.09.26;18.94;16.38;0
2023.09.27;18.22;16.35;0
2023.09.28;17.34;16.31;0
2023.09.29;17.52;16.27;0
2023.09.30;17.52;16.23;0
2023.10.01;17.52;16.19;0
2023.10.02;17.61;16.16;0
2023.10.03;19.78;16.14;0
2023.10.04;18.58;16.10;0
2023.10.05;18.49;16.07;0
2023.10.06;17.45;16.03;0
2023.10.07;17.45;16.01;0
2023.10.08;17.45;15.99;0
2023.10.09;17.70;15.96;0
2023.10.10;17.03;15.94;0
2023.10.11;16.09;15.91;0
2023.10.12;16.69;15.89;0
2023.10.13;19.32;15.88;0
2023.10.14;19.32;15.88;0
2023.10.15;19.32;15.88;0
2023.10.16;17.21;15.87;0
2023.10.17;17.88;15.87;0
2023.10.18;19.22;15.87;0
2023.10.19;21.40;15.88;0
2023.10.20;21.71;15.90;0
2023.10.21;21.71;15.91;0
2023.10.22;21.71;15.92;0
2023.10.23;20.37;15.93;0
2023.10.24;18.97;15.94;0
2023.10.25;20.19;15.95;0
2023.10.26;20.68;15.96;0
2023.10.27;21.27;15.97;0
2023.10.28;21.27;15.98;0
2023.10.29;21.27;15.99;0
2023.10.30;19.75;16.00;0
2023.10.31;18.14;16.01;0
2023.11.01;16.87;16.00;0
2023.11.02;15.66;16.00;1
2023.11.03;14.91;15.99;1
2023.11.04;14.91;15.98;1
2023.11.05;14.91;15.97;1
2023.11.06;14.89;15.96;1
2023.11.07;14.81;15.95;1
2023.11.08;14.45;15.94;1
2023.11.09;15.29;15.93;1
2023.11.10;14.17;15.92;1
2023.11.11;14.17;15.89;1
2023.11.12;14.17;15.87;1
2023.11.13;14.76;15.86;1
2023.11.14;14.16;15.85;1
2023.11.15;14.18;15.84;1
2023.11.16;14.32;15.84;1
2023.11.17;13.80;15.82;1
2023.11.18;13.80;15.80;1
2023.11.19;13.80;15.78;1
2023.11.20;13.41;15.75;1
2023.11.21;13.35;15.73;1
2023.11.22;12.85;15.71;1
2023.11.23;12.85;15.69;1
2023.11.24;12.46;15.66;1
2023.11.25;12.46;15.64;1
2023.11.26;12.46;15.61;1
2023.11.27;12.69;15.59;1
2023.11.28;12.69;15.57;1
2023.11.29;12.98;15.55;1
2023.11.30;12.92;15.53;1
2023.12.01;12.63;15.51;1
2023.12.02;12.63;15.48;1
2023.12.03;12.63;15.46;1
2023.12.04;13.08;15.45;1
2023.12.05;12.85;15.43;1
2023.12.06;12.97;15.41;1
2023.12.07;13.06;15.39;1
2023.12.08;12.35;15.36;1
2023.12.09;12.35;15.33;1
2023.12.10;12.35;15.29;1
2023.12.11;12.63;15.26;1
2023.12.12;12.07;15.23;1
2023.12.13;12.19;15.20;1
2023.12.14;12.48;15.18;1
2023.12.15;12.28;15.15;1
2023.12.16;12.28;15.12;1
2023.12.17;12.28;15.09;1
2023.12.18;12.56;15.08;1
2023.12.19;12.53;15.07;1
2023.12.20;13.67;15.06;1
2023.12.21;13.65;15.06;1
2023.12.22;13.03;15.05;1
2023.12.23;13.03;15.04;1
2023.12.24;13.03;15.04;1
2023.12.25;13.03;15.04;1
2023.12.26;12.99;15.03;1
2023.12.27;12.43;15.03;1
2023.12.28;12.47;15.02;1
2023.12.29;12.45;15.01;1
2023.12.30;12.45;15.00;1
2023.12.31;12.45;14.99;1
2024.01.01;12.45;14.98;1
2024.01.02;13.20;14.98;1
2024.01.03;14.04;14.98;1
2024.01.04;14.13;14.98;1
2024.01.05;13.35;14.98;1
2024.01.06;13.35;14.98;1
2024.01.07;13.35;14.98;1
2024.01.08;13.08;14.98;1
2024.01.09;12.76;14.98;1
2024.01.10;12.69;14.97;1
2024.01.11;12.44;14.97;1
2024.01.12;12.70;14.96;1
2024.01.13;12.70;14.95;1
2024.01.14;12.70;14.95;1
2024.01.15;12.70;14.95;1
2024.01.16;13.84;14.95;1
2024.01.17;14.79;14.95;1
2024.01.18;14.13;14.96;1
2024.01.19;13.30;14.96;1
2024.01.20;13.30;14.95;1
2024.01.21;13.30;14.95;1
2024.01.22;13.19;14.94;1
2024.01.23;12.55;14.93;1
2024.01.24;13.14;14.92;1
2024.01.25;13.45;14.91;1
2024.01.26;13.26;14.90;1
2024.01.27;13.26;14.89;1
2024.01.28;13.26;14.89;1
2024.01.29;13.60;14.89;1
2024.01.30;13.31;14.89;1
2024.01.31;14.35;14.90;1
2024.02.01;13.88;14.90;1
2024.02.02;13.85;14.90;1
2024.02.03;13.85;14.91;1
2024.02.04;13.85;14.91;1
2024.02.05;13.67;14.90;1
2024.02.06;13.06;14.90;1
2024.02.07;12.83;14.90;1
2024.02.08;12.79;14.89;1
2024.02.09;12.93;14.89;1
2024.02.10;12.93;14.88;1
2024.02.11;12.93;14.88;1
2024.02.12;13.93;14.88;1
2024.02.13;15.85;14.89;0
2024.02.14;14.38;14.90;1
2024.02.15;14.01;14.90;1
2024.02.16;14.24;14.90;1
2024.02.17;14.24;14.91;1
2024.02.18;14.24;14.90;1
2024.02.19;14.24;14.89;1
2024.02.20;15.42;14.88;0
2024.02.21;15.34;14.87;0
2024.02.22;14.54;14.86;1
2024.02.23;13.75;14.85;1
2024.02.24;13.75;14.84;1
2024.02.25;13.75;14.83;1
2024.02.26;13.74;14.82;1
2024.02.27;13.43;14.81;1
2024.02.28;13.84;14.80;1
2024.02.29;13.40;14.80;1
2024.03.01;13.11;14.79;1
2024.03.02;13.11;14.77;1
2024.03.03;13.11;14.75;1
2024.03.04;13.49;14.73;1
2024.03.05;14.46;14.72;1
2024.03.06;14.50;14.70;1
2024.03.07;14.44;14.69;1
2024.03.08;14.74;14.68;0
2024.03.09;14.74;14.67;0
2024.03.10;14.74;14.66;0
2024.03.11;15.22;14.65;0
2024.03.12;13.84;14.64;1
2024.03.13;13.75;14.63;1
2024.03.14;14.40;14.62;1
2024.03.15;14.41;14.62;1
2024.03.16;14.41;14.62;1
2024.03.17;14.41;14.62;1
2024.03.18;14.33;14.63;1
2024.03.19;13.82;14.63;1
2024.03.20;13.04;14.63;1
2024.03.21;12.92;14.63;1
2024.03.22;13.06;14.63;1
2024.03.23;13.06;14.62;1
2024.03.24;13.06;14.62;1
2024.03.25;13.19;14.61;1
2024.03.26;13.24;14.61;1
2024.03.27;12.78;14.60;1
2024.03.28;13.01;14.60;1
2024.03.29;13.01;14.60;1
2024.03.30;13.01;14.59;1
2024.03.31;13.01;14.59;1
2024.04.01;13.65;14.59;1
2024.04.02;14.61;14.60;0
2024.04.03;14.33;14.60;1
2024.04.04;16.35;14.61;0
2024.04.05;16.03;14.62;0
2024.04.06;16.03;14.63;0
2024.04.07;16.03;14.63;0
2024.04.08;15.19;14.62;0
2024.04.09;14.98;14.61;0
2024.04.10;15.80;14.60;0
2024.04.11;14.91;14.59;0
2024.04.12;17.31;14.60;0
2024.04.13;17.31;14.59;0
2024.04.14;17.31;14.58;0
2024.04.15;19.23;14.59;0
2024.04.16;18.40;14.60;0
2024.04.17;18.21;14.60;0
2024.04.18;18.00;14.60;0
2024.04.19;18.71;14.61;0
2024.04.20;18.71;14.60;0
2024.04.21;18.71;14.60;0
2024.04.22;16.94;14.60;0
2024.04.23;15.69;14.59;0
2024.04.24;15.97;14.58;0
2024.04.25;15.37;14.57;0
2024.04.26;15.03;14.56;0
2024.04.27;15.03;14.55;0
2024.04.28;15.03;14.54;0
2024.04.29;14.67;14.53;0
2024.04.30;15.65;14.51;0
2024.05.01;15.39;14.49;0
2024.05.02;14.68;14.47;0
2024.05.03;13.49;14.45;1
2024.05.04;13.49;14.43;1
2024.05.05;13.49;14.40;1
2024.05.06;13.49;14.36;1
2024.05.07;13.23;14.32;1
2024.05.08;13.00;14.27;1
2024.05.09;12.69;14.23;1
2024.05.10;12.55;14.19;1
2024.05.11;12.55;14.16;1
2024.05.12;12.55;14.12;1
2024.05.13;13.60;14.08;1
2024.05.14;13.42;14.05;1
2024.05.15;12.45;14.00;1
2024.05.16;12.42;13.96;1
2024.05.17;11.99;13.92;1
2024.05.18;11.99;13.89;1
2024.05.19;11.99;13.86;1
2024.05.20;12.15;13.85;1
2024.05.21;11.86;13.83;1
2024.05.22;12.29;13.82;1
2024.05.23;12.77;13.81;1
2024.05.24;11.93;13.79;1
2024.05.25;11.93;13.78;1
2024.05.26;11.93;13.76;1
2024.05.27;11.93;13.75;1
2024.05.28;12.92;13.74;1
2024.05.29;14.28;13.74;0
2024.05.30;14.47;13.74;0
2024.05.31;12.92;13.73;1
2024.06.01;12.92;13.73;1
2024.06.02;12.92;13.72;1
2024.06.03;13.11;13.72;1
2024.06.04;13.16;13.71;1
2024.06.05;12.63;13.71;1
2024.06.06;12.58;13.70;1
2024.06.07;12.22;13.69;1
2024.06.08;12.22;13.69;1
2024.06.09;12.22;13.69;1
2024.06.10;12.74;13.69;1
2024.06.11;12.85;13.69;1
2024.06.12;12.04;13.69;1
2024.06.13;11.94;13.68;1
2024.06.14;12.66;13.68;1
2024.06.15;12.66;13.68;1
2024.06.16;12.66;13.68;1
2024.06.17;12.75;13.68;1
2024.06.18;12.30;13.68;1
2024.06.19;12.30;13.68;1
2024.06.20;13.28;13.68;1
2024.06.21;13.20;13.68;1
2024.06.22;13.20;13.68;1
2024.06.23;13.20;13.68;1
2024.06.24;13.33;13.68;1
2024.06.25;12.84;13.69;1
2024.06.26;12.55;13.69;1
2024.06.27;12.24;13.69;1
2024.06.28;12.44;13.69;1
2024.06.29;12.44;13.69;1
2024.06.30;12.44;13.69;1
2024.07.01;12.22;13.69;1
2024.07.02;12.03;13.69;1
2024.07.03;12.09;13.69;1
2024.07.04;12.09;13.69;1
2024.07.05;12.48;13.68;1
2024.07.06;12.48;13.68;1
2024.07.07;12.48;13.68;1
2024.07.08;12.37;13.67;1
2024.07.09;12.51;13.67;1
2024.07.10;12.85;13.67;1
2024.07.11;12.92;13.67;1
2024.07.12;12.46;13.67;1
2024.07.13;12.46;13.66;1
2024.07.14;12.46;13.66;1
2024.07.15;13.12;13.67;1
2024.07.16;13.19;13.67;1
2024.07.17;14.48;13.68;0
2024.07.18;15.93;13.70;0
2024.07.19;16.52;13.72;0
2024.07.20;16.52;13.73;0
2024.07.21;16.52;13.75;0
2024.07.22;14.91;13.75;0
2024.07.23;14.72;13.76;0
2024.07.24;18.04;13.78;0
2024.07.25;18.46;13.81;0
2024.07.26;16.39;13.82;0
2024.07.27;16.39;13.84;0
2024.07.28;16.39;13.86;0
2024.07.29;16.60;13.88;0
2024.07.30;17.69;13.91;0
2024.07.31;16.36;13.92;0
2024.08.01;18.59;13.95;0
2024.08.02;23.39;14.01;0
2024.08.03;23.39;14.05;0
2024.08.04;23.39;14.10;0
2024.08.05;38.57;14.22;0
2024.08.06;27.71;14.29;0
2024.08.07;27.85;14.36;0
2024.08.08;23.79;14.42;0
2024.08.09;20.37;14.45;0
2024.08.10;20.37;14.49;0
2024.08.11;20.37;14.53;0
2024.08.12;20.71;14.56;0
2024.08.13;18.12;14.59;0
2024.08.14;16.19;14.60;0
2024.08.15;15.23;14.61;0
2024.08.16;14.80;14.62;0
2024.08.17;14.80;14.63;0
2024.08.18;14.80;14.63;0
2024.08.19;14.65;14.63;0
2024.08.20;15.88;14.64;0
2024.08.21;16.27;14.65;0
2024.08.22;17.55;14.67;0
2024.08.23;15.86;14.68;0
2024.08.24;15.86;14.70;0
2024.08.25;15.86;14.71;0
2024.08.26;16.15;14.73;0
2024.08.27;15.43;14.74;0
2024.08.28;17.11;14.76;0
2024.08.29;15.65;14.78;0
2024.08.30;15.00;14.78;0
2024.08.31;15.00;14.78;0
2024.09.01;15.00;14.78;0
2024.09.02;15.00;14.79;0
2024.09.03;20.72;14.82;0
2024.09.04;21.32;14.85;0
2024.09.05;19.90;14.88;0
2024.09.06;22.38;14.92;0
2024.09.07;22.38;14.96;0
2024.09.08;22.38;14.99;0
2024.09.09;19.45;15.02;0
2024.09.10;19.08;15.04;0
2024.09.11;17.69;15.06;0
2024.09.12;17.07;15.08;0
2024.09.13;16.56;15.09;0
2024.09.14;16.56;15.11;0
2024.09.15;16.56;15.12;0
2024.09.16;17.14;15.14;0
2024.09.17;17.61;15.17;0
2024.09.18;18.23;15.19;0
2024.09.19;16.33;15.21;0
2024.09.20;16.15;15.22;0
2024.09.21;16.15;15.23;0
2024.09.22;16.15;15.24;0
2024.09.23;15.89;15.24;0
2024.09.24;15.39;15.25;0
2024.09.25;15.41;15.25;0
2024.09.26;15.37;15.25;0
2024.09.27;16.96;15.26;0
2024.09.28;16.96;15.28;0
2024.09.29;16.96;15.29;0
2024.09.30;16.73;15.31;0
2024.10.01;19.26;15.33;0
2024.10.02;18.90;15.35;0
2024.10.03;20.49;15.38;0
2024.10.04;19.21;15.41;0
2024.10.05;19.21;15.43;0
2024.10.06;19.21;15.47;0
2024.10.07;22.64;15.51;0
2024.10.08;21.42;15.56;0
2024.10.09;20.86;15.59;0
2024.10.10;20.93;15.63;0
2024.10.11;20.46;15.67;0
2024.10.12;20.46;15.71;0
2024.10.13;20.46;15.74;0
2024.10.14;19.70;15.78;0
2024.10.15;20.64;15.82;0
2024.10.16;19.58;15.85;0
2024.10.17;19.11;15.88;0
2024.10.18;18.03;15.90;0
2024.10.19;18.03;15.92;0
2024.10.20;18.03;15.94;0
2024.10.21;18.37;15.95;0
2024.10.22;18.20;15.96;0
2024.10.23;19.24;15.97;0
2024.10.24;19.08;15.99;0
2024.10.25;20.33;16.02;0
2024.10.26;20.33;16.04;0
2024.10.27;20.33;16.06;0
2024.10.28;19.80;16.09;0
2024.10.29;19.34;16.10;0
2024.10.30;20.35;16.11;0
2024.10.31;23.16;16.14;0
2024.11.01;21.88;16.16;0
2024.11.02;21.88;16.17;0
2024.11.03;21.88;16.19;0
2024.11.04;21.98;16.21;0
2024.11.05;20.49;16.22;0
2024.11.06;16.27;16.21;0
2024.11.07;15.20;16.19;1
2024.11.08;14.94;16.18;1
2024.11.09;14.94;16.18;1
2024.11.10;14.94;16.17;1
2024.11.11;14.97;16.17;1
2024.11.12;14.71;16.17;1
2024.11.13;14.02;16.16;1
2024.11.14;14.31;16.16;1
2024.11.15;16.14;16.17;1
2024.11.16;16.14;16.17;1
2024.11.17;16.14;16.17;1
2024.11.18;15.58;16.18;1
2024.11.19;16.35;16.19;0
2024.11.20;17.16;16.21;0
2024.11.21;16.87;16.23;0
2024.11.22;15.24;16.24;1
2024.11.23;15.24;16.25;1
2024.11.24;15.24;16.26;1
2024.11.25;14.60;16.27;1
2024.11.26;14.10;16.28;1
2024.11.27;14.10;16.28;1
2024.11.28;14.10;16.29;1
2024.11.29;13.51;16.29;1
2024.11.30;13.51;16.29;1
2024.12.01;13.51;16.30;1
2024.12.02;13.34;16.30;1
2024.12.03;13.30;16.31;1
2024.12.04;13.45;16.31;1
2024.12.05;13.54;16.32;1
2024.12.06;12.77;16.33;1
2024.12.07;12.77;16.33;1
2024.12.08;12.77;16.33;1
2024.12.09;14.19;16.34;1
2024.12.10;14.18;16.35;1
2024.12.11;13.58;16.36;1
2024.12.12;13.92;16.37;1
2024.12.13;13.81;16.38;1
2024.12.14;13.81;16.38;1
2024.12.15;13.81;16.38;1
2024.12.16;14.69;16.38;1
2024.12.17;15.87;16.40;1
2024.12.18;27.62;16.47;0
2024.12.19;24.09;16.53;0
2024.12.20;18.36;16.55;0
2024.12.21;18.36;16.58;0
2024.12.22;18.36;16.61;0
2024.12.23;16.78;16.63;0
2024.12.24;14.27;16.64;1
2024.12.25;14.27;16.65;1
2024.12.26;14.73;16.66;1
2024.12.27;15.95;16.68;1
2024.12.28;15.95;16.69;1
2024.12.29;15.95;16.71;1
2024.12.30;17.40;16.74;0
2024.12.31;17.35;16.76;0
2025.01.01;17.35;16.79;0
2025.01.02;17.93;16.81;0
2025.01.03;16.13;16.83;1
2025.01.04;16.13;16.85;1
2025.01.05;16.13;16.87;1
2025.01.06;16.04;16.88;1
2025.01.07;17.82;16.90;0
2025.01.08;17.70;16.93;0
2025.01.09;17.70;16.95;0
2025.01.10;19.54;16.98;0
2025.01.11;19.54;17.01;0
2025.01.12;19.54;17.05;0
2025.01.13;19.19;17.08;0
2025.01.14;18.71;17.11;0
2025.01.15;16.12;17.13;1
2025.01.16;16.60;17.15;1
2025.01.17;15.97;17.17;1
2025.01.18;15.97;17.19;1
2025.01.19;15.97;17.21;1
2025.01.20;15.97;17.23;1
2025.01.21;15.06;17.24;1
2025.01.22;15.10;17.26;1
2025.01.23;15.02;17.27;1
2025.01.24;14.85;17.28;1
2025.01.25;14.85;17.29;1
2025.01.26;14.85;17.30;1
2025.01.27;17.90;17.33;0
2025.01.28;16.41;17.35;1
2025.01.29;16.56;17.37;1
2025.01.30;15.84;17.39;1
2025.01.31;16.43;17.40;1
2025.02.01;16.43;17.42;1
2025.02.02;16.43;17.43;1
2025.02.03;18.62;17.44;0
2025.02.04;17.21;17.45;1
2025.02.05;15.77;17.44;1
2025.02.06;15.50;17.44;1
2025.02.07;16.54;17.44;1
2025.02.08;16.54;17.45;1
2025.02.09;16.54;17.45;1
2025.02.10;15.81;17.43;1
2025.02.11;16.02;17.43;1
2025.02.12;15.89;17.43;1
2025.02.13;15.10;17.42;1
2025.02.14;14.77;17.41;1
2025.02.15;14.77;17.40;1
2025.02.16;14.77;17.39;1
2025.02.17;14.77;17.37;1
2025.02.18;15.35;17.33;1
2025.02.19;15.27;17.29;1
2025.02.20;15.66;17.25;1
2025.02.21;18.21;17.15;0
2025.02.22;18.21;17.10;0
2025.02.23;18.21;17.05;0
2025.02.24;18.98;17.03;0
2025.02.25;19.43;17.03;0
2025.02.26;19.10;17.02;0
2025.02.27;21.13;17.02;0
2025.02.28;19.63;17.02;0
2025.03.01;19.63;17.03;0
2025.03.02;19.63;17.04;0
2025.03.03;22.78;17.08;0
2025.03.04;23.51;17.12;0
2025.03.05;21.93;17.16;0
2025.03.06;24.87;17.21;0
2025.03.07;23.37;17.25;0
2025.03.08;23.37;17.29;0
2025.03.09;23.37;17.33;0
2025.03.10;27.86;17.38;0
2025.03.11;26.92;17.43;0
2025.03.12;24.23;17.48;0
2025.03.13;24.66;17.52;0
2025.03.14;21.77;17.55;0
2025.03.15;21.77;17.58;0
2025.03.16;21.77;17.60;0
2025.03.17;20.51;17.63;0
2025.03.18;21.70;17.66;0
2025.03.19;19.90;17.68;0
2025.03.20;19.80;17.71;0
2025.03.21;19.28;17.73;0
2025.03.22;19.28;17.72;0
2025.03.23;19.28;17.71;0
2025.03.24;17.48;17.70;1
2025.03.25;17.15;17.67;1
2025.03.26;18.33;17.65;0
2025.03.27;18.69;17.64;0
2025.03.28;21.65;17.65;0
2025.03.29;21.65;17.66;0
2025.03.30;21.65;17.68;0
2025.03.31;22.28;17.71;0
2025.04.01;21.77;17.73;0
2025.04.02;21.51;17.76;0
2025.04.03;30.02;17.82;0
2025.04.04;45.31;17.96;0
2025.04.05;45.31;18.10;0
2025.04.06;45.31;18.24;0
2025.04.07;46.98;18.39;0
2025.04.08;52.33;18.57;0
2025.04.09;33.62;18.66;0
2025.04.10;40.72;18.78;0
2025.04.11;37.56;18.89;0
2025.04.12;37.56;19.00;0
2025.04.13;37.56;19.11;0
2025.04.14;30.89;19.19;0
2025.04.15;30.12;19.26;0
2025.04.16;32.64;19.33;0
2025.04.17;29.65;19.40;0
2025.04.18;29.65;19.46;0
2025.04.19;29.65;19.51;0
2025.04.20;29.65;19.57;0
2025.04.21;33.82;19.63;0
2025.04.22;30.57;19.69;0
2025.04.23;28.45;19.74;0
2025.04.24;26.47;19.77;0
2025.04.25;24.84;19.79;0
2025.04.26;24.84;19.80;0
2025.04.27;24.84;19.82;0
2025.04.28;25.15;19.84;0
2025.04.29;24.17;19.86;0
2025.04.30;24.70;19.88;0
2025.05.01;24.60;19.90;0
2025.05.02;22.68;19.92;0
2025.05.03;22.68;19.93;0
2025.05.04;22.68;19.94;0
2025.05.05;23.64;19.97;0
2025.05.06;24.76;20.00;0
2025.05.07;23.55;20.03;0
2025.05.08;22.48;20.05;0
2025.05.09;21.90;20.07;0
2025.05.10;21.90;20.09;0
2025.05.11;21.90;20.10;0
2025.05.12;18.39;20.10;1
2025.05.13;18.22;20.09;1
2025.05.14;18.62;20.08;1
2025.05.15;17.83;20.06;1
2025.05.16;17.24;20.05;1
2025.05.17;17.24;20.04;1
2025.05.18;17.24;20.03;1
2025.05.19;18.14;20.00;1
2025.05.20;18.09;19.98;1
2025.05.21;20.87;19.98;0
2025.05.22;20.28;19.97;0
2025.05.23;22.29;19.97;0
2025.05.24;22.29;19.98;0
2025.05.25;22.29;20.01;0
2025.05.26;22.29;20.05;0
2025.05.27;18.96;20.07;1
2025.05.28;19.31;20.09;1
2025.05.29;19.18;20.11;1
2025.05.30;18.57;20.13;1
2025.05.31;18.57;20.15;1
2025.06.01;18.57;20.17;1
2025.06.02;18.36;20.19;1
2025.06.03;17.69;20.20;1
2025.06.04;17.61;20.20;1
2025.06.05;18.48;20.22;1
2025.06.06;16.77;20.22;1
2025.06.07;16.77;20.22;1
2025.06.08;16.77;20.22;1
2025.06.09;17.16;20.22;1
2025.06.10;16.95;20.23;1
2025.06.11;17.26;20.24;1
2025.06.12;18.02;20.26;1
2025.06.13;20.82;20.29;0
2025.06.14;20.82;20.32;0
2025.06.15;20.82;20.35;0
2025.06.16;19.11;20.38;1
2025.06.17;21.60;20.42;0
2025.06.18;20.14;20.45;1
2025.06.19;20.14;20.49;1
2025.06.20;20.62;20.52;0
2025.06.21;20.62;20.56;0
2025.06.22;20.62;20.59;0
2025.06.23;19.83;20.63;1
2025.06.24;17.48;20.65;1
2025.06.25;16.76;20.67;1
2025.06.26;16.59;20.69;1
2025.06.27;16.32;20.70;1
2025.06.28;16.32;20.71;1
2025.06.29;16.32;20.72;1
2025.06.30;16.73;20.74;1
2025.07.01;16.83;20.75;1
2025.07.02;16.64;20.77;1
2025.07.03;16.38;20.78;1
2025.07.04;16.38;20.79;1
2025.07.05;16.38;20.79;1
2025.07.06;16.38;20.73;1
2025.07.07;17.79;20.70;1
2025.07.08;16.81;20.70;1
2025.07.09;15.94;20.68;1
2025.07.10;15.78;20.67;1
2025.07.11;16.40;20.67;1
2025.07.12;16.40;20.68;1
2025.07.13;16.40;20.69;1
2025.07.14;17.20;20.70;1
2025.07.15;17.38;20.71;1
2025.07.16;17.16;20.72;1
2025.07.17;16.52;20.72;1
2025.07.18;16.41;20.71;1
2025.07.19;16.41;20.71;1
2025.07.20;16.41;20.70;1
2025.07.21;16.65;20.70;1
2025.07.22;16.50;20.70;1
2025.07.23;15.37;20.70;1
2025.07.24;15.39;20.69;1
2025.07.25;14.93;20.69;1
2025.07.26;14.93;20.67;1
2025.07.27;14.93;20.66;1
2025.07.28;15.03;20.64;1
2025.07.29;15.98;20.63;1
2025.07.30;15.48;20.61;1
2025.07.31;16.72;20.59;1
2025.08.01;20.38;20.60;1
2025.08.02;20.38;20.61;1
2025.08.03;20.38;20.63;1
2025.08.04;17.52;20.63;1
2025.08.05;17.85;20.64;1
2025.08.06;16.77;20.65;1
2025.08.07;16.57;20.65;1
2025.08.08;15.15;20.64;1
2025.08.09;15.15;20.65;1
2025.08.10;15.15;20.65;1
2025.08.11;16.25;20.65;1
2025.08.12;14.73;20.65;1
2025.08.13;14.49;20.65;1
2025.08.14;14.83;20.65;1
2025.08.15;15.09;20.63;1
2025.08.16;15.09;20.63;1
2025.08.17;15.09;20.62;1
2025.08.18;14.99;20.62;1
2025.08.19;15.57;20.61;1
2025.08.20;15.69;20.61;1
2025.08.21;16.60;20.61;1
2025.08.22;14.22;20.59;1
2025.08.23;14.22;20.57;1
2025.08.24;14.22;20.56;1
2025.08.25;14.79;20.56;1
2025.08.26;14.62;20.55;1
2025.08.27;14.85;20.54;1
2025.08.28;14.43;20.53;1
2025.08.29;15.36;20.53;1
2025.08.30;15.36;20.53;1
2025.08.31;15.36;20.52;1
2025.09.01;15.36;20.53;1
2025.09.02;17.17;20.54;1
2025.09.03;16.35;20.55;1
2025.09.04;15.30;20.55;1
2025.09.05;15.18;20.55;1
2025.09.06;15.18;20.55;1
2025.09.07;15.18;20.55;1
2025.09.08;15.11;20.55;1
2025.09.09;15.04;20.53;1
2025.09.10;15.35;20.52;1
2025.09.11;14.71;20.50;1
2025.09.12;14.76;20.48;1
2025.09.13;14.76;20.45;1
2025.09.14;14.76;20.43;1
2025.09.15;15.69;20.41;1
2025.09.16;16.36;20.39;1
2025.09.17;15.72;20.37;1
2025.09.18;15.70;20.35;1
2025.09.19;15.45;20.31;1
2025.09.20;15.45;20.27;1
2025.09.21;15.45;20.24;1
2025.09.22;16.10;20.20;1
2025.09.23;16.64;20.16;1
2025.09.24;16.18;20.13;1
2025.09.25;16.74;20.09;1
2025.09.26;15.29;20.03;1
2025.09.27;15.29;19.97;1
2025.09.28;15.29;19.93;1
2025.09.29;16.12;19.89;1
2025.09.30;16.28;19.86;1
2025.10.01;16.29;19.83;1
2025.10.02;16.63;19.80;1
2025.10.03;16.65;19.79;1
2025.10.04;16.65;19.76;1
2025.10.05;16.65;19.74;1
2025.10.06;16.37;19.73;1
2025.10.07;17.24;19.72;1
2025.10.08;16.30;19.70;1
2025.10.09;16.43;19.69;1
2025.10.10;21.66;19.71;0
2025.10.11;21.66;19.73;0
2025.10.12;21.66;19.75;0
2025.10.13;19.03;19.75;1
2025.10.14;20.81;19.75;0
2025.10.15;20.64;19.74;0
2025.10.16;25.31;19.76;0
2025.10.17;20.78;19.75;0
2025.10.18;20.78;19.75;0
2025.10.19;20.78;19.74;0
2025.10.20;18.23;19.68;1
2025.10.21;17.87;19.55;1
2025.10.22;18.60;19.41;1
2025.10.23;17.30;19.27;1
2025.10.24;16.37;19.12;1
2025.10.25;16.37;18.94;1
2025.10.26;16.37;18.85;1
2025.10.27;15.79;18.73;1
2025.10.28;16.42;18.62;1
2025.10.29;16.92;18.52;1
2025.10.30;16.91;18.42;1
2025.10.31;17.44;18.35;1
2025.11.01;17.44;18.29;1
2025.11.02;17.44;18.21;1
2025.11.03;17.17;18.15;1
2025.11.04;19.00;18.09;0
2025.11.05;18.01;18.04;1
2025.11.06;19.50;17.99;0
2025.11.07;19.08;17.91;0
2025.11.08;19.08;17.85;0
2025.11.09;19.08;17.81;0
2025.11.10;17.60;17.76;1
2025.11.11;17.28;17.73;1
2025.11.12;17.51;17.69;1
2025.11.13;20.00;17.66;0
2025.11.14;19.83;17.64;0
2025.11.15;19.83;17.62;0
2025.11.16;19.83;17.59;0
2025.11.17;22.38;17.58;0
2025.11.18;24.69;17.59;0
2025.11.19;23.66;17.60;0
2025.11.20;26.42;17.61;0
2025.11.21;23.43;17.61;0
2025.11.22;23.43;17.61;0
2025.11.23;23.43;17.61;0
2025.11.24;20.52;17.60;0
2025.11.25;18.56;17.58;0
2025.11.26;17.19;17.56;1
2025.11.27;17.19;17.53;1
2025.11.28;16.35;17.52;1
2025.11.29;16.35;17.51;1
2025.11.30;16.35;17.50;1
2025.12.01;17.24;17.50;1
2025.12.02;16.59;17.50;1
2025.12.03;16.08;17.49;1
2025.12.04;15.78;17.48;1
2025.12.05;15.41;17.47;1
2025.12.06;15.41;17.46;1
2025.12.07;15.41;17.43;1
2025.12.08;16.66;17.41;1
2025.12.09;16.93;17.38;1
2025.12.10;15.77;17.35;1
2025.12.11;14.85;17.31;1
2025.12.12;15.74;17.28;1
2025.12.13;15.74;17.26;1
2025.12.14;15.74;17.25;1
2025.12.15;16.50;17.23;1
2025.12.16;16.48;17.22;1
2025.12.17;17.62;17.22;0
2025.12.18;16.87;17.21;1
2025.12.19;14.91;17.19;1
2025.12.20;14.91;17.18;1
2025.12.21;14.91;17.16;1
2025.12.22;14.08;17.14;1
2025.12.23;14.00;17.13;1
2025.12.24;13.47;17.11;1
2025.12.25;13.47;17.10;1
2025.12.26;13.60;17.08;1
2025.12.27;13.60;17.06;1
2025.12.28;13.60;17.04;1
2025.12.29;14.20;17.02;1
2025.12.30;14.33;16.99;1
2025.12.31;14.95;16.96;1
2026.01.01;14.95;16.93;1
2026.01.02;14.51;16.91;1
2026.01.03;14.51;16.87;1
2026.01.04;14.51;16.85;1
2026.01.05;14.90;16.82;1
2026.01.06;14.75;16.79;1
2026.01.07;15.38;16.76;1
2026.01.08;15.45;16.74;1
2026.01.09;14.49;16.71;1
2026.01.10;14.49;16.70;1
2026.01.11;14.49;16.69;1
2026.01.12;15.12;16.68;1
2026.01.13;15.98;16.68;1
2026.01.14;16.75;16.68;0
2026.01.15;15.84;16.68;1
2026.01.16;15.86;16.67;1
2026.01.17;15.86;16.67;1
2026.01.18;15.86;16.66;1
2026.01.19;15.86;16.66;1
2026.01.20;20.09;16.68;0
2026.01.21;16.90;16.68;0
2026.01.22;15.64;16.68;1
2026.01.23;16.09;16.67;1
2026.01.24;16.09;16.67;1
2026.01.25;16.09;16.67;1
2026.01.26;16.15;16.67;1
2026.01.27;16.35;16.67;1
2026.01.28;16.35;16.67;1
2026.01.29;16.88;16.67;0
2026.01.30;17.44;16.67;0
2026.01.31;17.44;16.67;0
2026.02.01;17.44;16.67;0
2026.02.02;16.34;16.67;1
2026.02.03;18.00;16.68;0
2026.02.04;18.64;16.69;0
2026.02.05;21.77;16.72;0
2026.02.06;20.37;16.74;0
2026.02.07;20.37;16.76;0
2026.02.08;20.37;16.78;0
2026.02.09;17.36;16.79;0
2026.02.10;17.79;16.81;0
2026.02.11;17.65;16.82;0
2026.02.12;20.82;16.85;0
2026.02.13;20.60;16.88;0
2026.02.14;20.60;16.90;0
2026.02.15;20.60;16.93;0
2026.02.16;20.60;16.94;0
2026.02.17;20.29;16.94;0
2026.02.18;19.62;16.94;0
2026.02.19;20.23;16.94;0
2026.02.20;19.09;16.95;0
2026.02.21;19.09;16.95;0
2026.02.22;19.09;16.97;0
2026.02.23;21.01;16.99;0
2026.02.24;19.55;17.01;0
2026.02.25;17.93;17.02;0
2026.02.26;18.63;17.04;0
2026.02.27;19.86;17.06;0
2026.02.28;19.86;17.08;0
2026.03.01;19.86;17.11;0
2026.03.02;21.44;17.14;0
2026.03.03;23.57;17.19;0
2026.03.04;21.15;17.22;0
2026.03.05;23.75;17.26;0
2026.03.06;29.49;17.33;0
2026.03.07;29.49;17.40;0
2026.03.08;29.49;17.47;0
2026.03.09;25.50;17.52;0
2026.03.10;24.93;17.57;0
2026.03.11;24.23;17.62;0
2026.03.12;27.29;17.68;0
2026.03.13;27.19;17.75;0
2026.03.14;27.19;17.81;0
2026.03.15;27.19;17.87;0
2026.03.16;23.51;17.92;0
2026.03.17;22.37;17.95;0
2026.03.18;25.09;18.00;0
2026.03.19;24.06;18.04;0
2026.03.20;26.78;18.10;0
2026.03.21;26.78;18.15;0
2026.03.22;26.78;18.20;0
2026.03.23;26.15;18.26;0
2026.03.24;26.95;18.31;0
2026.03.25;25.33;18.37;0
2026.03.26;27.44;18.43;0
2026.03.27;31.05;18.51;0
2026.03.28;31.05;18.59;0
2026.03.29;31.05;18.66;0
2026.03.30;30.61;18.74;0
2026.03.31;25.25;18.80;0
2026.04.01;24.54;18.85;0
2026.04.02;23.87;18.89;0
2026.04.03;23.87;18.93;0
2026.04.04;23.87;18.97;0
2026.04.05;23.87;19.01;0
2026.04.06;24.17;19.05;0
2026.04.07;25.78;19.10;0
2026.04.08;21.04;19.13;0
2026.04.09;19.49;19.15;0
2026.04.10;19.23;19.17;0
2026.04.11;19.23;19.18;0
2026.04.12;19.23;19.20;0
2026.04.13;19.12;19.21;1
2026.04.14;18.36;19.22;1
2026.04.15;18.17;19.24;1
2026.04.16;17.94;19.25;1
2026.04.17;17.48;19.26;1
2026.04.18;17.48;19.26;1
2026.04.19;17.48;19.27;1
2026.04.20;18.87;19.28;1
2026.04.21;19.50;19.30;0
2026.04.22;18.92;19.31;1
2026.04.23;19.31;19.32;1
2026.04.24;18.71;19.33;1
2026.04.25;18.71;19.34;1
2026.04.26;18.71;19.35;1
2026.04.27;18.02;19.36;1
2026.04.28;17.83;19.34;1
2026.04.29;18.81;19.33;1
2026.04.30;16.89;19.30;1
2026.05.01;16.99;19.29;1
2026.05.02;16.99;19.27;1
2026.05.03;16.99;19.25;1
2026.05.04;18.29;19.22;1
2026.05.05;17.38;19.20;1
2026.05.06;17.39;19.19;1
2026.05.07;17.08;19.17;1
2026.05.08;17.19;19.16;1
2026.05.09;17.19;19.16;1
2026.05.10;17.19;19.15;1
2026.05.11;18.38;19.16;1
2026.05.12;17.99;19.16;1
2026.05.13;17.87;19.17;1
2026.05.14;17.26;19.18;1
2026.05.15;18.43;19.19;1
2026.05.16;18.43;19.20;1
2026.05.17;18.43;19.21;1
2026.05.18;17.82;19.21;1
2026.05.19;18.06;19.21;1
2026.05.20;17.44;19.21;1
2026.05.21;16.76;19.21;1
2026.05.22;16.70;19.21;1
2026.05.23;16.70;19.20;1
2026.05.24;16.70;19.19;1
2026.05.25;16.59;19.18;1
2026.05.26;17.01;19.17;1
2026.05.27;16.29;19.15;1
2026.05.28;15.74;19.14;1
2026.05.29;15.32;19.12;1
2026.05.30;15.32;19.11;1
2026.05.31;15.32;19.10;1
2026.06.01;16.05;19.08;1
2026.06.02;15.77;19.06;1
2026.06.03;16.06;19.04;1
2026.06.04;15.40;19.02;1
2026.06.05;21.51;19.02;0
2026.06.06;21.51;19.00;0
2026.06.07;21.51;18.99;0
2026.06.08;18.92;18.95;1
2026.06.09;19.87;18.94;0
2026.06.10;22.22;18.93;0
2026.06.11;19.44;18.91;0
2026.06.12;17.68;18.90;1
2026.06.13;17.68;18.89;1
2026.06.14;17.68;18.89;1
2026.06.15;16.20;18.89;1
2026.06.16;16.41;18.89;1
2026.06.17;18.44;18.90;1
2026.06.18;16.40;18.90;1
2026.06.19;16.40;18.90;1
2026.06.20;16.40;18.89;1
2026.06.21;16.40;18.90;1
2026.06.22;17.28;18.90;1
2026.06.23;19.49;18.92;0
2026.06.24;18.63;18.94;1
2026.06.25;18.89;18.96;1
2026.06.26;18.41;18.97;1
2026.06.27;18.41;18.97;1
2026.06.28;18.41;18.99;1
2026.06.29;17.65;19.00;1
2026.06.30;16.45;19.00;1
2026.07.01;16.59;19.01;1
2026.07.02;16.15;19.01;1
2026.07.03;16.15;19.01;1
2026.07.04;16.15;19.01;1
2026.07.05;16.15;19.00;1
2026.07.06;15.57;18.99;1
2026.07.07;16.13;19.00;1
2026.07.08;16.90;19.01;1
2026.07.09;15.84;19.01;1
2026.07.10;15.03;19.02;1
2026.07.11;15.03;19.02;1
2026.07.12;15.03;19.03;1
2026.07.13;17.16;19.05;1
2026.07.14;16.50;19.07;1
2026.07.15;15.67;19.08;1
2026.07.16;16.73;19.09;1
2026.07.17;18.77;19.11;1
2026.07.18;18.77;19.14;1
2026.07.19;18.77;19.16;1
2026.07.20;18.65;19.17;1
2026.07.21;17.05;19.19;1
2026.07.22;16.64;19.20;1
2026.07.23;18.70;19.22;1
2026.07.24;18.58;19.24;1
2026.07.25;18.58;19.26;1
2026.07.26;18.58;19.27;1
2026.07.27;18.67;19.29;1
2026.07.28;18.21;19.31;1
2026.07.29;20.66;19.34;0
2026.07.30;17.09;19.35;1
2026.07.31;15.99;19.35;1
2026.08.01;15.99;19.35;1
2026.08.02;15.99;19.35;1
2026.08.03;15.86;19.35;1
2026.08.04;16.50;19.35;1
2026.08.05;15.81;19.35;1
2026.08.06;15.15;19.35;1
2026.08.07;14.90;19.35;1
2026.08.08;14.90;19.32;1
2026.08.09;14.90;19.31;1
2026.08.10;15.46;19.31;1
2026.08.11;15.28;19.30;1
2026.08.12;14.55;19.30;1
2026.08.13;14.63;19.29;1
2026.08.14;14.25;19.28;1
2026.08.15;14.25;19.27;1
2026.08.16;14.25;19.26;1
2026.08.17;15.19;19.25;1
2026.08.18;15.84;19.24;1
2026.08.19;14.89;19.23;1
2026.08.20;16.01;19.22;1
2026.08.21;15.13;19.22;1
2026.08.22;15.13;19.20;1
2026.08.23;15.13;19.18;1
2026.08.24;15.85;19.16;1
2026.08.25;15.45;19.13;1
2026.08.26;15.21;19.10;1
2026.08.27;14.51;19.08;1
2026.08.28;14.43;19.06;1
2026.08.29;14.43;19.04;1
2026.08.30;14.43;19.03;1
2026.08.31;14.92;19.00;1
2026.09.01;16.34;18.98;1
2026.09.02;15.20;18.95;1
2026.09.03;14.32;18.92;1
2026.09.04;14.53;18.89;1
2026.09.05;14.53;18.86;1
2026.09.06;14.53;18.83;1
2026.09.07;15.30;18.81;1
2026.09.08;15.72;18.79;1
