fecha;vxn;sma200;reg
2001.08.10;48.52;62.31;1
2001.08.11;48.52;62.26;1
2001.08.12;48.52;62.20;1
2001.08.13;47.49;62.12;1
2001.08.14;48.44;62.05;1
2001.08.15;48.37;61.98;1
2001.08.16;50.98;61.92;1
2001.08.17;52.02;61.87;1
2001.08.18;52.02;61.82;1
2001.08.19;52.02;61.77;1
2001.08.20;51.64;61.72;1
2001.08.21;52.54;61.67;1
2001.08.22;51.09;61.60;1
2001.08.23;49.26;61.53;1
2001.08.24;47.70;61.46;1
2001.08.25;47.70;61.39;1
2001.08.26;47.70;61.32;1
2001.08.27;47.22;61.24;1
2001.08.28;48.74;61.16;1
2001.08.29;49.28;61.08;1
2001.08.30;52.28;61.01;1
2001.08.31;52.86;60.96;1
2001.09.01;52.86;60.89;1
2001.09.02;52.86;60.82;1
2001.09.03;52.86;60.77;1
2001.09.04;57.15;60.74;1
2001.09.05;58.73;60.71;1
2001.09.06;62.01;60.69;0
2001.09.07;65.45;60.70;0
2001.09.08;65.45;60.69;0
2001.09.09;65.45;60.67;0
2001.09.10;63.84;60.63;0
2001.09.11;63.84;60.59;0
2001.09.12;63.84;60.55;0
2001.09.13;63.84;60.51;0
2001.09.14;63.84;60.48;0
2001.09.15;63.84;60.43;0
2001.09.16;63.84;60.37;0
2001.09.17;73.26;60.36;0
2001.09.18;74.74;60.35;0
2001.09.19;76.93;60.34;0
2001.09.20;82.49;60.37;0
2001.09.21;77.73;60.39;0
2001.09.22;77.73;60.44;0
2001.09.23;77.73;60.49;0
2001.09.24;69.41;60.50;0
2001.09.25;67.57;60.48;0
2001.09.26;65.94;60.46;0
2001.09.27;65.91;60.44;0
2001.09.28;65.19;60.38;0
2001.09.29;65.19;60.34;0
2001.09.30;65.19;60.30;0
2001.10.01;64.94;60.25;0
2001.10.02;63.84;60.18;0
2001.10.03;62.17;60.11;0
2001.10.04;61.94;60.04;0
2001.10.05;63.35;59.99;0
2001.10.06;63.35;59.94;0
2001.10.07;63.35;59.90;0
2001.10.08;66.13;59.87;0
2001.10.09;66.26;59.85;0
2001.10.10;66.19;59.82;0
2001.10.11;61.64;59.78;0
2001.10.12;65.98;59.76;0
2001.10.13;65.98;59.76;0
2001.10.14;65.98;59.75;0
2001.10.15;66.24;59.71;0
2001.10.16;64.01;59.67;0
2001.10.17;67.11;59.65;0
2001.10.18;70.69;59.64;0
2001.10.19;69.28;59.63;0
2001.10.20;69.28;59.60;0
2001.10.21;69.28;59.56;0
2001.10.22;67.36;59.52;0
2001.10.23;63.73;59.44;0
2001.10.24;61.91;59.35;0
2001.10.25;56.93;59.24;1
2001.10.26;56.91;59.14;1
2001.10.27;56.91;59.06;1
2001.10.28;56.91;58.97;1
2001.10.29;60.29;58.94;0
2001.10.30;63.41;58.92;0
2001.10.31;62.35;58.90;0
2001.11.01;61.18;58.88;0
2001.11.02;61.19;58.81;0
2001.11.03;61.19;58.75;0
2001.11.04;61.19;58.71;0
2001.11.05;58.96;58.65;0
2001.11.06;57.31;58.56;1
2001.11.07;57.18;58.47;1
2001.11.08;58.75;58.40;0
2001.11.09;58.59;58.30;0
2001.11.10;58.59;58.19;0
2001.11.11;58.59;58.08;0
2001.11.12;58.99;57.99;0
2001.11.13;55.94;57.91;1
2001.11.14;56.38;57.84;1
2001.11.15;57.45;57.77;1
2001.11.16;55.01;57.70;1
2001.11.17;55.01;57.65;1
2001.11.18;55.01;57.60;1
2001.11.19;50.83;57.51;1
2001.11.20;51.41;57.44;1
2001.11.21;52.68;57.37;1
2001.11.22;52.68;57.30;1
2001.11.23;50.81;57.24;1
2001.11.24;50.81;57.18;1
2001.11.25;50.81;57.10;1
2001.11.26;48.22;57.01;1
2001.11.27;49.27;56.93;1
2001.11.28;52.21;56.86;1
2001.11.29;48.91;56.78;1
2001.11.30;48.45;56.69;1
2001.12.01;48.45;56.62;1
2001.12.02;48.45;56.56;1
2001.12.03;49.74;56.51;1
2001.12.04;48.04;56.49;1
2001.12.05;47.44;56.46;1
2001.12.06;48.39;56.44;1
2001.12.07;50.18;56.42;1
2001.12.08;50.18;56.41;1
2001.12.09;50.18;56.39;1
2001.12.10;52.12;56.38;1
2001.12.11;50.73;56.38;1
2001.12.12;48.09;56.35;1
2001.12.13;52.15;56.35;1
2001.12.14;52.79;56.35;1
2001.12.15;52.79;56.34;1
2001.12.16;52.79;56.30;1
2001.12.17;51.07;56.26;1
2001.12.18;49.05;56.22;1
2001.12.19;49.68;56.18;1
2001.12.20;52.91;56.16;1
2001.12.21;50.96;56.13;1
2001.12.22;50.96;56.12;1
2001.12.23;50.96;56.10;1
2001.12.24;49.44;56.08;1
2001.12.25;49.44;56.07;1
2001.12.26;49.06;56.05;1
2001.12.27;47.46;56.02;1
2001.12.28;45.94;55.98;1
2001.12.29;45.94;55.94;1
2001.12.30;45.94;55.88;1
2001.12.31;47.26;55.82;1
2002.01.01;47.26;55.75;1
2002.01.02;48.05;55.69;1
2002.01.03;47.07;55.62;1
2002.01.04;46.86;55.57;1
2002.01.05;46.86;55.53;1
2002.01.06;46.86;55.49;1
2002.01.07;47.89;55.47;1
2002.01.08;47.41;55.45;1
2002.01.09;48.35;55.43;1
2002.01.10;48.66;55.42;1
2002.01.11;48.37;55.39;1
2002.01.12;48.37;55.37;1
2002.01.13;48.37;55.35;1
2002.01.14;49.51;55.35;1
2002.01.15;48.02;55.37;1
2002.01.16;49.43;55.39;1
2002.01.17;46.97;55.39;1
2002.01.18;48.89;55.42;1
2002.01.19;48.89;55.44;1
2002.01.20;48.89;55.45;1
2002.01.21;48.89;55.45;1
2002.01.22;50.37;55.44;1
2002.01.23;48.15;55.42;1
2002.01.24;47.37;55.40;1
2002.01.25;45.67;55.37;1
2002.01.26;45.67;55.32;1
2002.01.27;45.67;55.26;1
2002.01.28;42.96;55.21;1
2002.01.29;45.90;55.17;1
2002.01.30;44.67;55.13;1
2002.01.31;42.46;55.07;1
2002.02.01;43.08;55.02;1
2002.02.02;43.08;54.96;1
2002.02.03;43.08;54.89;1
2002.02.04;45.84;54.85;1
2002.02.05;46.74;54.81;1
2002.02.06;49.06;54.79;1
2002.02.07;51.11;54.78;1
2002.02.08;49.28;54.75;1
2002.02.09;49.28;54.71;1
2002.02.10;49.28;54.68;1
2002.02.11;46.41;54.65;1
2002.02.12;45.45;54.62;1
2002.02.13;44.47;54.58;1
2002.02.14;42.22;54.53;1
2002.02.15;44.99;54.51;1
2002.02.16;44.99;54.49;1
2002.02.17;44.99;54.48;1
2002.02.18;44.99;54.46;1
2002.02.19;47.23;54.45;1
2002.02.20;46.70;54.45;1
2002.02.21;48.08;54.44;1
2002.02.22;48.57;54.44;1
2002.02.23;48.57;54.44;1
2002.02.24;48.57;54.44;1
2002.02.25;44.07;54.42;1
2002.02.26;44.77;54.40;1
2002.02.27;45.76;54.39;1
2002.02.28;46.19;54.38;1
2002.03.01;41.94;54.35;1
2002.03.02;41.94;54.32;1
2002.03.03;41.94;54.29;1
2002.03.04;40.79;54.23;1
2002.03.05;42.28;54.19;1
2002.03.06;42.73;54.14;1
2002.03.07;43.76;54.10;1
2002.03.08;41.62;54.05;1
2002.03.09;41.62;53.99;1
2002.03.10;41.62;53.95;1
2002.03.11;42.05;53.91;1
2002.03.12;43.01;53.89;1
2002.03.13;43.26;53.86;1
2002.03.14;42.33;53.84;1
2002.03.15;40.26;53.80;1
2002.03.16;40.26;53.76;1
2002.03.17;40.26;53.72;1
2002.03.18;38.75;53.65;1
2002.03.19;38.99;53.58;1
2002.03.20;38.16;53.50;1
2002.03.21;36.98;53.43;1
2002.03.22;37.56;53.35;1
2002.03.23;37.56;53.25;1
2002.03.24;37.56;53.14;1
2002.03.25;39.18;53.03;1
2002.03.26;37.68;52.89;1
2002.03.27;37.16;52.75;1
2002.03.28;36.28;52.60;1
2002.03.29;36.28;52.47;1
2002.03.30;36.28;52.33;1
2002.03.31;36.28;52.19;1
2002.04.01;36.45;52.05;1
2002.04.02;39.32;51.93;1
2002.04.03;41.03;51.82;1
2002.04.04;40.22;51.70;1
2002.04.05;40.82;51.54;1
2002.04.06;40.82;51.37;1
2002.04.07;40.82;51.19;1
2002.04.08;40.28;50.98;1
2002.04.09;42.46;50.80;1
2002.04.10;42.07;50.62;1
2002.04.11;43.67;50.45;1
2002.04.12;42.81;50.32;1
2002.04.13;42.81;50.19;1
2002.04.14;42.81;50.08;1
2002.04.15;41.87;49.96;1
2002.04.16;39.43;49.83;1
2002.04.17;39.29;49.70;1
2002.04.18;39.34;49.57;1
2002.04.19;39.35;49.44;1
2002.04.20;39.35;49.32;1
2002.04.21;39.35;49.21;1
2002.04.22;39.06;49.09;1
2002.04.23;39.93;48.97;1
2002.04.24;40.18;48.86;1
2002.04.25;40.17;48.74;1
2002.04.26;42.24;48.62;1
2002.04.27;42.24;48.50;1
2002.04.28;42.24;48.38;1
2002.04.29;45.12;48.30;1
2002.04.30;43.76;48.19;1
2002.05.01;43.91;48.08;1
2002.05.02;44.52;47.97;1
2002.05.03;46.26;47.87;1
2002.05.04;46.26;47.78;1
2002.05.05;46.26;47.68;1
2002.05.06;49.12;47.57;0
2002.05.07;50.12;47.48;0
2002.05.08;45.81;47.36;1
2002.05.09;48.08;47.25;0
2002.05.10;50.73;47.17;0
2002.05.11;50.73;47.10;0
2002.05.12;50.73;47.05;0
2002.05.13;46.12;46.99;1
2002.05.14;44.34;46.93;1
2002.05.15;45.40;46.87;1
2002.05.16;44.52;46.81;1
2002.05.17;42.94;46.73;1
2002.05.18;42.94;46.62;1
2002.05.19;42.94;46.53;1
2002.05.20;42.88;46.43;1
2002.05.21;44.65;46.35;1
2002.05.22;44.70;46.27;1
2002.05.23;43.20;46.18;1
2002.05.24;42.86;46.10;1
2002.05.25;42.86;46.03;1
2002.05.26;42.86;45.96;1
2002.05.27;42.86;45.88;1
2002.05.28;45.11;45.81;1
2002.05.29;45.70;45.74;1
2002.05.30;46.62;45.68;0
2002.05.31;45.89;45.62;0
2002.06.01;45.89;45.57;0
2002.06.02;45.89;45.52;0
2002.06.03;47.65;45.47;0
2002.06.04;49.66;45.44;0
2002.06.05;48.02;45.40;0
2002.06.06;49.76;45.38;0
2002.06.07;52.24;45.39;0
2002.06.08;52.24;45.39;0
2002.06.09;52.24;45.39;0
2002.06.10;52.57;45.39;0
2002.06.11;53.12;45.40;0
2002.06.12;52.86;45.41;0
2002.06.13;54.30;45.43;0
2002.06.14;55.67;45.46;0
2002.06.15;55.67;45.50;0
2002.06.16;55.67;45.51;0
2002.06.17;54.98;45.54;0
2002.06.18;54.55;45.57;0
2002.06.19;55.24;45.61;0
2002.06.20;57.93;45.66;0
2002.06.21;59.30;45.70;0
2002.06.22;59.30;45.76;0
2002.06.23;59.30;45.82;0
2002.06.24;58.65;45.87;0
2002.06.25;59.88;45.92;0
2002.06.26;64.36;45.99;0
2002.06.27;63.16;46.05;0
2002.06.28;57.95;46.08;0
2002.06.29;57.95;46.12;0
2002.06.30;57.95;46.17;0
2002.07.01;57.45;46.20;0
2002.07.02;59.57;46.23;0
2002.07.03;60.06;46.27;0
2002.07.04;60.06;46.30;0
2002.07.05;56.28;46.33;0
2002.07.06;56.28;46.36;0
2002.07.07;56.28;46.40;0
2002.07.08;59.29;46.43;0
2002.07.09;62.12;46.48;0
2002.07.10;65.22;46.56;0
2002.07.11;68.99;46.65;0
2002.07.12;66.00;46.73;0
2002.07.13;66.00;46.81;0
2002.07.14;66.00;46.90;0
2002.07.15;67.85;47.00;0
2002.07.16;67.94;47.11;0
2002.07.17;63.23;47.19;0
2002.07.18;63.61;47.28;0
2002.07.19;61.17;47.35;0
2002.07.20;61.17;47.42;0
2002.07.21;61.17;47.49;0
2002.07.22;62.58;47.57;0
2002.07.23;66.39;47.66;0
2002.07.24;65.70;47.76;0
2002.07.25;69.48;47.87;0
2002.07.26;69.02;47.98;0
2002.07.27;69.02;48.08;0
2002.07.28;69.02;48.19;0
2002.07.29;57.57;48.23;0
2002.07.30;56.46;48.27;0
2002.07.31;57.86;48.32;0
2002.08.01;60.35;48.38;0
2002.08.02;65.44;48.46;0
2002.08.03;65.44;48.55;0
2002.08.04;65.44;48.63;0
2002.08.05;67.52;48.73;0
2002.08.06;64.18;48.81;0
2002.08.07;68.84;48.91;0
2002.08.08;59.35;48.96;0
2002.08.09;58.70;49.01;0
2002.08.10;58.70;49.05;0
2002.08.11;58.70;49.10;0
2002.08.12;56.29;49.15;0
2002.08.13;57.68;49.21;0
2002.08.14;53.28;49.24;0
2002.08.15;51.24;49.27;0
2002.08.16;50.65;49.31;0
2002.08.17;50.65;49.33;0
2002.08.18;50.65;49.36;0
2002.08.19;47.02;49.39;1
2002.08.20;47.71;49.41;1
2002.08.21;46.11;49.43;1
2002.08.22;45.00;49.43;1
2002.08.23;47.62;49.44;1
2002.08.24;47.62;49.45;1
2002.08.25;47.62;49.44;1
2002.08.26;48.42;49.43;1
2002.08.27;50.01;49.43;0
2002.08.28;53.52;49.45;0
2002.08.29;55.05;49.48;0
2002.08.30;54.98;49.52;0
2002.08.31;54.98;49.57;0
2002.09.01;54.98;49.62;0
2002.09.02;54.98;49.69;0
2002.09.03;58.79;49.76;0
2002.09.04;57.42;49.82;0
2002.09.05;60.72;49.90;0
2002.09.06;56.54;49.96;0
2002.09.07;56.54;50.00;0
2002.09.08;56.54;50.05;0
2002.09.09;55.47;50.09;0
2002.09.10;53.07;50.11;0
2002.09.11;54.00;50.14;0
2002.09.12;56.44;50.18;0
2002.09.13;55.85;50.24;0
2002.09.14;55.85;50.29;0
2002.09.15;55.85;50.34;0
2002.09.16;57.73;50.40;0
2002.09.17;60.39;50.49;0
2002.09.18;59.33;50.58;0
2002.09.19;62.76;50.68;0
2002.09.20;59.08;50.77;0
2002.09.21;59.08;50.86;0
2002.09.22;59.08;50.94;0
2002.09.23;59.85;51.02;0
2002.09.24;59.40;51.11;0
2002.09.25;56.69;51.18;0
2002.09.26;59.09;51.27;0
2002.09.27;57.86;51.35;0
2002.09.28;57.86;51.43;0
2002.09.29;57.86;51.50;0
2002.09.30;58.35;51.58;0
2002.10.01;57.24;51.66;0
2002.10.02;58.15;51.75;0
2002.10.03;58.21;51.84;0
2002.10.04;60.28;51.95;0
2002.10.05;60.28;52.06;0
2002.10.06;60.28;52.17;0
2002.10.07;62.32;52.29;0
2002.10.08;61.16;52.41;0
2002.10.09;62.38;52.54;0
2002.10.10;62.82;52.66;0
2002.10.11;58.87;52.76;0
2002.10.12;58.87;52.87;0
2002.10.13;58.87;52.98;0
2002.10.14;59.08;53.09;0
2002.10.15;56.37;53.19;0
2002.10.16;56.87;53.29;0
2002.10.17;56.22;53.39;0
2002.10.18;55.33;53.49;0
2002.10.19;55.33;53.57;0
2002.10.20;55.33;53.64;0
2002.10.21;52.34;53.70;1
2002.10.22;53.61;53.76;1
2002.10.23;52.37;53.82;1
2002.10.24;54.58;53.89;0
2002.10.25;50.39;53.94;1
2002.10.26;50.39;53.98;1
2002.10.27;50.39;54.02;1
2002.10.28;51.52;54.06;1
2002.10.29;52.47;54.11;1
2002.10.30;51.29;54.15;1
2002.10.31;52.99;54.20;1
2002.11.01;49.86;54.24;1
2002.11.02;49.86;54.29;1
2002.11.03;49.86;54.35;1
2002.11.04;49.22;54.40;1
2002.11.05;51.20;54.46;1
2002.11.06;50.06;54.51;1
2002.11.07;53.90;54.58;1
2002.11.08;52.01;54.65;1
2002.11.09;52.01;54.71;1
2002.11.10;52.01;54.77;1
2002.11.11;55.71;54.84;0
2002.11.12;55.25;54.91;0
2002.11.13;54.46;54.97;1
2002.11.14;52.40;55.02;1
2002.11.15;49.68;55.04;1
2002.11.16;49.68;55.07;1
2002.11.17;49.68;55.10;1
2002.11.18;48.09;55.12;1
2002.11.19;45.52;55.12;1
2002.11.20;44.82;55.11;1
2002.11.21;44.70;55.10;1
2002.11.22;46.49;55.09;1
2002.11.23;46.49;55.07;1
2002.11.24;46.49;55.07;1
2002.11.25;45.68;55.06;1
2002.11.26;47.99;55.05;1
2002.11.27;47.42;55.03;1
2002.11.28;47.42;55.01;1
2002.11.29;49.48;55.03;1
2002.11.30;49.48;55.06;1
2002.12.01;49.48;55.08;1
2002.12.02;50.16;55.11;1
2002.12.03;51.99;55.15;1
2002.12.04;53.55;55.20;1
2002.12.05;54.16;55.26;1
2002.12.06;52.28;55.31;1
2002.12.07;52.28;55.35;1
2002.12.08;52.28;55.38;1
2002.12.09;52.98;55.43;1
2002.12.10;51.75;55.48;1
2002.12.11;51.62;55.52;1
2002.12.12;51.05;55.56;1
2002.12.13;50.92;55.60;1
2002.12.14;50.92;55.63;1
2002.12.15;50.92;55.66;1
2002.12.16;49.84;55.67;1
2002.12.17;48.14;55.68;1
2002.12.18;49.64;55.70;1
2002.12.19;49.47;55.72;1
2002.12.20;48.51;55.73;1
2002.12.21;48.51;55.72;1
2002.12.22;48.51;55.72;1
2002.12.23;45.89;55.70;1
2002.12.24;45.13;55.67;1
2002.12.25;45.13;55.63;1
2002.12.26;45.36;55.60;1
2002.12.27;46.71;55.57;1
2002.12.28;46.71;55.54;1
2002.12.29;46.71;55.50;1
2002.12.30;46.49;55.47;1
2002.12.31;46.94;55.42;1
2003.01.01;46.94;55.38;1
2003.01.02;47.05;55.34;1
2003.01.03;45.71;55.29;1
2003.01.04;45.71;55.24;1
2003.01.05;45.71;55.20;1
2003.01.06;43.45;55.12;1
2003.01.07;42.96;55.04;1
2003.01.08;44.56;54.97;1
2003.01.09;42.99;54.89;1
2003.01.10;42.28;54.81;1
2003.01.11;42.28;54.72;1
2003.01.12;42.28;54.61;1
2003.01.13;41.74;54.50;1
2003.01.14;41.92;54.42;1
2003.01.15;43.45;54.35;1
2003.01.16;44.80;54.28;1
2003.01.17;42.84;54.21;1
2003.01.18;42.84;54.13;1
2003.01.19;42.84;54.04;1
2003.01.20;42.84;53.95;1
2003.01.21;43.24;53.89;1
2003.01.22;44.16;53.83;1
2003.01.23;43.27;53.76;1
2003.01.24;45.05;53.69;1
2003.01.25;45.05;53.61;1
2003.01.26;45.05;53.50;1
2003.01.27;46.59;53.39;1
2003.01.28;46.73;53.30;1
2003.01.29;43.64;53.18;1
2003.01.30;46.22;53.09;1
2003.01.31;46.81;52.98;1
2003.02.01;46.81;52.88;1
2003.02.02;46.81;52.79;1
2003.02.03;46.04;52.71;1
2003.02.04;48.31;52.64;1
2003.02.05;48.51;52.58;1
2003.02.06;48.62;52.51;1
2003.02.07;48.26;52.44;1
2003.02.08;48.26;52.35;1
2003.02.09;48.26;52.27;1
2003.02.10;47.31;52.15;1
2003.02.11;46.90;52.04;1
2003.02.12;47.43;51.94;1
2003.02.13;50.97;51.85;1
2003.02.14;48.38;51.80;1
2003.02.15;48.38;51.76;1
2003.02.16;48.38;51.71;1
2003.02.17;48.38;51.65;1
2003.02.18;48.40;51.57;1
2003.02.19;47.63;51.48;1
2003.02.20;48.56;51.39;1
2003.02.21;46.10;51.29;1
2003.02.22;46.10;51.20;1
2003.02.23;46.10;51.08;1
2003.02.24;44.88;51.01;1
2003.02.25;44.33;50.94;1
2003.02.26;46.97;50.88;1
2003.02.27;46.16;50.82;1
2003.02.28;45.66;50.76;1
2003.03.01;45.66;50.70;1
2003.03.02;45.66;50.67;1
2003.03.03;45.83;50.64;1
2003.03.04;44.97;50.61;1
2003.03.05;44.34;50.58;1
2003.03.06;45.65;50.55;1
2003.03.07;46.39;50.55;1
2003.03.08;46.39;50.54;1
2003.03.09;46.39;50.54;1
2003.03.10;47.03;50.56;1
2003.03.11;47.53;50.55;1
2003.03.12;47.50;50.55;1
2003.03.13;44.98;50.54;1
2003.03.14;45.80;50.53;1
2003.03.15;45.80;50.51;1
2003.03.16;45.80;50.47;1
2003.03.17;46.67;50.43;1
2003.03.18;48.02;50.39;1
2003.03.19;48.20;50.36;1
2003.03.20;48.48;50.33;1
2003.03.21;45.78;50.28;1
2003.03.22;45.78;50.21;1
2003.03.23;45.78;50.16;1
2003.03.24;46.36;50.08;1
2003.03.25;45.00;50.03;1
2003.03.26;43.94;49.96;1
2003.03.27;43.87;49.90;1
2003.03.28;43.09;49.84;1
2003.03.29;43.09;49.79;1
2003.03.30;43.09;49.73;1
2003.03.31;43.05;49.67;1
2003.04.01;41.97;49.60;1
2003.04.02;41.60;49.53;1
2003.04.03;42.09;49.46;1
2003.04.04;42.85;49.38;1
2003.04.05;42.85;49.30;1
2003.04.06;42.85;49.21;1
2003.04.07;41.44;49.11;1
2003.04.08;40.92;49.02;1
2003.04.09;41.45;48.93;1
2003.04.10;40.33;48.83;1
2003.04.11;39.62;48.73;1
2003.04.12;39.62;48.63;1
2003.04.13;39.62;48.55;1
2003.04.14;39.51;48.45;1
2003.04.15;36.50;48.34;1
2003.04.16;37.05;48.24;1
2003.04.17;35.88;48.13;1
2003.04.18;35.88;48.02;1
2003.04.19;35.88;47.91;1
2003.04.20;35.88;47.80;1
2003.04.21;35.49;47.69;1
2003.04.22;33.65;47.55;1
2003.04.23;33.13;47.42;1
2003.04.24;33.68;47.28;1
2003.04.25;33.70;47.14;1
2003.04.26;33.70;47.00;1
2003.04.27;33.70;46.86;1
2003.04.28;32.68;46.71;1
2003.04.29;32.58;46.58;1
2003.04.30;32.67;46.45;1
2003.05.01;32.49;46.31;1
2003.05.02;32.36;46.18;1
2003.05.03;32.36;46.06;1
2003.05.04;32.36;45.94;1
2003.05.05;31.69;45.82;1
2003.05.06;32.13;45.70;1
2003.05.07;32.00;45.58;1
2003.05.08;33.29;45.47;1
2003.05.09;32.09;45.37;1
2003.05.10;32.09;45.26;1
2003.05.11;32.09;45.16;1
2003.05.12;32.58;45.05;1
2003.05.13;32.84;44.96;1
2003.05.14;33.14;44.88;1
2003.05.15;32.18;44.79;1
2003.05.16;31.02;44.68;1
2003.05.17;31.02;44.58;1
2003.05.18;31.02;44.48;1
2003.05.19;31.10;44.37;1
2003.05.20;32.22;44.28;1
2003.05.21;30.88;44.18;1
2003.05.22;30.11;44.09;1
2003.05.23;29.73;43.99;1
2003.05.24;29.73;43.88;1
2003.05.25;29.73;43.78;1
2003.05.26;29.73;43.66;1
2003.05.27;29.28;43.54;1
2003.05.28;30.22;43.44;1
2003.05.29;31.42;43.33;1
2003.05.30;31.66;43.21;1
2003.05.31;31.66;43.09;1
2003.06.01;31.66;42.98;1
2003.06.02;33.63;42.89;1
2003.06.03;33.51;42.81;1
2003.06.04;33.01;42.72;1
2003.06.05;34.53;42.65;1
2003.06.06;36.13;42.59;1
2003.06.07;36.13;42.54;1
2003.06.08;36.13;42.50;1
2003.06.09;37.43;42.46;1
2003.06.10;34.00;42.40;1
2003.06.11;33.74;42.33;1
2003.06.12;34.01;42.27;1
2003.06.13;34.46;42.21;1
2003.06.14;34.46;42.15;1
2003.06.15;34.46;42.08;1
2003.06.16;33.79;42.01;1
2003.06.17;33.61;41.94;1
2003.06.18;33.15;41.85;1
2003.06.19;33.86;41.78;1
2003.06.20;32.34;41.69;1
2003.06.21;32.34;41.59;1
2003.06.22;32.34;41.48;1
2003.06.23;31.80;41.37;1
2003.06.24;32.43;41.27;1
2003.06.25;31.75;41.17;1
2003.06.26;30.91;41.06;1
2003.06.27;30.93;40.95;1
2003.06.28;30.93;40.85;1
2003.06.29;30.93;40.74;1
2003.06.30;31.23;40.64;1
2003.07.01;30.22;40.54;1
2003.07.02;31.05;40.44;1
2003.07.03;32.47;40.35;1
2003.07.04;32.47;40.26;1
2003.07.05;32.47;40.18;1
2003.07.06;32.47;40.10;1
2003.07.07;33.51;40.02;1
2003.07.08;33.49;39.94;1
2003.07.09;33.22;39.87;1
2003.07.10;33.66;39.79;1
2003.07.11;32.80;39.73;1
2003.07.12;32.80;39.67;1
2003.07.13;32.80;39.60;1
2003.07.14;33.89;39.55;1
2003.07.15;33.95;39.48;1
2003.07.16;33.99;39.42;1
2003.07.17;35.47;39.36;1
2003.07.18;33.41;39.30;1
2003.07.19;33.41;39.23;1
2003.07.20;33.41;39.16;1
2003.07.21;33.07;39.09;1
2003.07.22;32.45;39.03;1
2003.07.23;30.78;38.95;1
2003.07.24;31.45;38.88;1
2003.07.25;30.04;38.81;1
2003.07.26;30.04;38.75;1
2003.07.27;30.04;38.68;1
2003.07.28;30.40;38.61;1
2003.07.29;30.16;38.55;1
2003.07.30;30.86;38.50;1
2003.07.31;31.22;38.44;1
2003.08.01;32.48;38.39;1
2003.08.02;32.48;38.35;1
2003.08.03;32.48;38.29;1
2003.08.04;32.65;38.23;1
2003.08.05;34.23;38.19;1
2003.08.06;34.42;38.15;1
2003.08.07;34.02;38.10;1
2003.08.08;32.03;38.05;1
2003.08.09;32.03;37.99;1
2003.08.10;32.03;37.93;1
2003.08.11;32.12;37.88;1
2003.08.12;30.21;37.80;1
2003.08.13;30.27;37.73;1
2003.08.14;29.27;37.65;1
2003.08.15;29.21;37.56;1
2003.08.16;29.21;37.47;1
2003.08.17;29.21;37.40;1
2003.08.18;26.62;37.30;1
2003.08.19;26.50;37.20;1
2003.08.20;27.64;37.11;1
2003.08.21;28.28;37.01;1
2003.08.22;29.47;36.93;1
2003.08.23;29.47;36.84;1
2003.08.24;29.47;36.74;1
2003.08.25;29.34;36.64;1
2003.08.26;29.75;36.55;1
2003.08.27;30.05;36.46;1
2003.08.28;30.31;36.37;1
2003.08.29;29.52;36.28;1
2003.08.30;29.52;36.20;1
2003.08.31;29.52;36.11;1
2003.09.01;29.52;36.00;1
2003.09.02;30.06;35.91;1
2003.09.03;31.19;35.82;1
2003.09.04;30.91;35.73;1
2003.09.05;30.70;35.65;1
2003.09.06;30.70;35.56;1
2003.09.07;30.70;35.47;1
2003.09.08;29.55;35.38;1
2003.09.09;30.38;35.30;1
2003.09.10;33.16;35.23;1
2003.09.11;32.97;35.17;1
2003.09.12;32.68;35.11;1
2003.09.13;32.68;35.05;1
2003.09.14;32.68;34.98;1
2003.09.15;32.93;34.91;1
2003.09.16;31.66;34.84;1
2003.09.17;31.75;34.77;1
2003.09.18;29.75;34.69;1
2003.09.19;29.74;34.61;1
2003.09.20;29.74;34.54;1
2003.09.21;29.74;34.46;1
2003.09.22;27.94;34.37;1
2003.09.23;26.98;34.28;1
2003.09.24;29.36;34.19;1
2003.09.25;30.65;34.11;1
2003.09.26;30.88;34.03;1
2003.09.27;30.88;33.95;1
2003.09.28;30.88;33.87;1
2003.09.29;30.66;33.79;1
2003.09.30;32.83;33.73;1
2003.10.01;31.33;33.66;1
2003.10.02;31.25;33.58;1
2003.10.03;29.20;33.50;1
2003.10.04;29.20;33.40;1
2003.10.05;29.20;33.31;1
2003.10.06;29.42;33.21;1
2003.10.07;29.30;33.13;1
2003.10.08;29.16;33.05;1
2003.10.09;28.84;32.96;1
2003.10.10;27.62;32.87;1
2003.10.11;27.62;32.78;1
2003.10.12;27.62;32.70;1
2003.10.13;26.77;32.62;1
2003.10.14;26.49;32.53;1
2003.10.15;26.77;32.45;1
2003.10.16;25.47;32.36;1
2003.10.17;25.33;32.27;1
2003.10.18;25.33;32.19;1
2003.10.19;25.33;32.11;1
2003.10.20;24.78;32.02;1
2003.10.21;24.35;31.93;1
2003.10.22;25.68;31.84;1
2003.10.23;26.09;31.76;1
2003.10.24;25.45;31.68;1
2003.10.25;25.45;31.60;1
2003.10.26;25.45;31.52;1
2003.10.27;26.12;31.45;1
2003.10.28;25.00;31.38;1
2003.10.29;24.72;31.30;1
2003.10.30;24.74;31.23;1
2003.10.31;24.89;31.16;1
2003.11.01;24.89;31.10;1
2003.11.02;24.89;31.04;1
2003.11.03;25.38;30.99;1
2003.11.04;25.69;30.93;1
2003.11.05;25.20;30.88;1
2003.11.06;25.35;30.83;1
2003.11.07;25.20;30.78;1
2003.11.08;25.20;30.73;1
2003.11.09;25.20;30.70;1
2003.11.10;26.49;30.66;1
2003.11.11;26.55;30.62;1
2003.11.12;25.55;30.58;1
2003.11.13;25.45;30.54;1
2003.11.14;26.16;30.51;1
2003.11.15;26.16;30.48;1
2003.11.16;26.16;30.44;1
2003.11.17;27.81;30.42;1
2003.11.18;29.65;30.41;1
2003.11.19;29.96;30.40;1
2003.11.20;30.49;30.39;0
2003.11.21;29.08;30.37;1
2003.11.22;29.08;30.36;1
2003.11.23;29.08;30.34;1
2003.11.24;27.07;30.31;1
2003.11.25;25.99;30.28;1
2003.11.26;25.63;30.25;1
2003.11.27;25.63;30.22;1
2003.11.28;25.63;30.18;1
2003.11.29;25.63;30.15;1
2003.11.30;25.63;30.11;1
2003.12.01;26.29;30.08;1
2003.12.02;26.72;30.06;1
2003.12.03;27.34;30.04;1
2003.12.04;26.81;30.02;1
2003.12.05;27.05;30.00;1
2003.12.06;27.05;29.97;1
2003.12.07;27.05;29.95;1
2003.12.08;27.55;29.94;1
2003.12.09;28.32;29.93;1
2003.12.10;27.84;29.92;1
2003.12.11;26.15;29.91;1
2003.12.12;25.86;29.89;1
2003.12.13;25.86;29.87;1
2003.12.14;25.86;29.85;1
2003.12.15;27.07;29.83;1
2003.12.16;26.15;29.80;1
2003.12.17;25.12;29.77;1
2003.12.18;24.53;29.73;1
2003.12.19;24.89;29.69;1
2003.12.20;24.89;29.64;1
2003.12.21;24.89;29.60;1
2003.12.22;24.75;29.55;1
2003.12.23;23.49;29.49;1
2003.12.24;23.34;29.43;1
2003.12.25;23.34;29.36;1
2003.12.26;24.01;29.30;1
2003.12.27;24.01;29.25;1
2003.12.28;24.01;29.20;1
2003.12.29;23.73;29.15;1
2003.12.30;23.36;29.09;1
2003.12.31;24.49;29.04;1
2004.01.01;24.49;28.99;1
2004.01.02;24.51;28.94;1
2004.01.03;24.51;28.90;1
2004.01.04;24.51;28.86;1
2004.01.05;23.89;28.81;1
2004.01.06;22.76;28.76;1
2004.01.07;21.91;28.71;1
2004.01.08;21.89;28.65;1
2004.01.09;23.01;28.61;1
2004.01.10;23.01;28.56;1
2004.01.11;23.01;28.52;1
2004.01.12;22.56;28.48;1
2004.01.13;23.05;28.44;1
2004.01.14;23.17;28.40;1
2004.01.15;22.64;28.36;1
2004.01.16;20.24;28.30;1
2004.01.17;20.24;28.25;1
2004.01.18;20.24;28.20;1
2004.01.19;20.24;28.14;1
2004.01.20;20.49;28.08;1
2004.01.21;20.71;28.02;1
2004.01.22;21.74;27.96;1
2004.01.23;21.27;27.90;1
2004.01.24;21.27;27.84;1
2004.01.25;21.27;27.78;1
2004.01.26;20.99;27.72;1
2004.01.27;23.03;27.67;1
2004.01.28;25.16;27.63;1
2004.01.29;25.20;27.59;1
2004.01.30;25.06;27.55;1
2004.01.31;25.06;27.51;1
2004.02.01;25.06;27.46;1
2004.02.02;25.81;27.41;1
2004.02.03;26.30;27.38;1
2004.02.04;26.65;27.34;1
2004.02.05;26.17;27.31;1
2004.02.06;24.67;27.26;1
2004.02.07;24.67;27.23;1
2004.02.08;24.67;27.20;1
2004.02.09;25.21;27.16;1
2004.02.10;24.50;27.14;1
2004.02.11;23.53;27.10;1
2004.02.12;23.53;27.07;1
2004.02.13;24.14;27.04;1
2004.02.14;24.14;27.01;1
2004.02.15;24.14;26.98;1
2004.02.16;24.14;26.94;1
2004.02.17;23.87;26.90;1
2004.02.18;23.73;26.85;1
2004.02.19;24.24;26.81;1
2004.02.20;24.12;26.77;1
2004.02.21;24.12;26.72;1
2004.02.22;24.12;26.67;1
2004.02.23;24.38;26.62;1
2004.02.24;24.68;26.58;1
2004.02.25;23.55;26.54;1
2004.02.26;23.10;26.50;1
2004.02.27;22.84;26.45;1
2004.02.28;22.84;26.41;1
2004.02.29;22.84;26.38;1
2004.03.01;22.54;26.34;1
2004.03.02;22.42;26.31;1
2004.03.03;23.09;26.28;1
2004.03.04;22.50;26.24;1
2004.03.05;22.08;26.22;1
2004.03.06;22.08;26.20;1
2004.03.07;22.08;26.17;1
2004.03.08;24.08;26.15;1
2004.03.09;24.70;26.13;1
2004.03.10;26.05;26.11;1
2004.03.11;26.58;26.10;0
2004.03.12;25.30;26.07;1
2004.03.13;25.30;26.05;1
2004.03.14;25.30;26.03;1
2004.03.15;27.13;26.01;0
2004.03.16;27.34;26.00;0
2004.03.17;24.75;25.98;1
2004.03.18;24.58;25.95;1
2004.03.19;25.99;25.94;0
2004.03.20;25.99;25.92;0
2004.03.21;25.99;25.89;0
2004.03.22;27.15;25.87;0
2004.03.23;26.84;25.85;0
2004.03.24;26.06;25.83;0
2004.03.25;23.70;25.79;1
2004.03.26;23.04;25.76;1
2004.03.27;23.04;25.72;1
2004.03.28;23.04;25.67;1
2004.03.29;23.16;25.62;1
2004.03.30;23.18;25.58;1
2004.03.31;23.76;25.53;1
2004.04.01;23.41;25.49;1
2004.04.02;21.35;25.43;1
2004.04.03;21.35;25.38;1
2004.04.04;21.35;25.32;1
2004.04.05;21.11;25.28;1
2004.04.06;22.23;25.24;1
2004.04.07;21.99;25.20;1
2004.04.08;21.38;25.16;1
2004.04.09;21.38;25.13;1
2004.04.10;21.38;25.10;1
2004.04.11;21.38;25.06;1
2004.04.12;20.37;25.01;1
2004.04.13;22.23;24.97;1
2004.04.14;21.59;24.92;1
2004.04.15;22.83;24.88;1
2004.04.16;22.55;24.84;1
2004.04.17;22.55;24.79;1
2004.04.18;22.55;24.75;1
2004.04.19;21.40;24.70;1
2004.04.20;23.07;24.67;1
2004.04.21;22.82;24.63;1
2004.04.22;21.35;24.59;1
2004.04.23;20.68;24.55;1
2004.04.24;20.68;24.51;1
2004.04.25;20.68;24.46;1
2004.04.26;21.83;24.43;1
2004.04.27;21.84;24.40;1
2004.04.28;23.92;24.38;1
2004.04.29;24.90;24.37;0
2004.04.30;25.73;24.36;0
2004.05.01;25.73;24.36;0
2004.05.02;25.73;24.35;0
2004.05.03;25.72;24.36;0
2004.05.04;25.14;24.36;0
2004.05.05;24.34;24.35;1
2004.05.06;25.18;24.35;0
2004.05.07;25.50;24.35;0
2004.05.08;25.50;24.36;0
2004.05.09;25.50;24.36;0
2004.05.10;27.91;24.37;0
2004.05.11;27.75;24.38;0
2004.05.12;27.62;24.39;0
2004.05.13;28.11;24.40;0
2004.05.14;29.04;24.42;0
2004.05.15;29.04;24.44;0
2004.05.16;29.04;24.46;0
2004.05.17;29.19;24.48;0
2004.05.18;27.75;24.50;0
2004.05.19;26.09;24.50;0
2004.05.20;25.54;24.50;0
2004.05.21;24.90;24.50;0
2004.05.22;24.90;24.50;0
2004.05.23;24.90;24.50;0
2004.05.24;24.33;24.49;1
2004.05.25;22.04;24.48;1
2004.05.26;21.63;24.46;1
2004.05.27;21.50;24.44;1
2004.05.28;21.33;24.41;1
2004.05.29;21.33;24.39;1
2004.05.30;21.33;24.37;1
2004.05.31;21.33;24.35;1
2004.06.01;22.57;24.33;1
2004.06.02;22.61;24.31;1
2004.06.03;23.93;24.30;1
2004.06.04;23.84;24.28;1
2004.06.05;23.84;24.25;1
2004.06.06;23.84;24.22;1
2004.06.07;22.65;24.18;1
2004.06.08;22.26;24.15;1
2004.06.09;22.35;24.11;1
2004.06.10;21.23;24.07;1
2004.06.11;21.23;24.04;1
2004.06.12;21.23;24.02;1
2004.06.13;21.23;24.00;1
2004.06.14;22.24;23.98;1
2004.06.15;20.88;23.96;1
2004.06.16;20.39;23.93;1
2004.06.17;21.33;23.91;1
2004.06.18;20.02;23.88;1
2004.06.19;20.02;23.85;1
2004.06.20;20.02;23.81;1
2004.06.21;19.73;23.77;1
2004.06.22;19.29;23.73;1
2004.06.23;18.98;23.69;1
2004.06.24;19.36;23.66;1
2004.06.25;18.96;23.61;1
2004.06.26;18.96;23.57;1
2004.06.27;18.96;23.52;1
2004.06.28;20.59;23.49;1
2004.06.29;20.15;23.47;1
2004.06.30;19.37;23.43;1
2004.07.01;20.06;23.40;1
2004.07.02;19.89;23.37;1
2004.07.03;19.89;23.34;1
2004.07.04;19.89;23.31;1
2004.07.05;19.89;23.29;1
2004.07.06;22.11;23.27;1
2004.07.07;22.26;23.26;1
2004.07.08;22.68;23.25;1
2004.07.09;22.35;23.24;1
2004.07.10;22.35;23.23;1
2004.07.11;22.35;23.23;1
2004.07.12;21.73;23.22;1
2004.07.13;21.42;23.21;1
2004.07.14;21.64;23.19;1
2004.07.15;21.68;23.18;1
2004.07.16;20.94;23.17;1
2004.07.17;20.94;23.16;1
2004.07.18;20.94;23.14;1
2004.07.19;22.21;23.13;1
2004.07.20;20.91;23.11;1
2004.07.21;22.15;23.10;1
2004.07.22;22.44;23.09;1
2004.07.23;23.91;23.09;0
2004.07.24;23.91;23.09;0
2004.07.25;23.91;23.10;0
2004.07.26;25.29;23.12;0
2004.07.27;24.31;23.13;0
2004.07.28;24.87;23.14;0
2004.07.29;23.99;23.14;0
2004.07.30;23.31;23.14;0
2004.07.31;23.31;23.15;0
2004.08.01;23.31;23.15;0
2004.08.02;24.13;23.15;0
2004.08.03;25.08;23.18;0
2004.08.04;25.05;23.20;0
2004.08.05;26.19;23.23;0
2004.08.06;27.45;23.27;0
2004.08.07;27.45;23.30;0
2004.08.08;27.45;23.34;0
2004.08.09;27.45;23.36;0
2004.08.10;26.52;23.39;0
2004.08.11;26.96;23.42;0
2004.08.12;28.28;23.45;0
2004.08.13;27.46;23.49;0
2004.08.14;27.46;23.51;0
2004.08.15;27.46;23.52;0
2004.08.16;26.72;23.53;0
2004.08.17;25.55;23.53;0
2004.08.18;24.17;23.53;0
2004.08.19;23.91;23.52;0
2004.08.20;23.06;23.51;1
2004.08.21;23.06;23.49;1
2004.08.22;23.06;23.47;1
2004.08.23;22.54;23.45;1
2004.08.24;21.97;23.44;1
2004.08.25;21.41;23.42;1
2004.08.26;21.60;23.41;1
2004.08.27;21.27;23.39;1
2004.08.28;21.27;23.37;1
2004.08.29;21.27;23.36;1
2004.08.30;23.14;23.36;1
2004.08.31;22.92;23.35;1
2004.09.01;22.65;23.35;1
2004.09.02;21.62;23.33;1
2004.09.03;21.06;23.32;1
2004.09.04;21.06;23.30;1
2004.09.05;21.06;23.29;1
2004.09.06;21.06;23.27;1
2004.09.07;21.44;23.26;1
2004.09.08;21.28;23.25;1
2004.09.09;20.58;23.23;1
2004.09.10;19.56;23.21;1
2004.09.11;19.56;23.18;1
2004.09.12;19.56;23.16;1
2004.09.13;19.14;23.14;1
2004.09.14;19.49;23.12;1
2004.09.15;20.30;23.11;1
2004.09.16;19.92;23.10;1
2004.09.17;20.13;23.08;1
2004.09.18;20.13;23.07;1
2004.09.19;20.13;23.06;1
2004.09.20;20.56;23.05;1
2004.09.21;20.30;23.04;1
2004.09.22;21.06;23.03;1
2004.09.23;21.17;23.03;1
2004.09.24;21.10;23.01;1
2004.09.25;21.10;23.00;1
2004.09.26;21.10;22.97;1
2004.09.27;21.92;22.95;1
2004.09.28;21.36;22.93;1
2004.09.29;20.67;22.91;1
2004.09.30;20.48;22.88;1
2004.10.01;18.91;22.84;1
2004.10.02;18.91;22.80;1
2004.10.03;18.91;22.77;1
2004.10.04;19.61;22.74;1
2004.10.05;20.02;22.71;1
2004.10.06;19.77;22.68;1
2004.10.07;20.59;22.66;1
2004.10.08;20.69;22.62;1
2004.10.09;20.69;22.59;1
2004.10.10;20.69;22.57;1
2004.10.11;20.05;22.55;1
2004.10.12;20.93;22.54;1
2004.10.13;22.13;22.53;1
2004.10.14;22.30;22.53;1
2004.10.15;21.80;22.52;1
2004.10.16;21.80;22.52;1
2004.10.17;21.80;22.51;1
2004.10.18;20.72;22.49;1
2004.10.19;20.84;22.49;1
2004.10.20;20.65;22.49;1
2004.10.21;20.36;22.48;1
2004.10.22;21.36;22.48;1
2004.10.23;21.36;22.48;1
2004.10.24;21.36;22.48;1
2004.10.25;22.70;22.48;0
2004.10.26;22.47;22.49;1
2004.10.27;21.52;22.49;1
2004.10.28;21.25;22.49;1
2004.10.29;21.90;22.49;1
2004.10.30;21.90;22.49;1
2004.10.31;21.90;22.49;1
2004.11.01;22.61;22.49;0
2004.11.02;22.97;22.50;0
2004.11.03;20.82;22.49;1
2004.11.04;20.16;22.48;1
2004.11.05;19.47;22.47;1
2004.11.06;19.47;22.45;1
2004.11.07;19.47;22.43;1
2004.11.08;19.22;22.42;1
2004.11.09;19.19;22.41;1
2004.11.10;19.41;22.41;1
2004.11.11;18.92;22.40;1
2004.11.12;18.82;22.38;1
2004.11.13;18.82;22.37;1
2004.11.14;18.82;22.34;1
2004.11.15;18.50;22.31;1
2004.11.16;18.60;22.27;1
2004.11.17;18.50;22.24;1
2004.11.18;18.79;22.20;1
2004.11.19;19.72;22.17;1
2004.11.20;19.72;22.15;1
2004.11.21;19.72;22.12;1
2004.11.22;18.77;22.09;1
2004.11.23;18.43;22.06;1
2004.11.24;17.88;22.02;1
2004.11.25;17.88;21.98;1
2004.11.26;17.94;21.93;1
2004.11.27;17.94;21.88;1
2004.11.28;17.94;21.83;1
2004.11.29;18.83;21.79;1
2004.11.30;18.84;21.73;1
2004.12.01;18.24;21.68;1
2004.12.02;18.64;21.63;1
2004.12.03;18.26;21.57;1
2004.12.04;18.26;21.53;1
2004.12.05;18.26;21.49;1
2004.12.06;19.53;21.46;1
2004.12.07;20.28;21.43;1
2004.12.08;20.01;21.41;1
2004.12.09;19.84;21.38;1
2004.12.10;19.57;21.36;1
2004.12.11;19.57;21.35;1
2004.12.12;19.57;21.34;1
2004.12.13;18.78;21.32;1
2004.12.14;18.58;21.31;1
2004.12.15;18.77;21.30;1
2004.12.16;18.60;21.28;1
2004.12.17;18.21;21.27;1
2004.12.18;18.21;21.25;1
2004.12.19;18.21;21.23;1
2004.12.20;18.21;21.20;1
2004.12.21;16.94;21.16;1
2004.12.22;17.15;21.13;1
2004.12.23;16.80;21.09;1
2004.12.24;16.80;21.06;1
2004.12.25;16.80;21.04;1
2004.12.26;16.80;21.01;1
2004.12.27;18.33;20.99;1
2004.12.28;17.79;20.98;1
2004.12.29;17.72;20.96;1
2004.12.30;17.94;20.94;1
2004.12.31;18.58;20.93;1
2005.01.01;18.58;20.91;1
2005.01.02;18.58;20.90;1
2005.01.03;19.50;20.90;1
2005.01.04;20.06;20.90;1
2005.01.05;20.18;20.90;1
2005.01.06;20.13;20.90;1
2005.01.07;19.15;20.89;1
2005.01.08;19.15;20.89;1
2005.01.09;19.15;20.89;1
2005.01.10;19.61;20.90;1
2005.01.11;19.67;20.90;1
2005.01.12;19.28;20.90;1
2005.01.13;19.09;20.90;1
2005.01.14;18.57;20.89;1
2005.01.15;18.57;20.88;1
2005.01.16;18.57;20.88;1
2005.01.17;18.57;20.87;1
2005.01.18;18.75;20.87;1
2005.01.19;19.24;20.86;1
2005.01.20;19.50;20.86;1
2005.01.21;19.37;20.86;1
2005.01.22;19.37;20.84;1
2005.01.23;19.37;20.83;1
2005.01.24;19.87;20.82;1
2005.01.25;19.52;20.80;1
2005.01.26;18.92;20.78;1
2005.01.27;18.58;20.77;1
2005.01.28;18.58;20.75;1
2005.01.29;18.58;20.74;1
2005.01.30;18.58;20.72;1
2005.01.31;18.43;20.70;1
2005.02.01;17.76;20.69;1
2005.02.02;17.30;20.67;1
2005.02.03;17.36;20.65;1
2005.02.04;16.92;20.63;1
2005.02.05;16.92;20.61;1
2005.02.06;16.92;20.58;1
2005.02.07;17.56;20.56;1
2005.02.08;17.60;20.52;1
2005.02.09;18.24;20.50;1
2005.02.10;17.92;20.47;1
2005.02.11;17.19;20.43;1
2005.02.12;17.19;20.39;1
2005.02.13;17.19;20.35;1
2005.02.14;17.68;20.32;1
2005.02.15;17.56;20.29;1
2005.02.16;17.41;20.26;1
2005.02.17;17.53;20.23;1
2005.02.18;17.87;20.20;1
2005.02.19;17.87;20.17;1
2005.02.20;17.87;20.13;1
2005.02.21;17.87;20.09;1
2005.02.22;19.00;20.05;1
2005.02.23;18.44;20.00;1
2005.02.24;17.61;19.95;1
2005.02.25;17.34;19.90;1
2005.02.26;17.34;19.85;1
2005.02.27;17.34;19.81;1
2005.02.28;18.07;19.76;1
2005.03.01;17.78;19.71;1
2005.03.02;18.20;19.66;1
2005.03.03;18.76;19.62;1
2005.03.04;18.13;19.57;1
2005.03.05;18.13;19.54;1
2005.03.06;18.13;19.51;1
2005.03.07;17.73;19.48;1
2005.03.08;17.86;19.45;1
2005.03.09;17.80;19.42;1
2005.03.10;17.88;19.40;1
2005.03.11;18.57;19.38;1
2005.03.12;18.57;19.36;1
2005.03.13;18.57;19.35;1
2005.03.14;18.35;19.33;1
2005.03.15;18.68;19.32;1
2005.03.16;19.01;19.31;1
2005.03.17;18.46;19.29;1
2005.03.18;17.88;19.27;1
2005.03.19;17.88;19.24;1
2005.03.20;17.88;19.22;1
2005.03.21;17.83;19.20;1
2005.03.22;18.03;19.18;1
2005.03.23;17.68;19.17;1
2005.03.24;17.15;19.15;1
2005.03.25;17.15;19.13;1
2005.03.26;17.15;19.11;1
2005.03.27;17.15;19.08;1
2005.03.28;17.74;19.07;1
2005.03.29;17.99;19.06;1
2005.03.30;17.36;19.05;1
2005.03.31;17.65;19.04;1
2005.04.01;17.61;19.03;1
2005.04.02;17.61;19.03;1
2005.04.03;17.61;19.01;1
2005.04.04;18.07;19.00;1
2005.04.05;17.67;18.99;1
2005.04.06;17.35;18.98;1
2005.04.07;16.67;18.96;1
2005.04.08;16.96;18.94;1
2005.04.09;16.96;18.92;1
2005.04.10;16.96;18.90;1
2005.04.11;16.90;18.88;1
2005.04.12;16.24;18.86;1
2005.04.13;16.07;18.83;1
2005.04.14;18.01;18.82;1
2005.04.15;21.85;18.82;0
2005.04.16;21.85;18.82;0
2005.04.17;21.85;18.83;0
2005.04.18;21.38;18.83;0
2005.04.19;19.11;18.83;0
2005.04.20;20.23;18.84;0
2005.04.21;18.52;18.84;1
2005.04.22;19.04;18.83;0
2005.04.23;19.04;18.83;0
2005.04.24;19.04;18.82;0
2005.04.25;18.58;18.81;1
2005.04.26;18.68;18.80;1
2005.04.27;18.76;18.79;1
2005.04.28;20.13;18.79;0
2005.04.29;18.54;18.78;1
2005.04.30;18.54;18.77;1
2005.05.01;18.54;18.75;1
2005.05.02;20.80;18.75;0
2005.05.03;20.14;18.74;0
2005.05.04;18.32;18.72;1
2005.05.05;18.12;18.70;1
2005.05.06;17.58;18.69;1
2005.05.07;17.58;18.67;1
2005.05.08;17.58;18.66;1
2005.05.09;18.37;18.65;1
2005.05.10;18.11;18.63;1
2005.05.11;17.87;18.61;1
2005.05.12;18.81;18.60;0
2005.05.13;18.41;18.58;1
2005.05.14;18.41;18.56;1
2005.05.15;18.41;18.54;1
2005.05.16;18.77;18.53;0
2005.05.17;18.28;18.51;1
2005.05.18;17.55;18.49;1
2005.05.19;16.95;18.46;1
2005.05.20;15.88;18.43;1
2005.05.21;15.88;18.40;1
2005.05.22;15.88;18.37;1
2005.05.23;16.04;18.35;1
2005.05.24;15.84;18.33;1
2005.05.25;15.62;18.31;1
2005.05.26;15.05;18.29;1
2005.05.27;15.15;18.27;1
2005.05.28;15.15;18.25;1
2005.05.29;15.15;18.23;1
2005.05.30;15.15;18.21;1
2005.05.31;16.11;18.20;1
2005.06.01;15.87;18.18;1
2005.06.02;14.95;18.16;1
2005.06.03;15.59;18.15;1
2005.06.04;15.59;18.13;1
2005.06.05;15.59;18.12;1
2005.06.06;15.74;18.10;1
2005.06.07;15.61;18.08;1
2005.06.08;15.80;18.06;1
2005.06.09;15.27;18.04;1
2005.06.10;15.87;18.03;1
2005.06.11;15.87;18.01;1
2005.06.12;15.87;18.00;1
2005.06.13;15.74;17.99;1
2005.06.14;15.75;17.98;1
2005.06.15;15.45;17.97;1
2005.06.16;14.97;17.95;1
2005.06.17;14.63;17.93;1
2005.06.18;14.63;17.91;1
2005.06.19;14.63;17.89;1
2005.06.20;14.70;17.87;1
2005.06.21;13.43;17.85;1
2005.06.22;14.04;17.83;1
2005.06.23;15.07;17.81;1
2005.06.24;15.30;17.79;1
2005.06.25;15.30;17.77;1
2005.06.26;15.30;17.74;1
2005.06.27;15.73;17.72;1
2005.06.28;14.84;17.70;1
2005.06.29;14.46;17.67;1
2005.06.30;14.46;17.65;1
2005.07.01;14.27;17.63;1
2005.07.02;14.27;17.60;1
2005.07.03;14.27;17.58;1
2005.07.04;14.27;17.56;1
2005.07.05;14.50;17.54;1
2005.07.06;14.77;17.52;1
2005.07.07;15.14;17.51;1
2005.07.08;13.80;17.49;1
2005.07.09;13.80;17.47;1
2005.07.10;13.80;17.45;1
2005.07.11;13.57;17.44;1
2005.07.12;14.77;17.43;1
2005.07.13;14.88;17.42;1
2005.07.14;14.21;17.41;1
2005.07.15;13.34;17.38;1
2005.07.16;13.34;17.36;1
2005.07.17;13.34;17.34;1
2005.07.18;13.81;17.32;1
2005.07.19;13.06;17.29;1
2005.07.20;12.89;17.26;1
2005.07.21;13.47;17.23;1
2005.07.22;12.95;17.20;1
2005.07.23;12.95;17.17;1
2005.07.24;12.95;17.13;1
2005.07.25;13.58;17.10;1
2005.07.26;13.56;17.07;1
2005.07.27;12.76;17.04;1
2005.07.28;12.61;17.00;1
2005.07.29;13.87;16.98;1
2005.07.30;13.87;16.95;1
2005.07.31;13.87;16.92;1
2005.08.01;14.38;16.90;1
2005.08.02;13.95;16.87;1
2005.08.03;13.72;16.85;1
2005.08.04;14.94;16.83;1
2005.08.05;15.40;16.81;1
2005.08.06;15.40;16.80;1
2005.08.07;15.40;16.78;1
2005.08.08;15.95;16.76;1
2005.08.09;15.25;16.74;1
2005.08.10;15.67;16.72;1
2005.08.11;15.73;16.70;1
2005.08.12;15.63;16.68;1
2005.08.13;15.63;16.66;1
2005.08.14;15.63;16.65;1
2005.08.15;15.07;16.63;1
2005.08.16;16.20;16.62;1
2005.08.17;15.57;16.60;1
2005.08.18;15.29;16.59;1
2005.08.19;16.16;16.57;1
2005.08.20;16.16;16.57;1
2005.08.21;16.16;16.56;1
2005.08.22;15.94;16.55;1
2005.08.23;15.57;16.55;1
2005.08.24;15.43;16.54;1
2005.08.25;15.35;16.53;1
2005.08.26;15.37;16.52;1
2005.08.27;15.37;16.51;1
2005.08.28;15.37;16.50;1
2005.08.29;15.30;16.48;1
2005.08.30;15.36;16.47;1
2005.08.31;14.71;16.46;1
2005.09.01;15.07;16.45;1
2005.09.02;15.67;16.44;1
2005.09.03;15.67;16.43;1
2005.09.04;15.67;16.42;1
2005.09.05;15.67;16.41;1
2005.09.06;14.89;16.40;1
2005.09.07;14.90;16.38;1
2005.09.08;14.70;16.37;1
2005.09.09;14.27;16.35;1
2005.09.10;14.27;16.33;1
2005.09.11;14.27;16.30;1
2005.09.12;15.16;16.29;1
2005.09.13;14.97;16.28;1
2005.09.14;15.57;16.27;1
2005.09.15;15.76;16.26;1
2005.09.16;14.58;16.25;1
2005.09.17;14.58;16.23;1
2005.09.18;14.58;16.21;1
2005.09.19;14.69;16.19;1
2005.09.20;15.17;16.18;1
2005.09.21;15.85;16.17;1
2005.09.22;15.30;16.15;1
2005.09.23;15.16;16.14;1
2005.09.24;15.16;16.12;1
2005.09.25;15.16;16.11;1
2005.09.26;14.82;16.10;1
2005.09.27;14.39;16.08;1
2005.09.28;14.35;16.05;1
2005.09.29;14.37;16.03;1
2005.09.30;13.31;16.01;1
2005.10.01;13.31;15.98;1
2005.10.02;13.31;15.95;1
2005.10.03;13.97;15.93;1
2005.10.04;14.91;15.92;1
2005.10.05;15.86;15.91;1
2005.10.06;16.79;15.90;0
2005.10.07;16.62;15.89;0
2005.10.08;16.62;15.89;0
2005.10.09;16.62;15.88;0
2005.10.10;17.28;15.88;0
2005.10.11;17.15;15.88;0
2005.10.12;17.76;15.89;0
2005.10.13;17.19;15.89;0
2005.10.14;16.23;15.88;0
2005.10.15;16.23;15.87;0
2005.10.16;16.23;15.86;0
2005.10.17;16.22;15.86;0
2005.10.18;16.48;15.85;0
2005.10.19;15.57;15.84;1
2005.10.20;16.29;15.83;0
2005.10.21;15.82;15.82;1
2005.10.22;15.82;15.81;0
2005.10.23;15.82;15.81;0
2005.10.24;15.23;15.80;1
2005.10.25;15.28;15.79;1
2005.10.26;15.87;15.78;0
2005.10.27;17.70;15.79;0
2005.10.28;17.52;15.79;0
2005.10.29;17.52;15.80;0
2005.10.30;17.52;15.81;0
2005.10.31;17.99;15.81;0
2005.11.01;17.39;15.78;0
2005.11.02;15.82;15.75;0
2005.11.03;15.65;15.72;1
2005.11.04;15.18;15.69;1
2005.11.05;15.18;15.67;1
2005.11.06;15.18;15.65;1
2005.11.07;15.67;15.63;0
2005.11.08;15.56;15.61;1
2005.11.09;15.87;15.60;0
2005.11.10;14.61;15.58;1
2005.11.11;14.21;15.55;1
2005.11.12;14.21;15.53;1
2005.11.13;14.21;15.51;1
2005.11.14;14.68;15.48;1
2005.11.15;14.79;15.46;1
2005.11.16;13.96;15.44;1
2005.11.17;13.28;15.41;1
2005.11.18;14.36;15.38;1
2005.11.19;14.36;15.35;1
2005.11.20;14.36;15.33;1
2005.11.21;14.11;15.31;1
2005.11.22;14.01;15.30;1
2005.11.23;14.16;15.28;1
2005.11.24;14.16;15.26;1
2005.11.25;13.89;15.24;1
2005.11.26;13.89;15.22;1
2005.11.27;13.89;15.20;1
2005.11.28;14.78;15.18;1
2005.11.29;15.40;15.16;0
2005.11.30;15.31;15.15;0
2005.12.01;14.42;15.13;1
2005.12.02;13.92;15.10;1
2005.12.03;13.92;15.08;1
2005.12.04;13.92;15.06;1
2005.12.05;14.60;15.05;1
2005.12.06;14.36;15.04;1
2005.12.07;14.98;15.04;1
2005.12.08;15.44;15.04;0
2005.12.09;15.14;15.03;0
2005.12.10;15.14;15.03;0
2005.12.11;15.14;15.03;0
2005.12.12;14.83;15.03;1
2005.12.13;14.22;15.02;1
2005.12.14;13.79;15.01;1
2005.12.15;13.99;15.01;1
2005.12.16;13.19;15.00;1
2005.12.17;13.19;14.98;1
2005.12.18;13.19;14.97;1
2005.12.19;14.23;14.97;1
2005.12.20;14.14;14.96;1
2005.12.21;13.97;14.95;1
2005.12.22;13.67;14.94;1
2005.12.23;13.60;14.93;1
2005.12.24;13.60;14.92;1
2005.12.25;13.60;14.91;1
2005.12.26;13.60;14.90;1
2005.12.27;14.65;14.90;1
2005.12.28;14.48;14.89;1
2005.12.29;14.62;14.88;1
2005.12.30;14.26;14.87;1
2005.12.31;14.26;14.87;1
2006.01.01;14.26;14.86;1
2006.01.02;14.26;14.86;1
2006.01.03;14.69;14.86;1
2006.01.04;14.85;14.86;1
2006.01.05;15.01;14.86;0
2006.01.06;14.95;14.86;0
2006.01.07;14.95;14.87;0
2006.01.08;14.95;14.87;0
2006.01.09;15.66;14.88;0
2006.01.10;15.77;14.88;0
2006.01.11;15.23;14.88;0
2006.01.12;16.24;14.88;0
2006.01.13;15.92;14.89;0
2006.01.14;15.92;14.89;0
2006.01.15;15.92;14.90;0
2006.01.16;15.92;14.91;0
2006.01.17;16.74;14.92;0
2006.01.18;17.11;14.93;0
2006.01.19;16.51;14.94;0
2006.01.20;19.45;14.97;0
2006.01.21;19.45;14.99;0
2006.01.22;19.45;15.02;0
2006.01.23;19.43;15.04;0
2006.01.24;18.37;15.06;0
2006.01.25;17.93;15.08;0
2006.01.26;17.55;15.10;0
2006.01.27;17.31;15.12;0
2006.01.28;17.31;15.13;0
2006.01.29;17.31;15.14;0
2006.01.30;17.89;15.16;0
2006.01.31;18.58;15.19;0
2006.02.01;17.12;15.21;0
2006.02.02;17.79;15.23;0
2006.02.03;17.53;15.25;0
2006.02.04;17.53;15.27;0
2006.02.05;17.53;15.29;0
2006.02.06;17.62;15.31;0
2006.02.07;17.66;15.34;0
2006.02.08;17.06;15.36;0
2006.02.09;17.14;15.38;0
2006.02.10;16.88;15.40;0
2006.02.11;16.88;15.41;0
2006.02.12;16.88;15.43;0
2006.02.13;17.39;15.46;0
2006.02.14;16.91;15.47;0
2006.02.15;16.05;15.48;0
2006.02.16;14.93;15.49;1
2006.02.17;15.11;15.49;1
2006.02.18;15.11;15.50;1
2006.02.19;15.11;15.51;1
2006.02.20;15.11;15.51;1
2006.02.21;15.25;15.51;1
2006.02.22;15.34;15.50;1
2006.02.23;15.59;15.51;0
2006.02.24;15.16;15.50;1
2006.02.25;15.16;15.50;1
2006.02.26;15.16;15.50;1
2006.02.27;14.97;15.50;1
2006.02.28;15.99;15.50;0
2006.03.01;15.49;15.50;1
2006.03.02;15.99;15.50;0
2006.03.03;16.27;15.50;0
2006.03.04;16.27;15.50;0
2006.03.05;16.27;15.51;0
2006.03.06;17.52;15.52;0
2006.03.07;17.70;15.53;0
2006.03.08;17.47;15.53;0
2006.03.09;17.79;15.54;0
2006.03.10;17.62;15.55;0
2006.03.11;17.62;15.56;0
2006.03.12;17.62;15.57;0
2006.03.13;17.25;15.58;0
2006.03.14;15.72;15.58;0
2006.03.15;15.44;15.58;1
2006.03.16;15.62;15.58;0
2006.03.17;15.36;15.58;1
2006.03.18;15.36;15.58;1
2006.03.19;15.36;15.59;1
2006.03.20;15.93;15.59;0
2006.03.21;16.04;15.59;0
2006.03.22;16.10;15.60;0
2006.03.23;16.03;15.60;0
2006.03.24;15.91;15.60;0
2006.03.25;15.91;15.60;0
2006.03.26;15.91;15.61;0
2006.03.27;16.11;15.62;0
2006.03.28;16.30;15.63;0
2006.03.29;15.81;15.63;0
2006.03.30;16.14;15.64;0
2006.03.31;16.31;15.65;0
2006.04.01;16.31;15.66;0
2006.04.02;16.31;15.66;0
2006.04.03;16.52;15.66;0
2006.04.04;16.26;15.67;0
2006.04.05;15.92;15.68;0
2006.04.06;15.63;15.68;1
2006.04.07;15.88;15.69;0
2006.04.08;15.88;15.69;0
2006.04.09;15.88;15.69;0
2006.04.10;16.40;15.70;0
2006.04.11;17.04;15.71;0
2006.04.12;17.04;15.72;0
2006.04.13;16.34;15.72;0
2006.04.14;16.34;15.73;0
2006.04.15;16.34;15.74;0
2006.04.16;16.34;15.75;0
2006.04.17;17.31;15.77;0
2006.04.18;16.34;15.78;0
2006.04.19;15.21;15.79;1
2006.04.20;15.52;15.80;1
2006.04.21;15.92;15.81;0
2006.04.22;15.92;15.82;0
2006.04.23;15.92;15.82;0
2006.04.24;15.61;15.81;1
2006.04.25;15.59;15.81;1
2006.04.26;15.55;15.80;1
2006.04.27;15.21;15.79;1
2006.04.28;15.51;15.78;1
2006.04.29;15.51;15.78;1
2006.04.30;15.51;15.76;1
2006.05.01;16.33;15.76;0
2006.05.02;15.79;15.76;0
2006.05.03;15.58;15.75;1
2006.05.04;14.94;15.75;1
2006.05.05;14.43;15.74;1
2006.05.06;14.43;15.73;1
2006.05.07;14.43;15.72;1
2006.05.08;14.77;15.72;1
2006.05.09;14.64;15.71;1
2006.05.10;14.85;15.70;1
2006.05.11;15.72;15.70;0
2006.05.12;17.10;15.71;0
2006.05.13;17.10;15.72;0
2006.05.14;17.10;15.73;0
2006.05.15;18.04;15.73;0
2006.05.16;17.33;15.73;0
2006.05.17;19.56;15.74;0
2006.05.18;20.31;15.75;0
2006.05.19;20.95;15.77;0
2006.05.20;20.95;15.79;0
2006.05.21;20.95;15.81;0
2006.05.22;22.54;15.85;0
2006.05.23;22.18;15.88;0
2006.05.24;21.91;15.92;0
2006.05.25;19.69;15.94;0
2006.05.26;18.58;15.95;0
2006.05.27;18.58;15.97;0
2006.05.28;18.58;15.98;0
2006.05.29;18.58;16.00;0
2006.05.30;22.10;16.04;0
2006.05.31;21.46;16.08;0
2006.06.01;18.86;16.10;0
2006.06.02;18.38;16.12;0
2006.06.03;18.38;16.14;0
2006.06.04;18.38;16.16;0
2006.06.05;20.90;16.20;0
2006.06.06;22.18;16.24;0
2006.06.07;23.54;16.28;0
2006.06.08;24.61;16.33;0
2006.06.09;23.22;16.38;0
2006.06.10;23.22;16.42;0
2006.06.11;23.22;16.47;0
2006.06.12;25.64;16.53;0
2006.06.13;25.73;16.59;0
2006.06.14;24.36;16.64;0
2006.06.15;19.47;16.67;0
2006.06.16;21.69;16.70;0
2006.06.17;21.69;16.73;0
2006.06.18;21.69;16.76;0
2006.06.19;22.04;16.80;0
2006.06.20;21.03;16.84;0
2006.06.21;19.66;16.87;0
2006.06.22;20.81;16.90;0
2006.06.23;20.36;16.93;0
2006.06.24;20.36;16.96;0
2006.06.25;20.36;16.99;0
2006.06.26;20.83;17.01;0
2006.06.27;22.11;17.05;0
2006.06.28;21.45;17.08;0
2006.06.29;17.93;17.09;0
2006.06.30;17.89;17.11;0
2006.07.01;17.89;17.13;0
2006.07.02;17.89;17.15;0
2006.07.03;17.68;17.17;0
2006.07.04;17.68;17.19;0
2006.07.05;19.78;17.22;0
2006.07.06;19.80;17.26;0
2006.07.07;20.17;17.28;0
2006.07.08;20.17;17.32;0
2006.07.09;20.17;17.35;0
2006.07.10;20.82;17.38;0
2006.07.11;20.18;17.41;0
2006.07.12;22.07;17.46;0
2006.07.13;24.66;17.51;0
2006.07.14;24.62;17.57;0
2006.07.15;24.62;17.62;0
2006.07.16;24.62;17.67;0
2006.07.17;24.52;17.72;0
2006.07.18;23.89;17.77;0
2006.07.19;22.83;17.81;0
2006.07.20;23.22;17.85;0
2006.07.21;23.20;17.90;0
2006.07.22;23.20;17.94;0
2006.07.23;23.20;17.98;0
2006.07.24;21.78;18.02;0
2006.07.25;21.52;18.05;0
2006.07.26;20.69;18.08;0
2006.07.27;20.79;18.11;0
2006.07.28;19.26;18.12;0
2006.07.29;19.26;18.14;0
2006.07.30;19.26;18.16;0
2006.07.31;20.33;18.18;0
2006.08.01;21.38;18.21;0
2006.08.02;20.85;18.23;0
2006.08.03;21.12;18.26;0
2006.08.04;21.63;18.29;0
2006.08.05;21.63;18.31;0
2006.08.06;21.63;18.34;0
2006.08.07;22.87;18.37;0
2006.08.08;22.85;18.39;0
2006.08.09;21.60;18.40;0
2006.08.10;20.86;18.40;0
2006.08.11;20.06;18.41;0
2006.08.12;20.06;18.41;0
2006.08.13;20.06;18.43;0
2006.08.14;19.11;18.43;0
2006.08.15;18.49;18.44;0
2006.08.16;18.99;18.45;0
2006.08.17;18.96;18.46;0
2006.08.18;18.45;18.46;1
2006.08.19;18.45;18.46;1
2006.08.20;18.45;18.46;1
2006.08.21;19.87;18.47;0
2006.08.22;19.96;18.49;0
2006.08.23;20.61;18.50;0
2006.08.24;19.52;18.51;0
2006.08.25;16.98;18.51;1
2006.08.26;16.98;18.51;1
2006.08.27;16.98;18.51;1
2006.08.28;17.23;18.51;1
2006.08.29;17.29;18.51;1
2006.08.30;16.80;18.51;1
2006.08.31;17.39;18.51;1
2006.09.01;16.80;18.51;1
2006.09.02;16.80;18.51;1
2006.09.03;16.80;18.51;1
2006.09.04;16.80;18.52;1
2006.09.05;18.35;18.54;1
2006.09.06;20.19;18.56;0
2006.09.07;20.37;18.59;0
2006.09.08;19.82;18.61;0
2006.09.09;19.82;18.63;0
2006.09.10;19.82;18.66;0
2006.09.11;19.71;18.68;0
2006.09.12;18.26;18.69;1
2006.09.13;17.59;18.70;1
2006.09.14;17.49;18.72;1
2006.09.15;17.75;18.73;1
2006.09.16;17.75;18.74;1
2006.09.17;17.75;18.75;1
2006.09.18;18.45;18.76;1
2006.09.19;18.26;18.77;1
2006.09.20;18.45;18.78;1
2006.09.21;18.20;18.79;1
2006.09.22;18.35;18.80;1
2006.09.23;18.35;18.80;1
2006.09.24;18.35;18.80;1
2006.09.25;17.72;18.80;1
2006.09.26;17.66;18.80;1
2006.09.27;17.41;18.80;1
2006.09.28;17.02;18.80;1
2006.09.29;17.68;18.80;1
2006.09.30;17.68;18.81;1
2006.10.01;17.68;18.82;1
2006.10.02;19.44;18.84;0
2006.10.03;19.78;18.87;0
2006.10.04;18.52;18.88;1
2006.10.05;18.15;18.89;1
2006.10.06;18.03;18.91;1
2006.10.07;18.03;18.92;1
2006.10.08;18.03;18.92;1
2006.10.09;18.28;18.94;1
2006.10.10;18.86;18.95;1
2006.10.11;18.51;18.96;1
2006.10.12;17.64;18.97;1
2006.10.13;17.83;18.98;1
2006.10.14;17.83;18.99;1
2006.10.15;17.83;19.00;1
2006.10.16;18.45;19.01;1
2006.10.17;18.88;19.02;1
2006.10.18;18.09;19.03;1
2006.10.19;16.93;19.04;1
2006.10.20;16.70;19.04;1
2006.10.21;16.70;19.04;1
2006.10.22;16.70;19.04;1
2006.10.23;17.51;19.05;1
2006.10.24;17.25;19.06;1
2006.10.25;16.78;19.06;1
2006.10.26;16.59;19.07;1
2006.10.27;17.41;19.07;1
2006.10.28;17.41;19.07;1
2006.10.29;17.41;19.08;1
2006.10.30;17.99;19.08;1
2006.10.31;17.30;19.09;1
2006.11.01;17.98;19.10;1
2006.11.02;18.12;19.11;1
2006.11.03;17.23;19.11;1
2006.11.04;17.23;19.11;1
2006.11.05;17.23;19.12;1
2006.11.06;17.39;19.13;1
2006.11.07;17.51;19.14;1
2006.11.08;16.39;19.14;1
2006.11.09;16.66;19.14;1
2006.11.10;15.52;19.14;1
2006.11.11;15.52;19.14;1
2006.11.12;15.52;19.14;1
2006.11.13;16.20;19.15;1
2006.11.14;15.36;19.15;1
2006.11.15;15.40;19.15;1
2006.11.16;15.36;19.14;1
2006.11.17;15.31;19.14;1
2006.11.18;15.31;19.14;1
2006.11.19;15.31;19.14;1
2006.11.20;15.13;19.14;1
2006.11.21;15.05;19.14;1
2006.11.22;14.95;19.14;1
2006.11.23;14.95;19.15;1
2006.11.24;15.59;19.15;1
2006.11.25;15.59;19.15;1
2006.11.26;15.59;19.16;1
2006.11.27;17.60;19.17;1
2006.11.28;17.33;19.17;1
2006.11.29;16.78;19.17;1
2006.11.30;16.53;19.16;1
2006.12.01;16.60;19.16;1
2006.12.02;16.60;19.15;1
2006.12.03;16.60;19.14;1
2006.12.04;16.49;19.12;1
2006.12.05;16.20;19.10;1
2006.12.06;16.46;19.07;1
2006.12.07;17.93;19.06;1
2006.12.08;17.14;19.03;1
2006.12.09;17.14;19.01;1
2006.12.10;17.14;18.98;1
2006.12.11;15.54;18.96;1
2006.12.12;15.25;18.94;1
2006.12.13;14.90;18.93;1
2006.12.14;14.09;18.90;1
2006.12.15;15.15;18.89;1
2006.12.16;15.15;18.85;1
2006.12.17;15.15;18.82;1
2006.12.18;16.22;18.81;1
2006.12.19;16.55;18.80;1
2006.12.20;16.07;18.79;1
2006.12.21;16.41;18.78;1
2006.12.22;17.20;18.76;1
2006.12.23;17.20;18.73;1
2006.12.24;17.20;18.70;1
2006.12.25;17.20;18.66;1
2006.12.26;17.44;18.64;1
2006.12.27;16.46;18.60;1
2006.12.28;16.32;18.57;1
2006.12.29;16.23;18.52;1
2006.12.30;16.23;18.47;1
2006.12.31;16.23;18.43;1
2007.01.01;16.23;18.42;1
2007.01.02;16.23;18.39;1
2007.01.03;17.50;18.37;1
2007.01.04;16.99;18.34;1
2007.01.05;17.90;18.32;1
2007.01.06;17.90;18.31;1
2007.01.07;17.90;18.30;1
2007.01.08;18.35;18.29;0
2007.01.09;17.89;18.27;1
2007.01.10;17.25;18.26;1
2007.01.11;17.02;18.24;1
2007.01.12;16.56;18.22;1
2007.01.13;16.56;18.19;1
2007.01.14;16.56;18.17;1
2007.01.15;16.56;18.16;1
2007.01.16;17.28;18.16;1
2007.01.17;16.92;18.15;1
2007.01.18;17.63;18.15;1
2007.01.19;16.81;18.15;1
2007.01.20;16.81;18.14;1
2007.01.21;16.81;18.13;1
2007.01.22;17.65;18.12;1
2007.01.23;17.34;18.10;1
2007.01.24;16.61;18.09;1
2007.01.25;17.63;18.07;1
2007.01.26;17.52;18.06;1
2007.01.27;17.52;18.04;1
2007.01.28;17.52;18.02;1
2007.01.29;18.16;17.99;0
2007.01.30;17.98;17.96;0
2007.01.31;17.19;17.92;1
2007.02.01;17.11;17.88;1
2007.02.02;16.43;17.84;1
2007.02.03;16.43;17.80;1
2007.02.04;16.43;17.77;1
2007.02.05;16.84;17.74;1
2007.02.06;16.61;17.71;1
2007.02.07;16.17;17.67;1
2007.02.08;16.14;17.64;1
2007.02.09;17.11;17.61;1
2007.02.10;17.11;17.59;1
2007.02.11;17.11;17.57;1
2007.02.12;17.34;17.55;1
2007.02.13;15.83;17.54;1
2007.02.14;15.37;17.52;1
2007.02.15;15.27;17.50;1
2007.02.16;14.83;17.47;1
2007.02.17;14.83;17.44;1
2007.02.18;14.83;17.41;1
2007.02.19;14.83;17.38;1
2007.02.20;15.77;17.35;1
2007.02.21;15.38;17.32;1
2007.02.22;15.30;17.28;1
2007.02.23;15.32;17.25;1
2007.02.24;15.32;17.21;1
2007.02.25;15.32;17.18;1
2007.02.26;15.99;17.15;1
2007.02.27;22.97;17.17;0
2007.02.28;20.53;17.17;0
2007.03.01;21.51;17.18;0
2007.03.02;23.66;17.20;0
2007.03.03;23.66;17.23;0
2007.03.04;23.66;17.25;0
2007.03.05;24.61;17.28;0
2007.03.06;21.19;17.29;0
2007.03.07;20.56;17.30;0
2007.03.08;19.79;17.31;0
2007.03.09;18.94;17.30;0
2007.03.10;18.94;17.30;0
2007.03.11;18.94;17.29;0
2007.03.12;18.52;17.29;0
2007.03.13;22.04;17.31;0
2007.03.14;19.77;17.32;0
2007.03.15;18.79;17.33;0
2007.03.16;19.60;17.35;0
2007.03.17;19.60;17.36;0
2007.03.18;19.60;17.37;0
2007.03.19;18.38;17.38;0
2007.03.20;17.60;17.38;0
2007.03.21;17.20;17.38;1
2007.03.22;16.77;17.38;1
2007.03.23;17.17;17.38;1
2007.03.24;17.17;17.38;1
2007.03.25;17.17;17.36;1
2007.03.26;17.00;17.35;1
2007.03.27;17.20;17.33;1
2007.03.28;18.56;17.33;0
2007.03.29;18.53;17.32;0
2007.03.30;18.24;17.31;0
2007.03.31;18.24;17.31;0
2007.04.01;18.24;17.32;0
2007.04.02;18.60;17.32;0
2007.04.03;17.69;17.32;0
2007.04.04;17.10;17.32;1
2007.04.05;16.75;17.31;1
2007.04.06;16.75;17.30;1
2007.04.07;16.75;17.30;1
2007.04.08;16.75;17.29;1
2007.04.09;17.77;17.29;0
2007.04.10;17.02;17.28;1
2007.04.11;17.74;17.28;0
2007.04.12;17.42;17.27;0
2007.04.13;16.84;17.27;1
2007.04.14;16.84;17.26;1
2007.04.15;16.84;17.26;1
2007.04.16;16.44;17.26;1
2007.04.17;16.08;17.25;1
2007.04.18;16.29;17.24;1
2007.04.19;16.30;17.24;1
2007.04.20;15.71;17.22;1
2007.04.21;15.71;17.20;1
2007.04.22;15.71;17.18;1
2007.04.23;16.38;17.17;1
2007.04.24;16.37;17.17;1
2007.04.25;16.36;17.16;1
2007.04.26;15.97;17.15;1
2007.04.27;15.46;17.13;1
2007.04.28;15.46;17.12;1
2007.04.29;15.46;17.10;1
2007.04.30;17.26;17.10;0
2007.05.01;16.94;17.09;1
2007.05.02;16.70;17.09;1
2007.05.03;16.60;17.08;1
2007.05.04;16.59;17.07;1
2007.05.05;16.59;17.06;1
2007.05.06;16.59;17.05;1
2007.05.07;16.98;17.05;1
2007.05.08;17.06;17.06;0
2007.05.09;16.29;17.05;1
2007.05.10;17.38;17.06;0
2007.05.11;16.09;17.05;1
2007.05.12;16.09;17.04;1
2007.05.13;16.09;17.04;1
2007.05.14;16.83;17.04;1
2007.05.15;17.09;17.04;0
2007.05.16;16.31;17.04;1
2007.05.17;16.75;17.03;1
2007.05.18;15.91;17.02;1
2007.05.19;15.91;17.01;1
2007.05.20;15.91;17.00;1
2007.05.21;16.03;16.99;1
2007.05.22;16.07;16.99;1
2007.05.23;16.93;16.99;1
2007.05.24;18.02;16.99;0
2007.05.25;17.07;16.99;0
2007.05.26;17.07;16.99;0
2007.05.27;17.07;16.99;0
2007.05.28;17.07;16.99;0
2007.05.29;17.57;17.00;0
2007.05.30;16.84;17.01;1
2007.05.31;16.86;17.02;1
2007.06.01;16.58;17.02;1
2007.06.02;16.58;17.02;1
2007.06.03;16.58;17.03;1
2007.06.04;16.59;17.04;1
2007.06.05;16.44;17.04;1
2007.06.06;17.20;17.05;0
2007.06.07;19.30;17.07;0
2007.06.08;17.12;17.08;0
2007.06.09;17.12;17.09;0
2007.06.10;17.12;17.10;0
2007.06.11;16.29;17.11;1
2007.06.12;17.70;17.12;0
2007.06.13;15.81;17.12;1
2007.06.14;15.43;17.12;1
2007.06.15;15.94;17.11;1
2007.06.16;15.94;17.10;1
2007.06.17;15.94;17.10;1
2007.06.18;15.86;17.10;1
2007.06.19;15.53;17.09;1
2007.06.20;16.68;17.09;1
2007.06.21;16.21;17.09;1
2007.06.22;17.29;17.09;0
2007.06.23;17.29;17.10;0
2007.06.24;17.29;17.10;0
2007.06.25;18.07;17.10;0
2007.06.26;19.59;17.12;0
2007.06.27;17.36;17.12;0
2007.06.28;16.91;17.12;1
2007.06.29;17.86;17.13;0
2007.06.30;17.86;17.14;0
2007.07.01;17.86;17.16;0
2007.07.02;17.00;17.17;1
2007.07.03;16.70;17.18;1
2007.07.04;16.70;17.19;1
2007.07.05;17.09;17.20;1
2007.07.06;16.52;17.20;1
2007.07.07;16.52;17.20;1
2007.07.08;16.52;17.20;1
2007.07.09;17.08;17.20;1
2007.07.10;18.61;17.21;0
2007.07.11;17.54;17.21;0
2007.07.12;17.25;17.21;0
2007.07.13;16.44;17.21;1
2007.07.14;16.44;17.20;1
2007.07.15;16.44;17.20;1
2007.07.16;16.55;17.20;1
2007.07.17;16.95;17.21;1
2007.07.18;16.77;17.21;1
2007.07.19;16.55;17.21;1
2007.07.20;17.49;17.22;0
2007.07.21;17.49;17.22;0
2007.07.22;17.49;17.22;0
2007.07.23;17.85;17.23;0
2007.07.24;19.31;17.24;0
2007.07.25;18.92;17.24;0
2007.07.26;19.50;17.25;0
2007.07.27;23.18;17.27;0
2007.07.28;23.18;17.30;0
2007.07.29;23.18;17.33;0
2007.07.30;20.76;17.35;0
2007.07.31;23.55;17.38;0
2007.08.01;23.78;17.42;0
2007.08.02;21.24;17.44;0
2007.08.03;24.42;17.48;0
2007.08.04;24.42;17.52;0
2007.08.05;24.42;17.55;0
2007.08.06;22.43;17.58;0
2007.08.07;21.08;17.60;0
2007.08.08;20.97;17.62;0
2007.08.09;26.23;17.67;0
2007.08.10;26.84;17.71;0
2007.08.11;26.84;17.76;0
2007.08.12;26.84;17.81;0
2007.08.13;24.57;17.85;0
2007.08.14;24.97;17.88;0
2007.08.15;27.97;17.94;0
2007.08.16;29.03;17.99;0
2007.08.17;27.04;18.04;0
2007.08.18;27.04;18.08;0
2007.08.19;27.04;18.13;0
2007.08.20;25.20;18.17;0
2007.08.21;23.67;18.21;0
2007.08.22;22.00;18.24;0
2007.08.23;22.03;18.27;0
2007.08.24;20.69;18.28;0
2007.08.25;20.69;18.31;0
2007.08.26;20.69;18.33;0
2007.08.27;22.63;18.36;0
2007.08.28;25.90;18.40;0
2007.08.29;23.61;18.44;0
2007.08.30;25.38;18.48;0
2007.08.31;24.53;18.51;0
2007.09.01;24.53;18.56;0
2007.09.02;24.53;18.60;0
2007.09.03;24.53;18.65;0
2007.09.04;24.51;18.70;0
2007.09.05;27.15;18.76;0
2007.09.06;26.64;18.82;0
2007.09.07;29.22;18.89;0
2007.09.08;29.22;18.96;0
2007.09.09;29.22;19.03;0
2007.09.10;29.94;19.10;0
2007.09.11;27.52;19.16;0
2007.09.12;28.02;19.22;0
2007.09.13;27.44;19.29;0
2007.09.14;26.96;19.34;0
2007.09.15;26.96;19.36;0
2007.09.16;26.96;19.39;0
2007.09.17;28.74;19.43;0
2007.09.18;23.28;19.43;0
2007.09.19;22.51;19.42;0
2007.09.20;21.97;19.41;0
2007.09.21;20.71;19.39;0
2007.09.22;20.71;19.39;0
2007.09.23;20.71;19.39;0
2007.09.24;20.83;19.40;0
2007.09.25;20.80;19.41;0
2007.09.26;20.59;19.41;0
2007.09.27;20.59;19.42;0
2007.09.28;21.01;19.43;0
2007.09.29;21.01;19.43;0
2007.09.30;21.01;19.44;0
2007.10.01;21.09;19.45;0
2007.10.02;21.26;19.46;0
2007.10.03;21.55;19.47;0
2007.10.04;21.46;19.47;0
2007.10.05;19.77;19.48;0
2007.10.06;19.77;19.49;0
2007.10.07;19.77;19.51;0
2007.10.08;20.25;19.52;0
2007.10.09;19.42;19.53;1
2007.10.10;19.73;19.55;0
2007.10.11;22.42;19.57;0
2007.10.12;21.20;19.59;0
2007.10.13;21.20;19.61;0
2007.10.14;21.20;19.63;0
2007.10.15;23.46;19.65;0
2007.10.16;23.56;19.68;0
2007.10.17;22.02;19.70;0
2007.10.18;22.14;19.72;0
2007.10.19;25.94;19.75;0
2007.10.20;25.94;19.79;0
2007.10.21;25.94;19.84;0
2007.10.22;25.26;19.88;0
2007.10.23;24.13;19.92;0
2007.10.24;24.80;19.96;0
2007.10.25;25.77;20.00;0
2007.10.26;25.01;20.04;0
2007.10.27;25.01;20.08;0
2007.10.28;25.01;20.12;0
2007.10.29;25.83;20.16;0
2007.10.30;26.36;20.21;0
2007.10.31;23.11;20.24;0
2007.11.01;26.26;20.28;0
2007.11.02;24.83;20.33;0
2007.11.03;24.83;20.37;0
2007.11.04;24.83;20.41;0
2007.11.05;26.10;20.46;0
2007.11.06;23.91;20.50;0
2007.11.07;27.14;20.56;0
2007.11.08;29.61;20.63;0
2007.11.09;32.52;20.71;0
2007.11.10;32.52;20.79;0
2007.11.11;32.52;20.87;0
2007.11.12;34.94;20.97;0
2007.11.13;29.71;21.04;0
2007.11.14;31.32;21.12;0
2007.11.15;32.91;21.20;0
2007.11.16;28.79;21.26;0
2007.11.17;28.79;21.32;0
2007.11.18;28.79;21.38;0
2007.11.19;30.11;21.45;0
2007.11.20;29.89;21.52;0
2007.11.21;30.55;21.59;0
2007.11.22;30.55;21.66;0
2007.11.23;30.49;21.72;0
2007.11.24;30.49;21.79;0
2007.11.25;30.49;21.86;0
2007.11.26;33.43;21.94;0
2007.11.27;30.76;22.01;0
2007.11.28;28.83;22.08;0
2007.11.29;28.27;22.14;0
2007.11.30;28.65;22.20;0
2007.12.01;28.65;22.26;0
2007.12.02;28.65;22.32;0
2007.12.03;29.63;22.38;0
2007.12.04;28.85;22.45;0
2007.12.05;26.91;22.50;0
2007.12.06;24.89;22.55;0
2007.12.07;23.75;22.59;0
2007.12.08;23.75;22.62;0
2007.12.09;23.75;22.66;0
2007.12.10;24.39;22.69;0
2007.12.11;26.46;22.74;0
2007.12.12;25.97;22.78;0
2007.12.13;25.52;22.82;0
2007.12.14;25.91;22.87;0
2007.12.15;25.91;22.91;0
2007.12.16;25.91;22.95;0
2007.12.17;27.89;23.01;0
2007.12.18;26.79;23.06;0
2007.12.19;24.88;23.10;0
2007.12.20;23.15;23.14;0
2007.12.21;20.90;23.16;1
2007.12.22;20.90;23.18;1
2007.12.23;20.90;23.20;1
2007.12.24;21.42;23.21;1
2007.12.25;21.42;23.23;1
2007.12.26;21.32;23.25;1
2007.12.27;22.46;23.28;1
2007.12.28;23.63;23.31;0
2007.12.29;23.63;23.34;0
2007.12.30;23.63;23.38;0
2007.12.31;25.90;23.43;0
2008.01.01;25.90;23.48;0
2008.01.02;27.14;23.54;0
2008.01.03;26.59;23.59;0
2008.01.04;28.62;23.66;0
2008.01.05;28.62;23.72;0
2008.01.06;28.62;23.78;0
2008.01.07;29.39;23.85;0
2008.01.08;30.77;23.92;0
2008.01.09;28.18;23.97;0
2008.01.10;27.78;24.02;0
2008.01.11;28.82;24.08;0
2008.01.12;28.82;24.12;0
2008.01.13;28.82;24.18;0
2008.01.14;28.08;24.24;0
2008.01.15;27.48;24.28;0
2008.01.16;28.87;24.34;0
2008.01.17;31.16;24.41;0
2008.01.18;30.23;24.47;0
2008.01.19;30.23;24.54;0
2008.01.20;30.23;24.61;0
2008.01.21;30.23;24.67;0
2008.01.22;35.63;24.77;0
2008.01.23;34.02;24.86;0
2008.01.24;32.22;24.93;0
2008.01.25;33.81;25.02;0
2008.01.26;33.81;25.09;0
2008.01.27;33.81;25.18;0
2008.01.28;32.56;25.25;0
2008.01.29;32.85;25.33;0
2008.01.30;31.80;25.41;0
2008.01.31;31.08;25.48;0
2008.02.01;28.25;25.54;0
2008.02.02;28.25;25.60;0
2008.02.03;28.25;25.66;0
2008.02.04;30.46;25.73;0
2008.02.05;32.44;25.80;0
2008.02.06;32.68;25.88;0
2008.02.07;31.56;25.95;0
2008.02.08;30.08;26.01;0
2008.02.09;30.08;26.06;0
2008.02.10;30.08;26.12;0
2008.02.11;29.09;26.17;0
2008.02.12;28.22;26.19;0
2008.02.13;25.35;26.20;1
2008.02.14;26.52;26.22;0
2008.02.15;26.69;26.25;0
2008.02.16;26.69;26.26;0
2008.02.17;26.69;26.28;0
2008.02.18;26.69;26.31;0
2008.02.19;27.99;26.32;0
2008.02.20;27.09;26.34;0
2008.02.21;26.92;26.35;0
2008.02.22;26.30;26.37;1
2008.02.23;26.30;26.39;1
2008.02.24;26.30;26.42;1
2008.02.25;26.67;26.42;0
2008.02.26;25.95;26.42;1
2008.02.27;25.06;26.41;1
2008.02.28;26.60;26.41;0
2008.02.29;28.44;26.43;0
2008.03.01;28.44;26.45;0
2008.03.02;28.44;26.45;0
2008.03.03;29.47;26.45;0
2008.03.04;28.26;26.46;0
2008.03.05;27.52;26.46;0
2008.03.06;29.99;26.47;0
2008.03.07;29.25;26.49;0
2008.03.08;29.25;26.52;0
2008.03.09;29.25;26.56;0
2008.03.10;31.38;26.60;0
2008.03.11;28.56;26.64;0
2008.03.12;30.05;26.69;0
2008.03.13;29.86;26.74;0
2008.03.14;32.01;26.78;0
2008.03.15;32.01;26.81;0
2008.03.16;32.01;26.86;0
2008.03.17;32.99;26.89;0
2008.03.18;28.45;26.91;0
2008.03.19;31.28;26.95;0
2008.03.20;29.05;26.97;0
2008.03.21;29.05;26.99;0
2008.03.22;29.05;27.02;0
2008.03.23;29.05;27.03;0
2008.03.24;28.69;27.04;0
2008.03.25;29.07;27.03;0
2008.03.26;29.75;27.04;0
2008.03.27;29.55;27.04;0
2008.03.28;28.87;27.03;0
2008.03.29;28.87;27.04;0
2008.03.30;28.87;27.04;0
2008.03.31;29.04;27.05;0
2008.04.01;26.56;27.05;1
2008.04.02;27.27;27.05;0
2008.04.03;26.93;27.05;1
2008.04.04;25.60;27.04;1
2008.04.05;25.60;27.05;1
2008.04.06;25.60;27.06;1
2008.04.07;26.19;27.08;1
2008.04.08;26.03;27.11;1
2008.04.09;26.61;27.14;1
2008.04.10;25.77;27.17;1
2008.04.11;27.54;27.20;0
2008.04.12;27.54;27.23;0
2008.04.13;27.54;27.27;0
2008.04.14;28.28;27.31;0
2008.04.15;27.46;27.34;0
2008.04.16;25.55;27.36;1
2008.04.17;24.20;27.38;1
2008.04.18;23.58;27.39;1
2008.04.19;23.58;27.40;1
2008.04.20;23.58;27.41;1
2008.04.21;24.09;27.42;1
2008.04.22;24.54;27.45;1
2008.04.23;25.06;27.47;1
2008.04.24;23.72;27.49;1
2008.04.25;23.34;27.51;1
2008.04.26;23.34;27.53;1
2008.04.27;23.34;27.55;1
2008.04.28;23.65;27.55;1
2008.04.29;23.87;27.57;1
2008.04.30;24.41;27.58;1
2008.05.01;22.72;27.59;1
2008.05.02;21.39;27.58;1
2008.05.03;21.39;27.57;1
2008.05.04;21.39;27.57;1
2008.05.05;22.43;27.57;1
2008.05.06;21.88;27.55;1
2008.05.07;23.51;27.54;1
2008.05.08;23.18;27.52;1
2008.05.09;23.48;27.51;1
2008.05.10;23.48;27.51;1
2008.05.11;23.48;27.50;1
2008.05.12;22.46;27.49;1
2008.05.13;21.50;27.47;1
2008.05.14;21.47;27.45;1
2008.05.15;20.13;27.43;1
2008.05.16;20.00;27.40;1
2008.05.17;20.00;27.37;1
2008.05.18;20.00;27.35;1
2008.05.19;21.09;27.32;1
2008.05.20;21.37;27.31;1
2008.05.21;22.96;27.30;1
2008.05.22;22.49;27.29;1
2008.05.23;23.36;27.27;1
2008.05.24;23.36;27.27;1
2008.05.25;23.36;27.25;1
2008.05.26;23.36;27.22;1
2008.05.27;22.99;27.17;1
2008.05.28;22.24;27.12;1
2008.05.29;21.28;27.06;1
2008.05.30;20.85;26.99;1
2008.05.31;20.85;26.95;1
2008.06.01;20.85;26.90;1
2008.06.02;22.88;26.85;1
2008.06.03;23.89;26.82;1
2008.06.04;24.01;26.80;1
2008.06.05;22.85;26.77;1
2008.06.06;26.04;26.75;1
2008.06.07;26.04;26.73;1
2008.06.08;26.04;26.71;1
2008.06.09;26.70;26.69;0
2008.06.10;26.58;26.67;1
2008.06.11;27.32;26.65;0
2008.06.12;27.40;26.64;0
2008.06.13;25.30;26.60;1
2008.06.14;25.30;26.57;1
2008.06.15;25.30;26.55;1
2008.06.16;25.02;26.53;1
2008.06.17;24.70;26.51;1
2008.06.18;25.80;26.50;1
2008.06.19;24.80;26.48;1
2008.06.20;26.75;26.47;0
2008.06.21;26.75;26.46;0
2008.06.22;26.75;26.46;0
2008.06.23;27.53;26.47;0
2008.06.24;28.14;26.49;0
2008.06.25;26.39;26.50;1
2008.06.26;29.06;26.53;0
2008.06.27;28.67;26.55;0
2008.06.28;28.67;26.56;0
2008.06.29;28.67;26.58;0
2008.06.30;29.76;26.60;0
2008.07.01;28.73;26.61;0
2008.07.02;30.92;26.64;0
2008.07.03;29.86;26.66;0
2008.07.04;29.86;26.67;0
2008.07.05;29.86;26.68;0
2008.07.06;29.86;26.71;0
2008.07.07;30.38;26.74;0
2008.07.08;28.43;26.78;0
2008.07.09;30.27;26.83;0
2008.07.10;30.45;26.88;0
2008.07.11;31.67;26.93;0
2008.07.12;31.67;26.98;0
2008.07.13;31.67;27.03;0
2008.07.14;33.20;27.08;0
2008.07.15;33.01;27.13;0
2008.07.16;30.13;27.16;0
2008.07.17;29.87;27.19;0
2008.07.18;30.49;27.22;0
2008.07.19;30.49;27.24;0
2008.07.20;30.49;27.26;0
2008.07.21;29.69;27.27;0
2008.07.22;27.09;27.26;1
2008.07.23;27.44;27.26;0
2008.07.24;27.83;27.25;0
2008.07.25;26.63;27.24;1
2008.07.26;26.63;27.22;1
2008.07.27;26.63;27.21;1
2008.07.28;27.74;27.21;0
2008.07.29;26.15;27.20;1
2008.07.30;25.54;27.18;1
2008.07.31;26.24;27.17;1
2008.08.01;25.97;27.16;1
2008.08.02;25.97;27.15;1
2008.08.03;25.97;27.14;1
2008.08.04;27.56;27.12;0
2008.08.05;25.65;27.10;1
2008.08.06;24.35;27.07;1
2008.08.07;24.75;27.04;1
2008.08.08;24.24;27.01;1
2008.08.09;24.24;26.95;1
2008.08.10;24.24;26.90;1
2008.08.11;24.19;26.86;1
2008.08.12;24.51;26.82;1
2008.08.13;24.57;26.77;1
2008.08.14;22.60;26.71;1
2008.08.15;22.52;26.66;1
2008.08.16;22.52;26.61;1
2008.08.17;22.52;26.57;1
2008.08.18;23.59;26.53;1
2008.08.19;24.21;26.51;1
2008.08.20;23.53;26.48;1
2008.08.21;23.15;26.46;1
2008.08.22;22.38;26.42;1
2008.08.23;22.38;26.37;1
2008.08.24;22.38;26.32;1
2008.08.25;24.28;26.28;1
2008.08.26;24.03;26.25;1
2008.08.27;23.34;26.22;1
2008.08.28;23.15;26.18;1
2008.08.29;24.02;26.16;1
2008.08.30;24.02;26.14;1
2008.08.31;24.02;26.13;1
2008.09.01;24.02;26.12;1
2008.09.02;26.15;26.11;0
2008.09.03;25.74;26.11;1
2008.09.04;27.56;26.11;0
2008.09.05;26.66;26.11;0
2008.09.06;26.66;26.11;0
2008.09.07;26.66;26.10;0
2008.09.08;27.42;26.11;0
2008.09.09;28.63;26.12;0
2008.09.10;27.76;26.13;0
2008.09.11;27.31;26.13;0
2008.09.12;28.21;26.14;0
2008.09.13;28.21;26.15;0
2008.09.14;28.21;26.17;0
2008.09.15;32.13;26.19;0
2008.09.16;31.00;26.21;0
2008.09.17;35.88;26.24;0
2008.09.18;32.82;26.27;0
2008.09.19;34.26;26.29;0
2008.09.20;34.26;26.32;0
2008.09.21;34.26;26.35;0
2008.09.22;35.46;26.38;0
2008.09.23;36.52;26.42;0
2008.09.24;36.40;26.45;0
2008.09.25;34.86;26.48;0
2008.09.26;36.85;26.51;0
2008.09.27;36.85;26.55;0
2008.09.28;36.85;26.58;0
2008.09.29;49.56;26.68;0
2008.09.30;42.58;26.73;0
2008.10.01;42.92;26.79;0
2008.10.02;49.53;26.88;0
2008.10.03;49.76;26.96;0
2008.10.04;49.76;27.07;0
2008.10.05;49.76;27.16;0
2008.10.06;55.36;27.29;0
2008.10.07;58.51;27.44;0
2008.10.08;63.27;27.61;0
2008.10.09;69.66;27.81;0
2008.10.10;71.58;28.03;0
2008.10.11;71.58;28.24;0
2008.10.12;71.58;28.45;0
2008.10.13;60.27;28.60;0
2008.10.14;62.77;28.77;0
2008.10.15;72.93;28.99;0
2008.10.16;72.39;29.21;0
2008.10.17;71.26;29.42;0
2008.10.18;71.26;29.64;0
2008.10.19;71.26;29.86;0
2008.10.20;59.65;30.03;0
2008.10.21;60.07;30.20;0
2008.10.22;63.21;30.39;0
2008.10.23;69.84;30.61;0
2008.10.24;78.82;30.87;0
2008.10.25;78.82;31.14;0
2008.10.26;78.82;31.40;0
2008.10.27;79.16;31.66;0
2008.10.28;66.20;31.86;0
2008.10.29;69.13;32.07;0
2008.10.30;63.19;32.24;0
2008.10.31;60.30;32.40;0
2008.11.01;60.30;32.57;0
2008.11.02;60.30;32.74;0
2008.11.03;56.22;32.90;0
2008.11.04;51.25;33.04;0
2008.11.05;55.43;33.20;0
2008.11.06;62.70;33.40;0
2008.11.07;55.14;33.55;0
2008.11.08;55.14;33.70;0
2008.11.09;55.14;33.85;0
2008.11.10;58.44;34.03;0
2008.11.11;60.83;34.22;0
2008.11.12;64.64;34.42;0
2008.11.13;58.03;34.60;0
2008.11.14;66.05;34.81;0
2008.11.15;66.05;35.02;0
2008.11.16;66.05;35.23;0
2008.11.17;68.60;35.46;0
2008.11.18;68.31;35.69;0
2008.11.19;74.66;35.96;0
2008.11.20;80.64;36.25;0
2008.11.21;71.20;36.50;0
2008.11.22;71.20;36.74;0
2008.11.23;71.20;36.98;0
2008.11.24;62.92;37.18;0
2008.11.25;59.71;37.36;0
2008.11.26;55.26;37.52;0
2008.11.27;55.26;37.68;0
2008.11.28;56.05;37.85;0
2008.11.29;56.05;38.02;0
2008.11.30;56.05;38.19;0
2008.12.01;66.35;38.42;0
2008.12.02;62.48;38.64;0
2008.12.03;61.74;38.85;0
2008.12.04;62.59;39.06;0
2008.12.05;58.96;39.25;0
2008.12.06;58.96;39.44;0
2008.12.07;58.96;39.62;0
2008.12.08;57.17;39.79;0
2008.12.09;56.59;39.95;0
2008.12.10;53.82;40.11;0
2008.12.11;52.06;40.25;0
2008.12.12;51.91;40.39;0
2008.12.13;51.91;40.54;0
2008.12.14;51.91;40.69;0
2008.12.15;54.71;40.85;0
2008.12.16;50.22;41.00;0
2008.12.17;48.04;41.14;0
2008.12.18;46.03;41.26;0
2008.12.19;43.50;41.37;0
2008.12.20;43.50;41.46;0
2008.12.21;43.50;41.56;0
2008.12.22;41.91;41.66;0
2008.12.23;43.29;41.74;0
2008.12.24;43.31;41.83;0
2008.12.25;43.31;41.92;0
2008.12.26;43.15;42.00;0
2008.12.27;43.15;42.08;0
2008.12.28;43.15;42.16;0
2008.12.29;43.69;42.24;0
2008.12.30;41.67;42.32;1
2008.12.31;40.79;42.40;1
2009.01.01;40.79;42.48;1
2009.01.02;39.11;42.55;1
2009.01.03;39.11;42.62;1
2009.01.04;39.11;42.69;1
2009.01.05;39.07;42.76;1
2009.01.06;39.71;42.82;1
2009.01.07;43.52;42.91;0
2009.01.08;43.23;42.99;0
2009.01.09;43.84;43.07;0
2009.01.10;43.84;43.15;0
2009.01.11;43.84;43.24;0
2009.01.12;44.46;43.31;0
2009.01.13;43.11;43.39;1
2009.01.14;47.80;43.48;0
2009.01.15;48.33;43.58;0
2009.01.16;44.19;43.65;0
2009.01.17;44.19;43.73;0
2009.01.18;44.19;43.80;0
2009.01.19;44.19;43.87;0
2009.01.20;54.45;43.99;0
2009.01.21;47.35;44.08;0
2009.01.22;45.83;44.16;0
2009.01.23;46.60;44.24;0
2009.01.24;46.60;44.33;0
2009.01.25;46.60;44.41;0
2009.01.26;45.00;44.48;0
2009.01.27;43.10;44.54;1
2009.01.28;39.17;44.58;1
2009.01.29;42.58;44.63;1
2009.01.30;44.93;44.69;0
2009.01.31;44.93;44.75;0
2009.02.01;44.93;44.83;0
2009.02.02;46.47;44.91;0
2009.02.03;42.88;44.97;1
2009.02.04;42.82;45.03;1
2009.02.05;43.30;45.10;1
2009.02.06;41.95;45.16;1
2009.02.07;41.95;45.23;1
2009.02.08;41.95;45.30;1
2009.02.09;43.51;45.38;1
2009.02.10;45.86;45.48;0
2009.02.11;44.58;45.57;1
2009.02.12;41.99;45.64;1
2009.02.13;43.11;45.72;1
2009.02.14;43.11;45.81;1
2009.02.15;43.11;45.89;1
2009.02.16;43.11;45.98;1
2009.02.17;47.50;46.09;0
2009.02.18;46.68;46.19;0
2009.02.19;45.20;46.29;1
2009.02.20;47.18;46.38;0
2009.02.21;47.18;46.49;0
2009.02.22;47.18;46.61;0
2009.02.23;50.06;46.73;0
2009.02.24;44.05;46.83;1
2009.02.25;43.95;46.93;1
2009.02.26;43.87;47.03;1
2009.02.27;45.28;47.13;1
2009.02.28;45.28;47.24;1
2009.03.01;45.28;47.34;1
2009.03.02;50.92;47.48;0
2009.03.03;49.36;47.62;0
2009.03.04;45.66;47.73;1
2009.03.05;48.08;47.86;0
2009.03.06;47.99;47.98;0
2009.03.07;47.99;48.10;1
2009.03.08;47.99;48.22;1
2009.03.09;48.76;48.35;0
2009.03.10;43.83;48.46;1
2009.03.11;42.81;48.56;1
2009.03.12;40.77;48.65;1
2009.03.13;41.25;48.74;1
2009.03.14;41.25;48.82;1
2009.03.15;41.25;48.91;1
2009.03.16;43.54;49.02;1
2009.03.17;40.36;49.10;1
2009.03.18;39.80;49.18;1
2009.03.19;42.46;49.27;1
2009.03.20;44.66;49.37;1
2009.03.21;44.66;49.46;1
2009.03.22;44.66;49.56;1
2009.03.23;42.01;49.63;1
2009.03.24;42.17;49.71;1
2009.03.25;41.35;49.78;1
2009.03.26;40.58;49.85;1
2009.03.27;41.45;49.92;1
2009.03.28;41.45;49.99;1
2009.03.29;41.45;50.05;1
2009.03.30;44.87;50.14;1
2009.03.31;44.20;50.22;1
2009.04.01;42.48;50.29;1
2009.04.02;42.29;50.36;1
2009.04.03;40.60;50.41;1
2009.04.04;40.60;50.45;1
2009.04.05;40.60;50.48;1
2009.04.06;41.56;50.52;1
2009.04.07;41.07;50.56;1
2009.04.08;40.50;50.59;1
2009.04.09;38.23;50.61;1
2009.04.10;38.23;50.62;1
2009.04.11;38.23;50.63;1
2009.04.12;38.23;50.64;1
2009.04.13;39.34;50.66;1
2009.04.14;39.43;50.67;1
2009.04.15;38.31;50.68;1
2009.04.16;36.80;50.68;1
2009.04.17;35.29;50.61;1
2009.04.18;35.29;50.57;1
2009.04.19;35.29;50.53;1
2009.04.20;39.71;50.49;1
2009.04.21;38.44;50.43;1
2009.04.22;39.24;50.38;1
2009.04.23;37.95;50.32;1
2009.04.24;36.80;50.22;1
2009.04.25;36.80;50.12;1
2009.04.26;36.80;49.98;1
2009.04.27;38.79;49.83;1
2009.04.28;38.53;49.66;1
2009.04.29;36.96;49.49;1
2009.04.30;36.64;49.32;1
2009.05.01;35.05;49.19;1
2009.05.02;35.05;49.05;1
2009.05.03;35.05;48.86;1
2009.05.04;35.05;48.68;1
2009.05.05;33.42;48.49;1
2009.05.06;33.28;48.30;1
2009.05.07;34.47;48.11;1
2009.05.08;33.67;47.98;1
2009.05.09;33.67;47.85;1
2009.05.10;33.67;47.70;1
2009.05.11;34.29;47.52;1
2009.05.12;33.09;47.30;1
2009.05.13;34.98;47.08;1
2009.05.14;32.64;46.85;1
2009.05.15;33.14;46.62;1
2009.05.16;33.14;46.45;1
2009.05.17;33.14;46.27;1
2009.05.18;30.22;46.11;1
2009.05.19;29.56;45.95;1
2009.05.20;29.90;45.80;1
2009.05.21;31.20;45.65;1
2009.05.22;31.87;45.53;1
2009.05.23;31.87;45.44;1
2009.05.24;31.87;45.32;1
2009.05.25;31.87;45.16;1
2009.05.26;31.23;45.04;1
2009.05.27;32.16;44.93;1
2009.05.28;31.52;44.81;1
2009.05.29;29.44;44.67;1
2009.05.30;29.44;44.51;1
2009.05.31;29.44;44.33;1
2009.06.01;30.72;44.20;1
2009.06.02;30.61;44.02;1
2009.06.03;31.45;43.85;1
2009.06.04;31.06;43.67;1
2009.06.05;30.71;43.48;1
2009.06.06;30.71;43.29;1
2009.06.07;30.71;43.07;1
2009.06.08;31.18;42.83;1
2009.06.09;29.69;42.62;1
2009.06.10;29.77;42.41;1
2009.06.11;29.73;42.21;1
2009.06.12;29.21;42.04;1
2009.06.13;29.21;41.88;1
2009.06.14;29.21;41.75;1
2009.06.15;32.54;41.64;1
2009.06.16;32.32;41.52;1
2009.06.17;31.47;41.40;1
2009.06.18;30.03;41.27;1
2009.06.19;28.30;41.08;1
2009.06.20;28.30;40.91;1
2009.06.21;28.30;40.74;1
2009.06.22;31.41;40.58;1
2009.06.23;30.69;40.44;1
2009.06.24;29.03;40.29;1
2009.06.25;27.25;40.13;1
2009.06.26;26.53;39.98;1
2009.06.27;26.53;39.83;1
2009.06.28;26.53;39.69;1
2009.06.29;26.47;39.57;1
2009.06.30;26.69;39.44;1
2009.07.01;26.86;39.32;1
2009.07.02;28.07;39.20;1
2009.07.03;28.07;39.06;1
2009.07.04;28.07;38.95;1
2009.07.05;28.07;38.85;1
2009.07.06;29.25;38.77;1
2009.07.07;31.20;38.71;1
2009.07.08;31.07;38.65;1
2009.07.09;30.00;38.58;1
2009.07.10;29.33;38.51;1
2009.07.11;29.33;38.44;1
2009.07.12;29.33;38.38;1
2009.07.13;26.61;38.29;1
2009.07.14;26.03;38.21;1
2009.07.15;25.28;38.12;1
2009.07.16;24.80;38.02;1
2009.07.17;24.28;37.93;1
2009.07.18;24.28;37.84;1
2009.07.19;24.28;37.76;1
2009.07.20;24.79;37.68;1
2009.07.21;24.68;37.61;1
2009.07.22;24.99;37.54;1
2009.07.23;25.87;37.47;1
2009.07.24;24.67;37.40;1
2009.07.25;24.67;37.32;1
2009.07.26;24.67;37.23;1
2009.07.27;25.65;37.14;1
2009.07.28;25.35;37.05;1
2009.07.29;26.22;36.96;1
2009.07.30;26.63;36.87;1
2009.07.31;26.16;36.78;1
2009.08.01;26.16;36.70;1
2009.08.02;26.16;36.59;1
2009.08.03;26.28;36.48;1
2009.08.04;25.17;36.38;1
2009.08.05;25.50;36.29;1
2009.08.06;26.36;36.20;1
2009.08.07;25.02;36.11;1
2009.08.08;25.02;35.96;1
2009.08.09;25.02;35.85;1
2009.08.10;25.66;35.75;1
2009.08.11;26.11;35.64;1
2009.08.12;25.68;35.54;1
2009.08.13;25.09;35.43;1
2009.08.14;25.24;35.33;1
2009.08.15;25.24;35.24;1
2009.08.16;25.24;35.17;1
2009.08.17;27.59;35.10;1
2009.08.18;26.18;35.00;1
2009.08.19;26.21;34.91;1
2009.08.20;24.97;34.81;1
2009.08.21;24.69;34.70;1
2009.08.22;24.69;34.61;1
2009.08.23;24.69;34.52;1
2009.08.24;25.27;34.43;1
2009.08.25;25.13;34.35;1
2009.08.26;25.60;34.26;1
2009.08.27;25.01;34.18;1
2009.08.28;24.93;34.09;1
2009.08.29;24.93;33.98;1
2009.08.30;24.93;33.88;1
2009.08.31;27.17;33.81;1
2009.09.01;29.31;33.74;1
2009.09.02;29.38;33.67;1
2009.09.03;28.10;33.60;1
2009.09.04;25.85;33.51;1
2009.09.05;25.85;33.40;1
2009.09.06;25.85;33.30;1
2009.09.07;25.85;33.20;1
2009.09.08;26.43;33.10;1
2009.09.09;25.77;32.99;1
2009.09.10;24.83;32.88;1
2009.09.11;25.29;32.76;1
2009.09.12;25.29;32.66;1
2009.09.13;25.29;32.57;1
2009.09.14;24.93;32.47;1
2009.09.15;24.61;32.37;1
2009.09.16;24.02;32.26;1
2009.09.17;24.26;32.16;1
2009.09.18;24.69;32.03;1
2009.09.19;24.69;31.90;1
2009.09.20;24.69;31.80;1
2009.09.21;24.92;31.68;1
2009.09.22;24.08;31.56;1
2009.09.23;24.47;31.45;1
2009.09.24;25.90;31.34;1
2009.09.25;25.77;31.22;1
2009.09.26;25.77;31.13;1
2009.09.27;25.77;31.05;1
2009.09.28;26.21;30.97;1
2009.09.29;26.11;30.90;1
2009.09.30;26.50;30.82;1
2009.10.01;28.95;30.76;1
2009.10.02;29.02;30.69;1
2009.10.03;29.02;30.63;1
2009.10.04;29.02;30.58;1
2009.10.05;28.23;30.51;1
2009.10.06;26.87;30.42;1
2009.10.07;25.88;30.32;1
2009.10.08;25.68;30.23;1
2009.10.09;24.18;30.14;1
2009.10.10;24.18;30.05;1
2009.10.11;24.18;29.96;1
2009.10.12;23.78;29.88;1
2009.10.13;23.84;29.79;1
2009.10.14;23.51;29.70;1
2009.10.15;22.51;29.61;1
2009.10.16;22.22;29.50;1
2009.10.17;22.22;29.39;1
2009.10.18;22.22;29.28;1
2009.10.19;22.11;29.18;1
2009.10.20;21.62;29.09;1
2009.10.21;23.14;29.00;1
2009.10.22;21.58;28.91;1
2009.10.23;22.62;28.81;1
2009.10.24;22.62;28.72;1
2009.10.25;22.62;28.63;1
2009.10.26;24.52;28.56;1
2009.10.27;25.40;28.50;1
2009.10.28;28.27;28.45;1
2009.10.29;25.40;28.38;1
2009.10.30;29.81;28.34;0
2009.10.31;29.81;28.29;0
2009.11.01;29.81;28.24;0
2009.11.02;29.88;28.21;0
2009.11.03;28.88;28.18;0
2009.11.04;27.89;28.14;1
2009.11.05;25.84;28.09;1
2009.11.06;24.60;28.02;1
2009.11.07;24.60;27.95;1
2009.11.08;24.60;27.88;1
2009.11.09;23.55;27.80;1
2009.11.10;23.39;27.74;1
2009.11.11;23.06;27.67;1
2009.11.12;24.05;27.60;1
2009.11.13;22.92;27.52;1
2009.11.14;22.92;27.45;1
2009.11.15;22.92;27.38;1
2009.11.16;23.13;27.31;1
2009.11.17;22.14;27.24;1
2009.11.18;22.03;27.18;1
2009.11.19;23.30;27.12;1
2009.11.20;22.49;27.06;1
2009.11.21;22.49;27.00;1
2009.11.22;22.49;26.95;1
2009.11.23;22.03;26.89;1
2009.11.24;21.50;26.83;1
2009.11.25;21.32;26.76;1
2009.11.26;21.32;26.70;1
2009.11.27;25.41;26.66;1
2009.11.28;25.41;26.62;1
2009.11.29;25.41;26.57;1
2009.11.30;24.73;26.53;1
2009.12.01;23.28;26.48;1
2009.12.02;22.58;26.43;1
2009.12.03;24.00;26.38;1
2009.12.04;23.10;26.35;1
2009.12.05;23.10;26.32;1
2009.12.06;23.10;26.28;1
2009.12.07;23.69;26.25;1
2009.12.08;24.80;26.21;1
2009.12.09;23.28;26.17;1
2009.12.10;23.13;26.12;1
2009.12.11;22.38;26.08;1
2009.12.12;22.38;26.03;1
2009.12.13;22.38;25.98;1
2009.12.14;22.03;25.94;1
2009.12.15;22.46;25.90;1
2009.12.16;21.95;25.86;1
2009.12.17;22.84;25.83;1
2009.12.18;21.78;25.79;1
2009.12.19;21.78;25.74;1
2009.12.20;21.78;25.69;1
2009.12.21;20.82;25.64;1
2009.12.22;19.70;25.59;1
2009.12.23;19.67;25.53;1
2009.12.24;19.47;25.47;1
2009.12.25;19.47;25.42;1
2009.12.26;19.47;25.37;1
2009.12.27;19.47;25.31;1
2009.12.28;20.45;25.27;1
2009.12.29;20.43;25.22;1
2009.12.30;20.52;25.18;1
2009.12.31;21.65;25.14;1
2010.01.01;21.65;25.09;1
2010.01.02;21.65;25.03;1
2010.01.03;21.65;24.99;1
2010.01.04;21.20;24.94;1
2010.01.05;20.50;24.90;1
2010.01.06;20.21;24.86;1
2010.01.07;19.99;24.82;1
2010.01.08;18.92;24.76;1
2010.01.09;18.92;24.70;1
2010.01.10;18.92;24.65;1
2010.01.11;18.47;24.60;1
2010.01.12;19.29;24.57;1
2010.01.13;18.40;24.53;1
2010.01.14;18.20;24.49;1
2010.01.15;18.73;24.45;1
2010.01.16;18.73;24.41;1
2010.01.17;18.73;24.37;1
2010.01.18;18.73;24.32;1
2010.01.19;18.74;24.27;1
2010.01.20;20.01;24.23;1
2010.01.21;23.19;24.21;1
2010.01.22;28.37;24.20;0
2010.01.23;28.37;24.19;0
2010.01.24;28.37;24.18;0
2010.01.25;27.04;24.16;0
2010.01.26;25.47;24.14;0
2010.01.27;24.21;24.12;0
2010.01.28;24.91;24.09;0
2010.01.29;25.80;24.09;0
2010.01.30;25.80;24.09;0
2010.01.31;25.80;24.09;0
2010.02.01;24.33;24.09;0
2010.02.02;23.01;24.08;1
2010.02.03;22.34;24.07;1
2010.02.04;25.99;24.08;0
2010.02.05;25.96;24.09;0
2010.02.06;25.96;24.09;0
2010.02.07;25.96;24.10;0
2010.02.08;26.92;24.10;0
2010.02.09;25.58;24.11;0
2010.02.10;25.23;24.11;0
2010.02.11;23.43;24.11;1
2010.02.12;22.97;24.09;1
2010.02.13;22.97;24.08;1
2010.02.14;22.97;24.06;1
2010.02.15;22.97;24.05;1
2010.02.16;21.92;24.02;1
2010.02.17;21.40;24.00;1
2010.02.18;20.65;23.97;1
2010.02.19;20.81;23.95;1
2010.02.20;20.81;23.92;1
2010.02.21;20.81;23.90;1
2010.02.22;20.43;23.87;1
2010.02.23;21.55;23.85;1
2010.02.24;20.63;23.83;1
2010.02.25;20.52;23.81;1
2010.02.26;19.78;23.78;1
2010.02.27;19.78;23.75;1
2010.02.28;19.78;23.72;1
2010.03.01;19.59;23.69;1
2010.03.02;19.51;23.66;1
2010.03.03;19.35;23.63;1
2010.03.04;19.10;23.60;1
2010.03.05;17.92;23.55;1
2010.03.06;17.92;23.51;1
2010.03.07;17.92;23.47;1
2010.03.08;18.67;23.44;1
2010.03.09;18.76;23.41;1
2010.03.10;19.08;23.38;1
2010.03.11;19.09;23.35;1
2010.03.12;19.14;23.32;1
2010.03.13;19.14;23.29;1
2010.03.14;19.14;23.26;1
2010.03.15;19.05;23.23;1
2010.03.16;18.31;23.20;1
2010.03.17;17.56;23.16;1
2010.03.18;17.24;23.12;1
2010.03.19;17.87;23.08;1
2010.03.20;17.87;23.02;1
2010.03.21;17.87;22.96;1
2010.03.22;18.03;22.91;1
2010.03.23;17.43;22.87;1
2010.03.24;18.01;22.83;1
2010.03.25;18.82;22.80;1
2010.03.26;18.67;22.76;1
2010.03.27;18.67;22.72;1
2010.03.28;18.67;22.68;1
2010.03.29;18.60;22.65;1
2010.03.30;18.23;22.62;1
2010.03.31;18.32;22.58;1
2010.04.01;18.76;22.55;1
2010.04.02;18.76;22.52;1
2010.04.03;18.76;22.49;1
2010.04.04;18.76;22.46;1
2010.04.05;18.52;22.44;1
2010.04.06;17.83;22.40;1
2010.04.07;17.70;22.37;1
2010.04.08;17.29;22.33;1
2010.04.09;16.54;22.29;1
2010.04.10;16.54;22.25;1
2010.04.11;16.54;22.21;1
2010.04.12;16.37;22.16;1
2010.04.13;15.97;22.11;1
2010.04.14;16.02;22.07;1
2010.04.15;16.54;22.02;1
2010.04.16;17.78;21.98;1
2010.04.17;17.78;21.94;1
2010.04.18;17.78;21.89;1
2010.04.19;17.89;21.84;1
2010.04.20;16.43;21.77;1
2010.04.21;16.30;21.71;1
2010.04.22;16.83;21.65;1
2010.04.23;16.60;21.59;1
2010.04.24;16.60;21.54;1
2010.04.25;16.60;21.49;1
2010.04.26;17.81;21.45;1
2010.04.27;21.30;21.44;1
2010.04.28;20.51;21.42;1
2010.04.29;18.96;21.39;1
2010.04.30;22.06;21.39;0
2010.05.01;22.06;21.38;0
2010.05.02;22.06;21.37;0
2010.05.03;21.16;21.36;1
2010.05.04;26.09;21.38;0
2010.05.05;26.32;21.40;0
2010.05.06;31.25;21.45;0
2010.05.07;41.52;21.55;0
2010.05.08;41.52;21.64;0
2010.05.09;41.52;21.74;0
2010.05.10;30.36;21.78;0
2010.05.11;29.59;21.82;0
2010.05.12;27.00;21.84;0
2010.05.13;28.05;21.86;0
2010.05.14;31.55;21.90;0
2010.05.15;31.55;21.93;0
2010.05.16;31.55;21.95;0
2010.05.17;31.78;21.98;0
2010.05.18;35.48;22.01;0
2010.05.19;37.79;22.05;0
2010.05.20;46.63;22.13;0
2010.05.21;42.81;22.20;0
2010.05.22;42.81;22.27;0
2010.05.23;42.81;22.34;0
2010.05.24;39.84;22.41;0
2010.05.25;36.28;22.47;0
2010.05.26;36.32;22.53;0
2010.05.27;30.30;22.56;0
2010.05.28;31.61;22.60;0
2010.05.29;31.61;22.64;0
2010.05.30;31.61;22.68;0
2010.05.31;31.61;22.72;0
2010.06.01;36.23;22.78;0
2010.06.02;31.00;22.82;0
2010.06.03;29.38;22.86;0
2010.06.04;34.16;22.91;0
2010.06.05;34.16;22.97;0
2010.06.06;34.16;23.03;0
2010.06.07;37.29;23.10;0
2010.06.08;35.22;23.17;0
2010.06.09;34.82;23.23;0
2010.06.10;31.30;23.27;0
2010.06.11;28.80;23.31;0
2010.06.12;28.80;23.34;0
2010.06.13;28.80;23.38;0
2010.06.14;28.94;23.42;0
2010.06.15;26.37;23.42;0
2010.06.16;25.92;23.42;0
2010.06.17;25.15;23.42;0
2010.06.18;24.15;23.42;0
2010.06.19;24.15;23.43;0
2010.06.20;24.15;23.43;0
2010.06.21;25.57;23.44;0
2010.06.22;26.83;23.46;0
2010.06.23;26.57;23.48;0
2010.06.24;29.09;23.51;0
2010.06.25;28.58;23.53;0
2010.06.26;28.58;23.55;0
2010.06.27;28.58;23.58;0
2010.06.28;29.37;23.61;0
2010.06.29;35.02;23.67;0
2010.06.30;35.14;23.73;0
2010.07.01;34.56;23.80;0
2010.07.02;32.19;23.85;0
2010.07.03;32.19;23.90;0
2010.07.04;32.19;23.95;0
2010.07.05;32.19;23.99;0
2010.07.06;31.65;24.04;0
2010.07.07;28.06;24.07;0
2010.07.08;27.05;24.10;0
2010.07.09;25.99;24.13;0
2010.07.10;25.99;24.16;0
2010.07.11;25.99;24.19;0
2010.07.12;25.50;24.22;0
2010.07.13;25.37;24.25;0
2010.07.14;25.96;24.28;0
2010.07.15;26.57;24.32;0
2010.07.16;26.87;24.35;0
2010.07.17;26.87;24.38;0
2010.07.18;26.87;24.41;0
2010.07.19;27.25;24.44;0
2010.07.20;25.21;24.46;0
2010.07.21;26.70;24.48;0
2010.07.22;25.22;24.50;0
2010.07.23;24.16;24.52;1
2010.07.24;24.16;24.53;1
2010.07.25;24.16;24.55;1
2010.07.26;24.11;24.58;1
2010.07.27;24.33;24.60;1
2010.07.28;25.03;24.63;0
2010.07.29;25.18;24.66;0
2010.07.30;24.52;24.69;1
2010.07.31;24.52;24.72;1
2010.08.01;24.52;24.75;1
2010.08.02;23.48;24.78;1
2010.08.03;23.61;24.80;1
2010.08.04;23.22;24.82;1
2010.08.05;23.27;24.85;1
2010.08.06;22.84;24.87;1
2010.08.07;22.84;24.89;1
2010.08.08;22.84;24.90;1
2010.08.09;22.97;24.90;1
2010.08.10;23.56;24.88;1
2010.08.11;26.90;24.87;0
2010.08.12;27.63;24.87;0
2010.08.13;28.07;24.87;0
2010.08.14;28.07;24.88;0
2010.08.15;28.07;24.90;0
2010.08.16;27.08;24.91;0
2010.08.17;25.92;24.91;0
2010.08.18;25.98;24.92;0
2010.08.19;26.90;24.92;0
2010.08.20;25.76;24.93;0
2010.08.21;25.76;24.94;0
2010.08.22;25.76;24.96;0
2010.08.23;26.49;24.96;0
2010.08.24;28.47;24.97;0
2010.08.25;27.77;24.98;0
2010.08.26;28.88;25.00;0
2010.08.27;26.31;24.99;0
2010.08.28;26.31;25.00;0
2010.08.29;26.31;25.00;0
2010.08.30;27.89;25.03;0
2010.08.31;27.45;25.05;0
2010.09.01;24.93;25.06;1
2010.09.02;23.93;25.06;1
2010.09.03;21.95;25.06;1
2010.09.04;21.95;25.06;1
2010.09.05;21.95;25.06;1
2010.09.06;21.95;25.07;1
2010.09.07;23.99;25.08;1
2010.09.08;23.53;25.10;1
2010.09.09;23.29;25.11;1
2010.09.10;22.98;25.12;1
2010.09.11;22.98;25.13;1
2010.09.12;22.98;25.14;1
2010.09.13;22.32;25.15;1
2010.09.14;21.63;25.16;1
2010.09.15;22.15;25.17;1
2010.09.16;21.81;25.18;1
2010.09.17;22.26;25.19;1
2010.09.18;22.26;25.21;1
2010.09.19;22.26;25.22;1
2010.09.20;22.43;25.24;1
2010.09.21;23.26;25.27;1
2010.09.22;23.63;25.29;1
2010.09.23;24.26;25.33;1
2010.09.24;22.72;25.35;1
2010.09.25;22.72;25.37;1
2010.09.26;22.72;25.38;1
2010.09.27;23.64;25.41;1
2010.09.28;23.86;25.43;1
2010.09.29;24.48;25.46;1
2010.09.30;24.96;25.49;1
2010.10.01;23.98;25.51;1
2010.10.02;23.98;25.54;1
2010.10.03;23.98;25.57;1
2010.10.04;25.16;25.61;1
2010.10.05;23.43;25.64;1
2010.10.06;23.53;25.67;1
2010.10.07;23.06;25.69;1
2010.10.08;21.98;25.71;1
2010.10.09;21.98;25.74;1
2010.10.10;21.98;25.76;1
2010.10.11;20.40;25.76;1
2010.10.12;20.54;25.77;1
2010.10.13;20.47;25.78;1
2010.10.14;20.63;25.79;1
2010.10.15;20.44;25.80;1
2010.10.16;20.44;25.81;1
2010.10.17;20.44;25.82;1
2010.10.18;21.25;25.84;1
2010.10.19;21.91;25.85;1
2010.10.20;21.65;25.87;1
2010.10.21;21.18;25.88;1
2010.10.22;20.42;25.89;1
2010.10.23;20.42;25.90;1
2010.10.24;20.42;25.91;1
2010.10.25;21.48;25.93;1
2010.10.26;21.81;25.96;1
2010.10.27;21.57;25.99;1
2010.10.28;21.65;26.01;1
2010.10.29;22.24;26.04;1
2010.10.30;22.24;26.07;1
2010.10.31;22.24;26.10;1
2010.11.01;22.92;26.14;1
2010.11.02;22.88;26.16;1
2010.11.03;20.41;26.17;1
2010.11.04;19.54;26.18;1
2010.11.05;18.67;26.19;1
2010.11.06;18.67;26.20;1
2010.11.07;18.67;26.21;1
2010.11.08;18.70;26.22;1
2010.11.09;18.99;26.23;1
2010.11.10;19.46;26.25;1
2010.11.11;19.37;26.26;1
2010.11.12;22.55;26.28;1
2010.11.13;22.55;26.29;1
2010.11.14;22.55;26.30;1
2010.11.15;21.69;26.31;1
2010.11.16;23.73;26.32;1
2010.11.17;23.25;26.33;1
2010.11.18;20.26;26.32;1
2010.11.19;19.78;26.31;1
2010.11.20;19.78;26.28;1
2010.11.21;19.78;26.25;1
2010.11.22;19.73;26.19;1
2010.11.23;21.77;26.09;1
2010.11.24;20.85;25.99;1
2010.11.25;20.85;25.88;1
2010.11.26;20.84;25.84;1
2010.11.27;20.84;25.79;1
2010.11.28;20.84;25.76;1
2010.11.29;23.28;25.74;1
2010.11.30;25.39;25.71;1
2010.12.01;23.09;25.67;1
2010.12.02;21.42;25.61;1
2010.12.03;19.77;25.55;1
2010.12.04;19.77;25.48;1
2010.12.05;19.77;25.39;1
2010.12.06;19.91;25.25;1
2010.12.07;20.16;25.14;1
2010.12.08;19.70;25.02;1
2010.12.09;19.06;24.90;1
2010.12.10;18.77;24.80;1
2010.12.11;18.77;24.71;1
2010.12.12;18.77;24.62;1
2010.12.13;18.26;24.56;1
2010.12.14;18.40;24.50;1
2010.12.15;18.86;24.43;1
2010.12.16;18.25;24.37;1
2010.12.17;17.31;24.30;1
2010.12.18;17.31;24.20;1
2010.12.19;17.31;24.13;1
2010.12.20;17.18;24.07;1
2010.12.21;16.83;23.98;1
2010.12.22;16.57;23.90;1
2010.12.23;17.43;23.81;1
2010.12.24;17.43;23.71;1
2010.12.25;17.43;23.63;1
2010.12.26;17.43;23.54;1
2010.12.27;18.94;23.48;1
2010.12.28;18.89;23.43;1
2010.12.29;18.27;23.37;1
2010.12.30;18.66;23.32;1
2010.12.31;19.48;23.28;1
2011.01.01;19.48;23.24;1
2011.01.02;19.48;23.21;1
2011.01.03;19.07;23.18;1
2011.01.04;18.90;23.15;1
2011.01.05;18.35;23.12;1
2011.01.06;18.41;23.10;1
2011.01.07;18.72;23.06;1
2011.01.08;18.72;23.02;1
2011.01.09;18.72;22.98;1
2011.01.10;18.67;22.93;1
2011.01.11;18.07;22.88;1
2011.01.12;17.42;22.82;1
2011.01.13;17.45;22.76;1
2011.01.14;16.49;22.70;1
2011.01.15;16.49;22.61;1
2011.01.16;16.49;22.51;1
2011.01.17;16.49;22.42;1
2011.01.18;16.42;22.35;1
2011.01.19;18.43;22.28;1
2011.01.20;19.63;22.21;1
2011.01.21;20.17;22.15;1
2011.01.22;20.17;22.10;1
2011.01.23;20.17;22.06;1
2011.01.24;18.83;22.02;1
2011.01.25;18.84;21.98;1
2011.01.26;17.93;21.94;1
2011.01.27;17.83;21.90;1
2011.01.28;21.66;21.88;1
2011.01.29;21.66;21.86;1
2011.01.30;21.66;21.84;1
2011.01.31;21.79;21.82;1
2011.02.01;19.96;21.78;1
2011.02.02;19.84;21.75;1
2011.02.03;19.09;21.71;1
2011.02.04;17.91;21.66;1
2011.02.05;17.91;21.62;1
2011.02.06;17.91;21.58;1
2011.02.07;18.22;21.55;1
2011.02.08;17.68;21.51;1
2011.02.09;17.72;21.48;1
2011.02.10;17.91;21.45;1
2011.02.11;17.18;21.41;1
2011.02.12;17.18;21.38;1
2011.02.13;17.18;21.34;1
2011.02.14;17.46;21.30;1
2011.02.15;17.98;21.27;1
2011.02.16;18.23;21.24;1
2011.02.17;18.22;21.21;1
2011.02.18;17.90;21.18;1
2011.02.19;17.90;21.15;1
2011.02.20;17.90;21.12;1
2011.02.21;17.90;21.10;1
2011.02.22;23.39;21.10;0
2011.02.23;24.37;21.11;0
2011.02.24;23.67;21.11;0
2011.02.25;20.64;21.10;1
2011.02.26;20.64;21.08;1
2011.02.27;20.64;21.05;1
2011.02.28;20.55;21.02;1
2011.03.01;22.82;20.99;0
2011.03.02;22.74;20.96;0
2011.03.03;20.10;20.92;1
2011.03.04;20.47;20.89;1
2011.03.05;20.47;20.86;1
2011.03.06;20.47;20.84;1
2011.03.07;23.22;20.82;0
2011.03.08;22.74;20.80;0
2011.03.09;23.43;20.79;0
2011.03.10;24.27;20.78;0
2011.03.11;22.49;20.76;0
2011.03.12;22.49;20.73;0
2011.03.13;22.49;20.71;0
2011.03.14;23.10;20.68;0
2011.03.15;26.79;20.68;0
2011.03.16;30.70;20.70;0
2011.03.17;28.41;20.71;0
2011.03.18;26.60;20.71;0
2011.03.19;26.60;20.70;0
2011.03.20;26.60;20.71;0
2011.03.21;23.82;20.71;0
2011.03.22;22.35;20.71;0
2011.03.23;21.96;20.71;0
2011.03.24;20.59;20.71;1
2011.03.25;20.78;20.70;0
2011.03.26;20.78;20.68;0
2011.03.27;20.78;20.67;0
2011.03.28;22.23;20.66;0
2011.03.29;21.34;20.66;0
2011.03.30;20.38;20.64;1
2011.03.31;19.74;20.63;1
2011.04.01;19.41;20.61;1
2011.04.02;19.41;20.60;1
2011.04.03;19.41;20.59;1
2011.04.04;20.05;20.58;1
2011.04.05;19.46;20.57;1
2011.04.06;19.32;20.55;1
2011.04.07;19.34;20.54;1
2011.04.08;19.76;20.52;1
2011.04.09;19.76;20.51;1
2011.04.10;19.76;20.49;1
2011.04.11;19.09;20.46;1
2011.04.12;19.39;20.44;1
2011.04.13;18.50;20.42;1
2011.04.14;17.70;20.40;1
2011.04.15;17.48;20.37;1
2011.04.16;17.48;20.33;1
2011.04.17;17.48;20.30;1
2011.04.18;18.47;20.27;1
2011.04.19;16.23;20.23;1
2011.04.20;16.49;20.19;1
2011.04.21;15.85;20.15;1
2011.04.22;15.85;20.10;1
2011.04.23;15.85;20.07;1
2011.04.24;15.85;20.03;1
2011.04.25;17.22;20.00;1
2011.04.26;17.78;19.98;1
2011.04.27;17.03;19.95;1
2011.04.28;16.20;19.92;1
2011.04.29;16.54;19.90;1
2011.04.30;16.54;19.88;1
2011.05.01;16.54;19.86;1
2011.05.02;18.13;19.85;1
2011.05.03;18.62;19.84;1
2011.05.04;18.59;19.83;1
2011.05.05;19.12;19.83;1
2011.05.06;19.26;19.82;1
2011.05.07;19.26;19.80;1
2011.05.08;19.26;19.79;1
2011.05.09;18.38;19.78;1
2011.05.10;17.10;19.76;1
2011.05.11;17.41;19.75;1
2011.05.12;16.99;19.73;1
2011.05.13;18.40;19.71;1
2011.05.14;18.40;19.70;1
2011.05.15;18.40;19.68;1
2011.05.16;19.50;19.67;1
2011.05.17;19.12;19.65;1
2011.05.18;17.65;19.63;1
2011.05.19;17.06;19.61;1
2011.05.20;18.16;19.58;1
2011.05.21;18.16;19.56;1
2011.05.22;18.16;19.55;1
2011.05.23;19.21;19.55;1
2011.05.24;19.40;19.55;1
2011.05.25;18.16;19.55;1
2011.05.26;17.26;19.54;1
2011.05.27;16.87;19.53;1
2011.05.28;16.87;19.52;1
2011.05.29;16.87;19.51;1
2011.05.30;16.87;19.49;1
2011.05.31;16.44;19.46;1
2011.06.01;19.24;19.45;1
2011.06.02;18.71;19.43;1
2011.06.03;18.90;19.41;1
2011.06.04;18.90;19.39;1
2011.06.05;18.90;19.37;1
2011.06.06;19.58;19.36;0
2011.06.07;19.14;19.36;1
2011.06.08;19.97;19.36;0
2011.06.09;18.88;19.36;1
2011.06.10;19.85;19.36;0
2011.06.11;19.85;19.35;0
2011.06.12;19.85;19.34;0
2011.06.13;20.22;19.34;0
2011.06.14;18.74;19.33;1
2011.06.15;22.29;19.34;0
2011.06.16;24.47;19.36;0
2011.06.17;23.58;19.36;0
2011.06.18;23.58;19.35;0
2011.06.19;23.58;19.35;0
2011.06.20;22.07;19.35;0
2011.06.21;20.36;19.36;0
2011.06.22;20.20;19.36;0
2011.06.23;20.76;19.36;0
2011.06.24;22.58;19.38;0
2011.06.25;22.58;19.39;0
2011.06.26;22.58;19.40;0
2011.06.27;21.96;19.42;0
2011.06.28;20.71;19.43;0
2011.06.29;18.84;19.43;1
2011.06.30;17.86;19.42;1
2011.07.01;17.37;19.42;1
2011.07.02;17.37;19.41;1
2011.07.03;17.37;19.41;1
2011.07.04;17.37;19.40;1
2011.07.05;17.76;19.40;1
2011.07.06;17.85;19.41;1
2011.07.07;17.71;19.41;1
2011.07.08;17.45;19.41;1
2011.07.09;17.45;19.41;1
2011.07.10;17.45;19.42;1
2011.07.11;20.22;19.43;0
2011.07.12;21.93;19.45;0
2011.07.13;21.82;19.48;0
2011.07.14;21.87;19.50;0
2011.07.15;20.95;19.51;0
2011.07.16;20.95;19.52;0
2011.07.17;20.95;19.53;0
2011.07.18;22.48;19.55;0
2011.07.19;20.46;19.56;0
2011.07.20;21.06;19.56;0
2011.07.21;19.71;19.57;0
2011.07.22;19.17;19.57;1
2011.07.23;19.17;19.57;1
2011.07.24;19.17;19.57;1
2011.07.25;20.95;19.58;0
2011.07.26;21.58;19.60;0
2011.07.27;24.70;19.63;0
2011.07.28;25.12;19.66;0
2011.07.29;26.08;19.70;0
2011.07.30;26.08;19.74;0
2011.07.31;26.08;19.78;0
2011.08.01;24.26;19.81;0
2011.08.02;25.69;19.86;0
2011.08.03;24.73;19.90;0
2011.08.04;31.68;19.98;0
2011.08.05;33.77;20.06;0
2011.08.06;33.77;20.15;0
2011.08.07;33.77;20.23;0
2011.08.08;44.74;20.35;0
2011.08.09;34.63;20.43;0
2011.08.10;41.76;20.53;0
2011.08.11;37.85;20.62;0
2011.08.12;35.22;20.70;0
2011.08.13;35.22;20.79;0
2011.08.14;35.22;20.87;0
2011.08.15;30.44;20.94;0
2011.08.16;31.55;20.98;0
2011.08.17;31.17;21.03;0
2011.08.18;41.61;21.13;0
2011.08.19;43.47;21.24;0
2011.08.20;43.47;21.36;0
2011.08.21;43.47;21.48;0
2011.08.22;42.03;21.59;0
2011.08.23;35.45;21.68;0
2011.08.24;35.65;21.77;0
2011.08.25;39.43;21.87;0
2011.08.26;34.49;21.96;0
2011.08.27;34.49;22.04;0
2011.08.28;34.49;22.12;0
2011.08.29;32.11;22.20;0
2011.08.30;32.02;22.27;0
2011.08.31;31.37;22.34;0
2011.09.01;31.36;22.41;0
2011.09.02;33.00;22.49;0
2011.09.03;33.00;22.56;0
2011.09.04;33.00;22.64;0
2011.09.05;33.00;22.71;0
2011.09.06;35.86;22.80;0
2011.09.07;33.12;22.88;0
2011.09.08;33.65;22.96;0
2011.09.09;37.99;23.06;0
2011.09.10;37.99;23.13;0
2011.09.11;37.99;23.20;0
2011.09.12;37.97;23.27;0
2011.09.13;36.00;23.35;0
2011.09.14;33.36;23.41;0
2011.09.15;30.67;23.46;0
2011.09.16;29.36;23.50;0
2011.09.17;29.36;23.54;0
2011.09.18;29.36;23.57;0
2011.09.19;31.42;23.63;0
2011.09.20;31.30;23.68;0
2011.09.21;34.68;23.75;0
2011.09.22;40.25;23.85;0
2011.09.23;39.88;23.93;0
2011.09.24;39.88;24.02;0
2011.09.25;39.88;24.10;0
2011.09.26;39.24;24.18;0
2011.09.27;37.65;24.25;0
2011.09.28;40.76;24.34;0
2011.09.29;41.16;24.44;0
2011.09.30;44.98;24.55;0
2011.10.01;44.98;24.64;0
2011.10.02;44.98;24.71;0
2011.10.03;46.61;24.80;0
2011.10.04;42.47;24.88;0
2011.10.05;39.12;24.94;0
2011.10.06;37.32;25.00;0
2011.10.07;37.08;25.06;0
2011.10.08;37.08;25.14;0
2011.10.09;37.08;25.21;0
2011.10.10;34.48;25.28;0
2011.10.11;34.10;25.35;0
2011.10.12;32.34;25.40;0
2011.10.13;30.30;25.45;0
2011.10.14;28.69;25.48;0
2011.10.15;28.69;25.52;0
2011.10.16;28.69;25.56;0
2011.10.17;32.92;25.63;0
2011.10.18;30.48;25.68;0
2011.10.19;33.84;25.76;0
2011.10.20;34.78;25.83;0
2011.10.21;31.42;25.89;0
2011.10.22;31.42;25.95;0
2011.10.23;31.42;26.01;0
2011.10.24;28.45;26.06;0
2011.10.25;31.54;26.11;0
2011.10.26;30.47;26.17;0
2011.10.27;26.28;26.20;0
2011.10.28;25.00;26.23;1
2011.10.29;25.00;26.26;1
2011.10.30;25.00;26.29;1
2011.10.31;28.82;26.35;0
2011.11.01;33.49;26.43;0
2011.11.02;32.03;26.50;0
2011.11.03;29.30;26.56;0
2011.11.04;29.35;26.61;0
2011.11.05;29.35;26.68;0
2011.11.06;29.35;26.74;0
2011.11.07;28.83;26.81;0
2011.11.08;27.31;26.87;0
2011.11.09;34.61;26.96;0
2011.11.10;32.67;27.04;0
2011.11.11;29.35;27.10;0
2011.11.12;29.35;27.16;0
2011.11.13;29.35;27.22;0
2011.11.14;30.73;27.30;0
2011.11.15;30.04;27.36;0
2011.11.16;31.94;27.44;0
2011.11.17;34.34;27.53;0
2011.11.18;31.83;27.60;0
2011.11.19;31.83;27.66;0
2011.11.20;31.83;27.73;0
2011.11.21;32.93;27.80;0
2011.11.22;31.07;27.86;0
2011.11.23;33.07;27.93;0
2011.11.24;33.07;28.00;0
2011.11.25;33.04;28.07;0
2011.11.26;33.04;28.15;0
2011.11.27;33.04;28.23;0
2011.11.28;31.56;28.30;0
2011.11.29;31.06;28.36;0
2011.11.30;27.77;28.41;1
2011.12.01;27.20;28.45;1
2011.12.02;27.69;28.50;1
2011.12.03;27.69;28.54;1
2011.12.04;27.69;28.59;1
2011.12.05;27.89;28.64;1
2011.12.06;27.94;28.69;1
2011.12.07;28.45;28.74;1
2011.12.08;30.00;28.80;0
2011.12.09;25.99;28.84;1
2011.12.10;25.99;28.87;1
2011.12.11;25.99;28.91;1
2011.12.12;24.56;28.94;1
2011.12.13;25.29;28.99;1
2011.12.14;26.08;29.03;1
2011.12.15;24.79;29.07;1
2011.12.16;23.48;29.11;1
2011.12.17;23.48;29.14;1
2011.12.18;23.48;29.16;1
2011.12.19;24.15;29.19;1
2011.12.20;22.50;29.21;1
2011.12.21;22.29;29.22;1
2011.12.22;21.89;29.24;1
2011.12.23;21.37;29.25;1
2011.12.24;21.37;29.26;1
2011.12.25;21.37;29.27;1
2011.12.26;21.37;29.28;1
2011.12.27;22.49;29.29;1
2011.12.28;23.54;29.31;1
2011.12.29;23.07;29.33;1
2011.12.30;23.13;29.34;1
2011.12.31;23.13;29.36;1
2012.01.01;23.13;29.37;1
2012.01.02;23.13;29.36;1
2012.01.03;23.02;29.36;1
2012.01.04;21.98;29.35;1
2012.01.05;21.40;29.34;1
2012.01.06;20.52;29.33;1
2012.01.07;20.52;29.33;1
2012.01.08;20.52;29.33;1
2012.01.09;21.22;29.34;1
2012.01.10;20.93;29.33;1
2012.01.11;21.18;29.32;1
2012.01.12;20.79;29.31;1
2012.01.13;21.38;29.31;1
2012.01.14;21.38;29.31;1
2012.01.15;21.38;29.32;1
2012.01.16;21.38;29.34;1
2012.01.17;22.21;29.37;1
2012.01.18;21.29;29.39;1
2012.01.19;20.27;29.40;1
2012.01.20;18.97;29.41;1
2012.01.21;18.97;29.41;1
2012.01.22;18.97;29.42;1
2012.01.23;19.42;29.43;1
2012.01.24;19.74;29.44;1
2012.01.25;19.36;29.45;1
2012.01.26;19.56;29.46;1
2012.01.27;19.31;29.46;1
2012.01.28;19.31;29.44;1
2012.01.29;19.31;29.43;1
2012.01.30;19.75;29.42;1
2012.01.31;19.89;29.41;1
2012.02.01;19.04;29.40;1
2012.02.02;18.89;29.39;1
2012.02.03;18.21;29.37;1
2012.02.04;18.21;29.36;1
2012.02.05;18.21;29.35;1
2012.02.06;18.65;29.34;1
2012.02.07;18.75;29.34;1
2012.02.08;18.99;29.34;1
2012.02.09;18.90;29.34;1
2012.02.10;20.94;29.34;1
2012.02.11;20.94;29.33;1
2012.02.12;20.94;29.32;1
2012.02.13;19.60;29.29;1
2012.02.14;20.18;29.26;1
2012.02.15;22.35;29.24;1
2012.02.16;20.89;29.21;1
2012.02.17;19.76;29.19;1
2012.02.18;19.76;29.16;1
2012.02.19;19.76;29.14;1
2012.02.20;19.76;29.08;1
2012.02.21;19.92;29.01;1
2012.02.22;19.72;28.94;1
2012.02.23;18.41;28.86;1
2012.02.24;18.27;28.73;1
2012.02.25;18.27;28.65;1
2012.02.26;18.27;28.53;1
2012.02.27;19.42;28.44;1
2012.02.28;19.55;28.36;1
2012.02.29;19.83;28.28;1
2012.03.01;18.68;28.20;1
2012.03.02;18.23;28.14;1
2012.03.03;18.23;28.07;1
2012.03.04;18.23;28.01;1
2012.03.05;19.57;27.90;1
2012.03.06;21.42;27.79;1
2012.03.07;20.42;27.67;1
2012.03.08;19.05;27.55;1
2012.03.09;18.11;27.43;1
2012.03.10;18.11;27.34;1
2012.03.11;18.11;27.25;1
2012.03.12;16.71;27.14;1
2012.03.13;16.44;27.05;1
2012.03.14;17.59;26.97;1
2012.03.15;17.25;26.88;1
2012.03.16;16.47;26.80;1
2012.03.17;16.47;26.72;1
2012.03.18;16.47;26.65;1
2012.03.19;16.55;26.58;1
2012.03.20;16.35;26.49;1
2012.03.21;16.23;26.41;1
2012.03.22;16.83;26.33;1
2012.03.23;16.57;26.25;1
2012.03.24;16.57;26.15;1
2012.03.25;16.57;26.07;1
2012.03.26;15.92;25.98;1
2012.03.27;17.02;25.87;1
2012.03.28;17.28;25.77;1
2012.03.29;17.27;25.67;1
2012.03.30;17.19;25.56;1
2012.03.31;17.19;25.47;1
2012.04.01;17.19;25.39;1
2012.04.02;16.70;25.32;1
2012.04.03;16.82;25.25;1
2012.04.04;17.95;25.20;1
2012.04.05;17.96;25.14;1
2012.04.06;17.96;25.07;1
2012.04.07;17.96;25.01;1
2012.04.08;17.96;24.92;1
2012.04.09;20.18;24.82;1
2012.04.10;21.59;24.73;1
2012.04.11;21.30;24.64;1
2012.04.12;19.34;24.54;1
2012.04.13;21.44;24.45;1
2012.04.14;21.44;24.37;1
2012.04.15;21.44;24.27;1
2012.04.16;22.57;24.18;1
2012.04.17;20.63;24.05;1
2012.04.18;21.26;23.94;1
2012.04.19;20.99;23.82;1
2012.04.20;20.17;23.68;1
2012.04.21;20.17;23.57;1
2012.04.22;20.17;23.48;1
2012.04.23;21.31;23.40;1
2012.04.24;21.03;23.32;1
2012.04.25;18.47;23.22;1
2012.04.26;17.83;23.13;1
2012.04.27;17.52;23.04;1
2012.04.28;17.52;22.96;1
2012.04.29;17.52;22.89;1
2012.04.30;18.77;22.83;1
2012.05.01;18.66;22.78;1
2012.05.02;18.41;22.73;1
2012.05.03;19.19;22.68;1
2012.05.04;21.10;22.62;1
2012.05.05;21.10;22.57;1
2012.05.06;21.10;22.51;1
2012.05.07;21.06;22.44;1
2012.05.08;21.28;22.39;1
2012.05.09;21.98;22.34;1
2012.05.10;21.33;22.29;1
2012.05.11;21.79;22.26;1
2012.05.12;21.79;22.21;1
2012.05.13;21.79;22.17;1
2012.05.14;23.48;22.15;0
2012.05.15;23.59;22.15;0
2012.05.16;24.17;22.14;0
2012.05.17;26.50;22.15;0
2012.05.18;27.55;22.14;0
2012.05.19;27.55;22.11;0
2012.05.20;27.55;22.09;0
2012.05.21;24.30;22.07;0
2012.05.22;24.52;22.04;0
2012.05.23;24.07;22.02;0
2012.05.24;24.20;21.99;0
2012.05.25;23.99;21.97;0
2012.05.26;23.99;21.95;0
2012.05.27;23.99;21.90;0
2012.05.28;23.99;21.85;0
2012.05.29;23.33;21.82;0
2012.05.30;25.35;21.80;0
2012.05.31;25.89;21.78;0
2012.06.01;28.63;21.77;0
2012.06.02;28.63;21.77;0
2012.06.03;28.63;21.75;0
2012.06.04;28.17;21.72;0
2012.06.05;26.39;21.69;0
2012.06.06;23.75;21.65;0
2012.06.07;23.81;21.61;0
2012.06.08;22.55;21.56;0
2012.06.09;22.55;21.52;0
2012.06.10;22.55;21.47;0
2012.06.11;24.60;21.42;0
2012.06.12;23.15;21.37;0
2012.06.13;24.52;21.33;0
2012.06.14;24.02;21.29;0
2012.06.15;21.86;21.24;0
2012.06.16;21.86;21.19;0
2012.06.17;21.86;21.16;0
2012.06.18;19.64;21.12;1
2012.06.19;19.20;21.08;1
2012.06.20;17.81;21.03;1
2012.06.21;20.78;21.00;1
2012.06.22;19.12;20.95;1
2012.06.23;19.12;20.91;1
2012.06.24;19.12;20.86;1
2012.06.25;21.28;20.82;0
2012.06.26;20.87;20.79;0
2012.06.27;20.68;20.77;1
2012.06.28;21.51;20.74;0
2012.06.29;18.65;20.72;1
2012.06.30;18.65;20.68;1
2012.07.01;18.65;20.64;1
2012.07.02;18.55;20.61;1
2012.07.03;18.56;20.59;1
2012.07.04;18.56;20.56;1
2012.07.05;18.43;20.54;1
2012.07.06;18.65;20.51;1
2012.07.07;18.65;20.49;1
2012.07.08;18.65;20.47;1
2012.07.09;19.60;20.46;1
2012.07.10;20.67;20.46;0
2012.07.11;20.34;20.45;1
2012.07.12;20.97;20.45;0
2012.07.13;19.09;20.44;1
2012.07.14;19.09;20.42;1
2012.07.15;19.09;20.40;1
2012.07.16;19.54;20.38;1
2012.07.17;18.91;20.36;1
2012.07.18;18.30;20.34;1
2012.07.19;17.49;20.31;1
2012.07.20;18.20;20.29;1
2012.07.21;18.20;20.26;1
2012.07.22;18.20;20.24;1
2012.07.23;20.61;20.24;0
2012.07.24;22.83;20.25;0
2012.07.25;21.44;20.25;0
2012.07.26;20.11;20.25;1
2012.07.27;18.58;20.24;1
2012.07.28;18.58;20.23;1
2012.07.29;18.58;20.21;1
2012.07.30;19.74;20.21;1
2012.07.31;20.30;20.20;0
2012.08.01;20.19;20.20;1
2012.08.02;19.08;20.19;1
2012.08.03;17.46;20.17;1
2012.08.04;17.46;20.14;1
2012.08.05;17.46;20.12;1
2012.08.06;17.57;20.11;1
2012.08.07;17.41;20.10;1
2012.08.08;16.97;20.09;1
2012.08.09;16.41;20.08;1
2012.08.10;15.89;20.06;1
2012.08.11;15.89;20.04;1
2012.08.12;15.89;20.03;1
2012.08.13;14.48;20.00;1
2012.08.14;15.40;19.98;1
2012.08.15;14.77;19.96;1
2012.08.16;14.81;19.94;1
2012.08.17;13.79;19.91;1
2012.08.18;13.79;19.88;1
2012.08.19;13.79;19.85;1
2012.08.20;14.62;19.83;1
2012.08.21;15.36;19.81;1
2012.08.22;15.58;19.80;1
2012.08.23;16.68;19.79;1
2012.08.24;16.60;19.78;1
2012.08.25;16.60;19.77;1
2012.08.26;16.60;19.76;1
2012.08.27;17.19;19.75;1
2012.08.28;17.64;19.73;1
2012.08.29;18.11;19.72;1
2012.08.30;19.03;19.71;1
2012.08.31;18.35;19.70;1
2012.09.01;18.35;19.70;1
2012.09.02;18.35;19.68;1
2012.09.03;18.35;19.66;1
2012.09.04;19.09;19.66;1
2012.09.05;19.02;19.66;1
2012.09.06;17.01;19.64;1
2012.09.07;15.44;19.62;1
2012.09.08;15.44;19.60;1
2012.09.09;15.44;19.58;1
2012.09.10;17.80;19.57;1
2012.09.11;18.01;19.57;1
2012.09.12;17.18;19.57;1
2012.09.13;16.15;19.56;1
2012.09.14;15.89;19.54;1
2012.09.15;15.89;19.52;1
2012.09.16;15.89;19.50;1
2012.09.17;15.79;19.49;1
2012.09.18;15.05;19.47;1
2012.09.19;14.84;19.45;1
2012.09.20;14.58;19.44;1
2012.09.21;14.44;19.41;1
2012.09.22;14.44;19.37;1
2012.09.23;14.44;19.34;1
2012.09.24;15.34;19.33;1
2012.09.25;16.70;19.32;1
2012.09.26;17.94;19.32;1
2012.09.27;16.45;19.31;1
2012.09.28;17.01;19.31;1
2012.09.29;17.01;19.31;1
2012.09.30;17.01;19.31;1
2012.10.01;17.75;19.31;1
2012.10.02;17.30;19.32;1
2012.10.03;16.76;19.32;1
2012.10.04;16.65;19.32;1
2012.10.05;16.48;19.32;1
2012.10.06;16.48;19.32;1
2012.10.07;16.48;19.32;1
2012.10.08;17.52;19.33;1
2012.10.09;18.87;19.34;1
2012.10.10;18.48;19.35;1
2012.10.11;18.33;19.36;1
2012.10.12;17.84;19.36;1
2012.10.13;17.84;19.37;1
2012.10.14;17.84;19.37;1
2012.10.15;17.55;19.37;1
2012.10.16;17.17;19.37;1
2012.10.17;16.89;19.37;1
2012.10.18;17.61;19.37;1
2012.10.19;20.05;19.39;0
2012.10.20;20.05;19.41;0
2012.10.21;20.05;19.42;0
2012.10.22;19.20;19.42;1
2012.10.23;20.66;19.44;0
2012.10.24;21.67;19.46;0
2012.10.25;20.28;19.47;0
2012.10.26;19.58;19.46;0
2012.10.27;19.58;19.45;0
2012.10.28;19.58;19.45;0
2012.10.29;19.58;19.45;0
2012.10.30;19.58;19.44;0
2012.10.31;20.33;19.43;0
2012.11.01;18.44;19.42;1
2012.11.02;19.95;19.40;0
2012.11.03;19.95;19.40;0
2012.11.04;19.95;19.39;0
2012.11.05;19.54;19.39;0
2012.11.06;19.10;19.38;1
2012.11.07;20.42;19.38;0
2012.11.08;20.14;19.38;0
2012.11.09;19.41;19.37;0
2012.11.10;19.41;19.36;0
2012.11.11;19.41;19.37;0
2012.11.12;18.62;19.37;1
2012.11.13;19.05;19.38;1
2012.11.14;19.50;19.39;0
2012.11.15;19.23;19.40;1
2012.11.16;18.13;19.40;1
2012.11.17;18.13;19.39;1
2012.11.18;18.13;19.39;1
2012.11.19;15.92;19.38;1
2012.11.20;16.18;19.35;1
2012.11.21;16.21;19.33;1
2012.11.22;16.21;19.30;1
2012.11.23;16.21;19.28;1
2012.11.24;16.21;19.25;1
2012.11.25;16.21;19.22;1
2012.11.26;16.81;19.20;1
2012.11.27;16.90;19.18;1
2012.11.28;16.75;19.15;1
2012.11.29;16.40;19.12;1
2012.11.30;16.96;19.09;1
2012.12.01;16.96;19.06;1
2012.12.02;16.96;19.02;1
2012.12.03;17.69;18.98;1
2012.12.04;18.37;18.93;1
2012.12.05;18.63;18.89;1
2012.12.06;18.49;18.84;1
2012.12.07;18.35;18.81;1
2012.12.08;18.35;18.78;1
2012.12.09;18.35;18.75;1
2012.12.10;18.74;18.73;0
2012.12.11;17.96;18.70;1
2012.12.12;18.58;18.67;1
2012.12.13;19.47;18.65;0
2012.12.14;20.19;18.63;0
2012.12.15;20.19;18.61;0
2012.12.16;20.19;18.59;0
2012.12.17;19.47;18.55;0
2012.12.18;18.63;18.50;0
2012.12.19;19.27;18.46;0
2012.12.20;19.32;18.41;0
2012.12.21;20.16;18.37;0
2012.12.22;20.16;18.34;0
2012.12.23;20.16;18.32;0
2012.12.24;20.15;18.30;0
2012.12.25;20.15;18.29;0
2012.12.26;21.18;18.28;0
2012.12.27;21.57;18.28;0
2012.12.28;23.32;18.27;0
2012.12.29;23.32;18.27;0
2012.12.30;23.32;18.27;0
2012.12.31;20.56;18.25;0
2013.01.01;20.56;18.24;0
2013.01.02;16.95;18.22;1
2013.01.03;17.11;18.20;1
2013.01.04;15.51;18.18;1
2013.01.05;15.51;18.16;1
2013.01.06;15.51;18.15;1
2013.01.07;16.55;18.12;1
2013.01.08;16.43;18.11;1
2013.01.09;16.08;18.10;1
2013.01.10;16.08;18.08;1
2013.01.11;15.87;18.05;1
2013.01.12;15.87;18.03;1
2013.01.13;15.87;18.00;1
2013.01.14;16.13;17.98;1
2013.01.15;16.12;17.96;1
2013.01.16;15.32;17.95;1
2013.01.17;15.07;17.93;1
2013.01.18;14.17;17.91;1
2013.01.19;14.17;17.89;1
2013.01.20;14.17;17.86;1
2013.01.21;14.17;17.84;1
2013.01.22;14.08;17.82;1
2013.01.23;14.28;17.80;1
2013.01.24;14.17;17.78;1
2013.01.25;14.06;17.75;1
2013.01.26;14.06;17.71;1
2013.01.27;14.06;17.68;1
2013.01.28;14.39;17.65;1
2013.01.29;14.02;17.63;1
2013.01.30;14.38;17.60;1
2013.01.31;14.83;17.58;1
2013.02.01;13.89;17.55;1
2013.02.02;13.89;17.53;1
2013.02.03;13.89;17.51;1
2013.02.04;15.73;17.50;1
2013.02.05;14.83;17.48;1
2013.02.06;14.02;17.46;1
2013.02.07;14.77;17.44;1
2013.02.08;14.14;17.41;1
2013.02.09;14.14;17.37;1
2013.02.10;14.14;17.33;1
2013.02.11;14.11;17.30;1
2013.02.12;13.06;17.27;1
2013.02.13;14.41;17.25;1
2013.02.14;13.66;17.23;1
2013.02.15;13.47;17.19;1
2013.02.16;13.47;17.16;1
2013.02.17;13.47;17.13;1
2013.02.18;13.47;17.10;1
2013.02.19;13.42;17.08;1
2013.02.20;15.28;17.07;1
2013.02.21;16.49;17.06;1
2013.02.22;15.68;17.05;1
2013.02.23;15.68;17.04;1
2013.02.24;15.68;17.04;1
2013.02.25;19.35;17.05;0
2013.02.26;17.91;17.06;0
2013.02.27;16.34;17.07;1
2013.02.28;16.30;17.07;1
2013.03.01;15.64;17.07;1
2013.03.02;15.64;17.07;1
2013.03.03;15.64;17.08;1
2013.03.04;15.39;17.08;1
2013.03.05;14.60;17.09;1
2013.03.06;14.60;17.09;1
2013.03.07;14.23;17.09;1
2013.03.08;13.72;17.09;1
2013.03.09;13.72;17.08;1
2013.03.10;13.72;17.07;1
2013.03.11;12.41;17.05;1
2013.03.12;12.84;17.03;1
2013.03.13;12.65;17.01;1
2013.03.14;12.33;16.99;1
2013.03.15;12.03;16.96;1
2013.03.16;12.03;16.93;1
2013.03.17;12.03;16.90;1
2013.03.18;13.69;16.88;1
2013.03.19;14.45;16.86;1
2013.03.20;13.42;16.83;1
2013.03.21;14.24;16.81;1
2013.03.22;13.88;16.79;1
2013.03.23;13.88;16.76;1
2013.03.24;13.88;16.74;1
2013.03.25;14.35;16.73;1
2013.03.26;13.42;16.72;1
2013.03.27;13.57;16.71;1
2013.03.28;13.28;16.70;1
2013.03.29;13.28;16.67;1
2013.03.30;13.28;16.65;1
2013.03.31;13.28;16.63;1
2013.04.01;14.48;16.62;1
2013.04.02;14.02;16.61;1
2013.04.03;14.94;16.61;1
2013.04.04;15.26;16.60;1
2013.04.05;15.52;16.60;1
2013.04.06;15.52;16.61;1
2013.04.07;15.52;16.61;1
2013.04.08;14.89;16.61;1
2013.04.09;14.46;16.61;1
2013.04.10;13.71;16.61;1
2013.04.11;14.09;16.60;1
2013.04.12;13.88;16.60;1
2013.04.13;13.88;16.58;1
2013.04.14;13.88;16.56;1
2013.04.15;17.16;16.57;0
2013.04.16;15.72;16.56;1
2013.04.17;18.20;16.57;0
2013.04.18;18.75;16.57;0
2013.04.19;17.17;16.57;0
2013.04.20;17.17;16.57;0
2013.04.21;17.17;16.57;0
2013.04.22;16.13;16.57;1
2013.04.23;15.72;16.57;1
2013.04.24;15.40;16.56;1
2013.04.25;15.32;16.56;1
2013.04.26;15.48;16.55;1
2013.04.27;15.48;16.53;1
2013.04.28;15.48;16.51;1
2013.04.29;15.32;16.50;1
2013.04.30;15.34;16.49;1
2013.05.01;16.00;16.48;1
2013.05.02;15.19;16.46;1
2013.05.03;14.66;16.45;1
2013.05.04;14.66;16.44;1
2013.05.05;14.66;16.43;1
2013.05.06;14.60;16.41;1
2013.05.07;14.27;16.38;1
2013.05.08;14.49;16.35;1
2013.05.09;14.49;16.33;1
2013.05.10;14.34;16.30;1
2013.05.11;14.34;16.27;1
2013.05.12;14.34;16.23;1
2013.05.13;14.59;16.20;1
2013.05.14;14.78;16.18;1
2013.05.15;13.88;16.15;1
2013.05.16;13.72;16.12;1
2013.05.17;13.30;16.09;1
2013.05.18;13.30;16.06;1
2013.05.19;13.30;16.03;1
2013.05.20;13.53;16.00;1
2013.05.21;14.41;15.97;1
2013.05.22;14.73;15.95;1
2013.05.23;14.89;15.92;1
2013.05.24;14.48;15.90;1
2013.05.25;14.48;15.87;1
2013.05.26;14.48;15.84;1
2013.05.27;14.48;15.82;1
2013.05.28;14.99;15.79;1
2013.05.29;15.18;15.77;1
2013.05.30;14.99;15.75;1
2013.05.31;15.99;15.74;0
2013.06.01;15.99;15.72;0
2013.06.02;15.99;15.70;0
2013.06.03;16.79;15.69;0
2013.06.04;16.84;15.69;0
2013.06.05;17.49;15.68;0
2013.06.06;17.40;15.68;0
2013.06.07;15.88;15.68;0
2013.06.08;15.88;15.68;0
2013.06.09;15.88;15.67;0
2013.06.10;15.86;15.67;0
2013.06.11;16.88;15.68;0
2013.06.12;18.70;15.69;0
2013.06.13;17.13;15.69;0
2013.06.14;17.28;15.70;0
2013.06.15;17.28;15.70;0
2013.06.16;17.28;15.70;0
2013.06.17;16.95;15.70;0
2013.06.18;16.47;15.70;0
2013.06.19;15.12;15.69;1
2013.06.20;20.06;15.71;0
2013.06.21;19.44;15.72;0
2013.06.22;19.44;15.72;0
2013.06.23;19.44;15.73;0
2013.06.24;19.83;15.73;0
2013.06.25;18.80;15.73;0
2013.06.26;17.38;15.73;0
2013.06.27;16.72;15.72;0
2013.06.28;16.47;15.71;0
2013.06.29;16.47;15.70;0
2013.06.30;16.47;15.69;0
2013.07.01;16.16;15.68;0
2013.07.02;15.94;15.65;0
2013.07.03;15.80;15.63;0
2013.07.04;15.80;15.61;0
2013.07.05;14.91;15.59;1
2013.07.06;14.91;15.57;1
2013.07.07;14.91;15.55;1
2013.07.08;14.77;15.52;1
2013.07.09;14.26;15.49;1
2013.07.10;13.95;15.46;1
2013.07.11;13.87;15.43;1
2013.07.12;13.96;15.40;1
2013.07.13;13.96;15.37;1
2013.07.14;13.96;15.33;1
2013.07.15;14.03;15.30;1
2013.07.16;14.25;15.25;1
2013.07.17;13.92;15.20;1
2013.07.18;13.47;15.15;1
2013.07.19;13.75;15.12;1
2013.07.20;13.75;15.09;1
2013.07.21;13.75;15.07;1
2013.07.22;13.39;15.05;1
2013.07.23;13.37;15.04;1
2013.07.24;13.27;15.03;1
2013.07.25;13.32;15.02;1
2013.07.26;12.93;15.00;1
2013.07.27;12.93;14.98;1
2013.07.28;12.93;14.97;1
2013.07.29;13.65;14.96;1
2013.07.30;13.87;14.95;1
2013.07.31;14.25;14.94;1
2013.08.01;13.88;14.93;1
2013.08.02;12.77;14.91;1
2013.08.03;12.77;14.89;1
2013.08.04;12.77;14.88;1
2013.08.05;12.83;14.87;1
2013.08.06;13.35;14.87;1
2013.08.07;13.44;14.86;1
2013.08.08;13.26;14.86;1
2013.08.09;13.63;14.86;1
2013.08.10;13.63;14.85;1
2013.08.11;13.63;14.85;1
2013.08.12;12.86;14.84;1
2013.08.13;12.50;14.84;1
2013.08.14;13.30;14.83;1
2013.08.15;14.90;14.84;0
2013.08.16;14.73;14.84;1
2013.08.17;14.73;14.84;1
2013.08.18;14.73;14.84;1
2013.08.19;15.53;14.85;0
2013.08.20;15.15;14.85;0
2013.08.21;15.99;14.86;0
2013.08.22;15.44;14.87;0
2013.08.23;14.62;14.87;1
2013.08.24;14.62;14.86;1
2013.08.25;14.62;14.87;1
2013.08.26;15.32;14.87;0
2013.08.27;17.63;14.89;0
2013.08.28;17.42;14.90;0
2013.08.29;17.40;14.92;0
2013.08.30;17.53;14.94;0
2013.08.31;17.53;14.96;0
2013.09.01;17.53;14.98;0
2013.09.02;17.53;14.99;0
2013.09.03;17.89;15.02;0
2013.09.04;16.77;15.03;0
2013.09.05;16.51;15.05;0
2013.09.06;16.32;15.06;0
2013.09.07;16.32;15.08;0
2013.09.08;16.32;15.08;0
2013.09.09;16.16;15.08;0
2013.09.10;15.24;15.08;0
2013.09.11;14.73;15.07;1
2013.09.12;14.75;15.07;1
2013.09.13;14.70;15.05;1
2013.09.14;14.70;15.03;1
2013.09.15;14.70;15.02;1
2013.09.16;15.16;15.02;0
2013.09.17;14.72;15.01;1
2013.09.18;14.15;15.00;1
2013.09.19;13.77;14.99;1
2013.09.20;12.97;14.98;1
2013.09.21;12.97;14.97;1
2013.09.22;12.97;14.97;1
2013.09.23;14.64;14.97;1
2013.09.24;14.37;14.97;1
2013.09.25;14.66;14.98;1
2013.09.26;14.36;14.98;1
2013.09.27;15.65;15.00;0
2013.09.28;15.65;15.01;0
2013.09.29;15.65;15.02;0
2013.09.30;16.73;15.05;0
2013.10.01;15.97;15.07;0
2013.10.02;16.72;15.09;0
2013.10.03;18.30;15.12;0
2013.10.04;17.32;15.14;0
2013.10.05;17.32;15.15;0
2013.10.06;17.32;15.17;0
2013.10.07;19.84;15.20;0
2013.10.08;22.07;15.24;0
2013.10.09;21.68;15.28;0
2013.10.10;18.45;15.30;0
2013.10.11;17.19;15.32;0
2013.10.12;17.19;15.34;0
2013.10.13;17.19;15.35;0
2013.10.14;17.47;15.38;0
2013.10.15;18.77;15.40;0
2013.10.16;16.40;15.42;0
2013.10.17;14.49;15.42;1
2013.10.18;13.69;15.42;1
2013.10.19;13.69;15.42;1
2013.10.20;13.69;15.41;1
2013.10.21;14.40;15.41;1
2013.10.22;14.96;15.41;1
2013.10.23;15.33;15.41;1
2013.10.24;14.50;15.40;1
2013.10.25;14.91;15.40;1
2013.10.26;14.91;15.40;1
2013.10.27;14.91;15.41;1
2013.10.28;14.97;15.41;1
2013.10.29;14.83;15.42;1
2013.10.30;14.72;15.42;1
2013.10.31;14.88;15.43;1
2013.11.01;14.76;15.41;1
2013.11.02;14.76;15.41;1
2013.11.03;14.76;15.39;1
2013.11.04;14.37;15.37;1
2013.11.05;14.40;15.36;1
2013.11.06;14.76;15.34;1
2013.11.07;15.67;15.34;0
2013.11.08;14.67;15.33;1
2013.11.09;14.67;15.32;1
2013.11.10;14.67;15.32;1
2013.11.11;14.37;15.32;1
2013.11.12;14.14;15.31;1
2013.11.13;13.66;15.30;1
2013.11.14;13.26;15.29;1
2013.11.15;13.13;15.28;1
2013.11.16;13.13;15.27;1
2013.11.17;13.13;15.25;1
2013.11.18;14.37;15.25;1
2013.11.19;14.52;15.25;1
2013.11.20;14.44;15.25;1
2013.11.21;14.01;15.24;1
2013.11.22;13.65;15.24;1
2013.11.23;13.65;15.24;1
2013.11.24;13.65;15.23;1
2013.11.25;13.74;15.23;1
2013.11.26;13.60;15.22;1
2013.11.27;13.36;15.22;1
2013.11.28;13.36;15.21;1
2013.11.29;13.93;15.21;1
2013.11.30;13.93;15.21;1
2013.12.01;13.93;15.21;1
2013.12.02;14.81;15.21;1
2013.12.03;14.93;15.22;1
2013.12.04;15.08;15.23;1
2013.12.05;16.11;15.24;0
2013.12.06;14.85;15.25;1
2013.12.07;14.85;15.25;1
2013.12.08;14.85;15.25;1
2013.12.09;14.80;15.25;1
2013.12.10;14.80;15.25;1
2013.12.11;15.88;15.26;0
2013.12.12;16.00;15.27;0
2013.12.13;15.98;15.28;0
2013.12.14;15.98;15.28;0
2013.12.15;15.98;15.29;0
2013.12.16;16.54;15.29;0
2013.12.17;16.47;15.30;0
2013.12.18;15.01;15.29;1
2013.12.19;14.92;15.29;1
2013.12.20;14.48;15.27;1
2013.12.21;14.48;15.26;1
2013.12.22;14.48;15.25;1
2013.12.23;14.11;15.23;1
2013.12.24;13.91;15.22;1
2013.12.25;13.91;15.21;1
2013.12.26;13.93;15.20;1
2013.12.27;14.51;15.19;1
2013.12.28;14.51;15.18;1
2013.12.29;14.51;15.16;1
2013.12.30;15.16;15.15;0
2013.12.31;15.44;15.14;0
2014.01.01;15.44;15.13;0
2014.01.02;15.88;15.13;0
2014.01.03;15.85;15.12;0
2014.01.04;15.85;15.12;0
2014.01.05;15.85;15.12;0
2014.01.06;15.82;15.10;0
2014.01.07;15.10;15.08;0
2014.01.08;14.88;15.06;1
2014.01.09;15.10;15.03;0
2014.01.10;14.09;15.01;1
2014.01.11;14.09;14.98;1
2014.01.12;14.09;14.97;1
2014.01.13;15.05;14.96;0
2014.01.14;13.52;14.94;1
2014.01.15;13.63;14.93;1
2014.01.16;14.11;14.92;1
2014.01.17;14.20;14.91;1
2014.01.18;14.20;14.90;1
2014.01.19;14.20;14.89;1
2014.01.20;14.20;14.88;1
2014.01.21;14.34;14.88;1
2014.01.22;14.43;14.88;1
2014.01.23;15.33;14.88;0
2014.01.24;18.84;14.90;0
2014.01.25;18.84;14.92;0
2014.01.26;18.84;14.95;0
2014.01.27;18.87;14.97;0
2014.01.28;17.65;14.99;0
2014.01.29;18.69;15.01;0
2014.01.30;18.65;15.04;0
2014.01.31;18.97;15.06;0
2014.02.01;18.97;15.09;0
2014.02.02;18.97;15.11;0
2014.02.03;21.44;15.15;0
2014.02.04;20.10;15.18;0
2014.02.05;21.15;15.22;0
2014.02.06;19.48;15.25;0
2014.02.07;16.71;15.26;0
2014.02.08;16.71;15.28;0
2014.02.09;16.71;15.30;0
2014.02.10;16.53;15.31;0
2014.02.11;15.84;15.33;0
2014.02.12;15.93;15.34;0
2014.02.13;15.49;15.36;0
2014.02.14;14.80;15.36;1
2014.02.15;14.80;15.37;1
2014.02.16;14.80;15.37;1
2014.02.17;14.80;15.37;1
2014.02.18;15.23;15.39;1
2014.02.19;16.32;15.40;0
2014.02.20;15.91;15.42;0
2014.02.21;15.81;15.43;0
2014.02.22;15.81;15.45;0
2014.02.23;15.81;15.46;0
2014.02.24;15.24;15.47;1
2014.02.25;15.15;15.48;1
2014.02.26;15.29;15.48;1
2014.02.27;14.79;15.49;1
2014.02.28;15.01;15.50;1
2014.03.01;15.01;15.51;1
2014.03.02;15.01;15.52;1
2014.03.03;16.85;15.53;0
2014.03.04;15.41;15.54;1
2014.03.05;15.22;15.54;1
2014.03.06;14.94;15.54;1
2014.03.07;15.23;15.54;1
2014.03.08;15.23;15.54;1
2014.03.09;15.23;15.53;1
2014.03.10;15.52;15.53;1
2014.03.11;15.78;15.54;0
2014.03.12;15.54;15.55;1
2014.03.13;17.47;15.56;0
2014.03.14;18.89;15.58;0
2014.03.15;18.89;15.58;0
2014.03.16;18.89;15.59;0
2014.03.17;17.47;15.59;0
2014.03.18;15.93;15.58;0
2014.03.19;16.23;15.58;0
2014.03.20;16.18;15.57;0
2014.03.21;17.35;15.57;0
2014.03.22;17.35;15.57;0
2014.03.23;17.35;15.57;0
2014.03.24;18.12;15.58;0
2014.03.25;17.12;15.58;0
2014.03.26;18.14;15.59;0
2014.03.27;18.49;15.60;0
2014.03.28;18.09;15.61;0
2014.03.29;18.09;15.63;0
2014.03.30;18.09;15.64;0
2014.03.31;18.12;15.66;0
2014.04.01;16.74;15.67;0
2014.04.02;16.37;15.68;0
2014.04.03;16.96;15.69;0
2014.04.04;18.79;15.71;0
2014.04.05;18.79;15.73;0
2014.04.06;18.79;15.75;0
2014.04.07;20.05;15.78;0
2014.04.08;19.11;15.81;0
2014.04.09;17.72;15.84;0
2014.04.10;20.59;15.87;0
2014.04.11;22.65;15.91;0
2014.04.12;22.65;15.96;0
2014.04.13;22.65;16.00;0
2014.04.14;21.77;16.03;0
2014.04.15;21.91;16.06;0
2014.04.16;20.41;16.09;0
2014.04.17;19.39;16.11;0
2014.04.18;19.39;16.12;0
2014.04.19;19.39;16.14;0
2014.04.20;19.39;16.15;0
2014.04.21;18.53;16.15;0
2014.04.22;17.18;16.15;0
2014.04.23;16.90;16.15;0
2014.04.24;17.17;16.15;0
2014.04.25;18.59;16.14;0
2014.04.26;18.59;16.12;0
2014.04.27;18.59;16.11;0
2014.04.28;18.74;16.11;0
2014.04.29;18.33;16.12;0
2014.04.30;17.68;16.12;0
2014.05.01;17.15;16.12;0
2014.05.02;17.03;16.12;0
2014.05.03;17.03;16.11;0
2014.05.04;17.03;16.11;0
2014.05.05;16.78;16.12;0
2014.05.06;17.09;16.14;0
2014.05.07;17.40;16.16;0
2014.05.08;17.42;16.18;0
2014.05.09;16.52;16.19;0
2014.05.10;16.52;16.19;0
2014.05.11;16.52;16.20;0
2014.05.12;15.49;16.21;1
2014.05.13;15.37;16.21;1
2014.05.14;15.16;16.21;1
2014.05.15;16.06;16.21;1
2014.05.16;15.25;16.22;1
2014.05.17;15.25;16.22;1
2014.05.18;15.25;16.22;1
2014.05.19;15.10;16.22;1
2014.05.20;15.34;16.22;1
2014.05.21;14.50;16.22;1
2014.05.22;14.20;16.22;1
2014.05.23;13.45;16.22;1
2014.05.24;13.45;16.21;1
2014.05.25;13.45;16.20;1
2014.05.26;13.45;16.19;1
2014.05.27;13.72;16.19;1
2014.05.28;14.04;16.19;1
2014.05.29;13.84;16.18;1
2014.05.30;13.77;16.18;1
2014.05.31;13.77;16.18;1
2014.06.01;13.77;16.18;1
2014.06.02;14.33;16.18;1
2014.06.03;14.35;16.19;1
2014.06.04;14.21;16.19;1
2014.06.05;13.66;16.20;1
2014.06.06;13.21;16.19;1
2014.06.07;13.21;16.18;1
2014.06.08;13.21;16.18;1
2014.06.09;13.79;16.18;1
2014.06.10;13.57;16.18;1
2014.06.11;13.37;16.18;1
2014.06.12;13.85;16.18;1
2014.06.13;13.61;16.18;1
2014.06.14;13.61;16.18;1
2014.06.15;13.61;16.18;1
2014.06.16;13.70;16.18;1
2014.06.17;13.51;16.18;1
2014.06.18;12.65;16.17;1
2014.06.19;12.51;16.16;1
2014.06.20;12.27;16.15;1
2014.06.21;12.27;16.14;1
2014.06.22;12.27;16.12;1
2014.06.23;12.30;16.10;1
2014.06.24;12.61;16.09;1
2014.06.25;12.54;16.08;1
2014.06.26;12.20;16.07;1
2014.06.27;12.03;16.05;1
2014.06.28;12.03;16.04;1
2014.06.29;12.03;16.02;1
2014.06.30;12.21;16.00;1
2014.07.01;11.98;15.98;1
2014.07.02;11.59;15.96;1
2014.07.03;11.36;15.94;1
2014.07.04;11.36;15.91;1
2014.07.05;11.36;15.89;1
2014.07.06;11.36;15.87;1
2014.07.07;12.44;15.86;1
2014.07.08;13.74;15.85;1
2014.07.09;13.22;15.85;1
2014.07.10;14.13;15.84;1
2014.07.11;13.66;15.84;1
2014.07.12;13.66;15.84;1
2014.07.13;13.66;15.84;1
2014.07.14;13.59;15.84;1
2014.07.15;14.33;15.84;1
2014.07.16;13.38;15.83;1
2014.07.17;15.85;15.84;0
2014.07.18;13.40;15.83;1
2014.07.19;13.40;15.82;1
2014.07.20;13.40;15.81;1
2014.07.21;14.17;15.80;1
2014.07.22;13.26;15.79;1
2014.07.23;12.91;15.77;1
2014.07.24;13.08;15.76;1
2014.07.25;13.36;15.75;1
2014.07.26;13.36;15.74;1
2014.07.27;13.36;15.73;1
2014.07.28;13.84;15.72;1
2014.07.29;14.20;15.72;1
2014.07.30;13.93;15.72;1
2014.07.31;16.82;15.74;0
2014.08.01;17.26;15.75;0
2014.08.02;17.26;15.77;0
2014.08.03;17.26;15.78;0
2014.08.04;16.08;15.79;0
2014.08.05;17.02;15.81;0
2014.08.06;17.07;15.82;0
2014.08.07;17.37;15.84;0
2014.08.08;17.02;15.85;0
2014.08.09;17.02;15.87;0
2014.08.10;17.02;15.88;0
2014.08.11;15.27;15.88;1
2014.08.12;15.13;15.86;1
2014.08.13;13.81;15.83;1
2014.08.14;12.95;15.81;1
2014.08.15;13.37;15.78;1
2014.08.16;13.37;15.76;1
2014.08.17;13.37;15.73;1
2014.08.18;12.85;15.70;1
2014.08.19;12.66;15.67;1
2014.08.20;12.66;15.64;1
2014.08.21;12.50;15.61;1
2014.08.22;12.23;15.56;1
2014.08.23;12.23;15.52;1
2014.08.24;12.23;15.48;1
2014.08.25;12.45;15.44;1
2014.08.26;12.34;15.42;1
2014.08.27;12.34;15.40;1
2014.08.28;12.65;15.38;1
2014.08.29;12.71;15.36;1
2014.08.30;12.71;15.34;1
2014.08.31;12.71;15.33;1
2014.09.01;12.71;15.31;1
2014.09.02;12.98;15.30;1
2014.09.03;13.56;15.30;1
2014.09.04;13.78;15.29;1
2014.09.05;13.24;15.28;1
2014.09.06;13.24;15.27;1
2014.09.07;13.24;15.26;1
2014.09.08;13.66;15.25;1
2014.09.09;14.53;15.24;1
2014.09.10;14.12;15.23;1
2014.09.11;14.03;15.22;1
2014.09.12;14.67;15.22;1
2014.09.13;14.67;15.22;1
2014.09.14;14.67;15.21;1
2014.09.15;16.19;15.22;0
2014.09.16;14.92;15.22;1
2014.09.17;13.85;15.22;1
2014.09.18;13.51;15.21;1
2014.09.19;13.80;15.19;1
2014.09.20;13.80;15.18;1
2014.09.21;13.80;15.18;1
2014.09.22;15.51;15.18;0
2014.09.23;16.46;15.19;0
2014.09.24;15.25;15.19;0
2014.09.25;18.12;15.20;0
2014.09.26;16.85;15.21;0
2014.09.27;16.85;15.21;0
2014.09.28;16.85;15.22;0
2014.09.29;18.03;15.22;0
2014.09.30;18.26;15.22;0
2014.10.01;19.21;15.22;0
2014.10.02;18.63;15.22;0
2014.10.03;17.54;15.22;0
2014.10.04;17.54;15.23;0
2014.10.05;17.54;15.23;0
2014.10.06;17.98;15.24;0
2014.10.07;19.17;15.25;0
2014.10.08;17.26;15.25;0
2014.10.09;19.77;15.26;0
2014.10.10;22.62;15.29;0
2014.10.11;22.62;15.31;0
2014.10.12;22.62;15.34;0
2014.10.13;25.72;15.37;0
2014.10.14;25.00;15.41;0
2014.10.15;27.05;15.45;0
2014.10.16;26.73;15.50;0
2014.10.17;23.13;15.52;0
2014.10.18;23.13;15.55;0
2014.10.19;23.13;15.59;0
2014.10.20;20.32;15.60;0
2014.10.21;18.22;15.60;0
2014.10.22;19.96;15.61;0
2014.10.23;18.78;15.61;0
2014.10.24;17.93;15.60;0
2014.10.25;17.93;15.59;0
2014.10.26;17.93;15.59;0
2014.10.27;17.94;15.58;0
2014.10.28;16.60;15.55;0
2014.10.29;16.78;15.52;0
2014.10.30;16.61;15.49;0
2014.10.31;15.81;15.46;0
2014.11.01;15.81;15.43;0
2014.11.02;15.81;15.40;0
2014.11.03;16.42;15.39;0
2014.11.04;16.58;15.38;0
2014.11.05;16.34;15.36;0
2014.11.06;15.68;15.34;0
2014.11.07;14.71;15.32;1
2014.11.08;14.71;15.31;1
2014.11.09;14.71;15.30;1
2014.11.10;14.30;15.28;1
2014.11.11;14.32;15.26;1
2014.11.12;14.33;15.24;1
2014.11.13;14.55;15.22;1
2014.11.14;15.16;15.20;1
2014.11.15;15.16;15.19;1
2014.11.16;15.16;15.18;1
2014.11.17;15.53;15.17;0
2014.11.18;15.38;15.16;0
2014.11.19;15.71;15.15;0
2014.11.20;14.87;15.14;1
2014.11.21;14.71;15.13;1
2014.11.22;14.71;15.12;1
2014.11.23;14.71;15.11;1
2014.11.24;14.25;15.09;1
2014.11.25;14.12;15.08;1
2014.11.26;13.64;15.06;1
2014.11.27;13.64;15.05;1
2014.11.28;14.74;15.05;1
2014.11.29;14.74;15.04;1
2014.11.30;14.74;15.04;1
2014.12.01;16.57;15.04;0
2014.12.02;15.66;15.04;0
2014.12.03;15.08;15.04;0
2014.12.04;14.98;15.04;1
2014.12.05;14.37;15.04;1
2014.12.06;14.37;15.03;1
2014.12.07;14.37;15.03;1
2014.12.08;16.03;15.04;0
2014.12.09;16.43;15.06;0
2014.12.10;19.47;15.09;0
2014.12.11;20.40;15.12;0
2014.12.12;22.51;15.17;0
2014.12.13;22.51;15.21;0
2014.12.14;22.51;15.25;0
2014.12.15;22.08;15.30;0
2014.12.16;24.06;15.35;0
2014.12.17;20.86;15.38;0
2014.12.18;17.23;15.40;0
2014.12.19;16.89;15.41;0
2014.12.20;16.89;15.42;0
2014.12.21;16.89;15.44;0
2014.12.22;16.56;15.45;0
2014.12.23;16.81;15.47;0
2014.12.24;16.47;15.49;0
2014.12.25;16.47;15.50;0
2014.12.26;16.27;15.52;0
2014.12.27;16.27;15.53;0
2014.12.28;16.27;15.54;0
2014.12.29;16.80;15.56;0
2014.12.30;16.97;15.58;0
2014.12.31;19.64;15.61;0
2015.01.01;19.64;15.64;0
2015.01.02;19.20;15.66;0
2015.01.03;19.20;15.69;0
2015.01.04;19.20;15.72;0
2015.01.05;20.72;15.77;0
2015.01.06;21.85;15.81;0
2015.01.07;20.16;15.85;0
2015.01.08;18.15;15.88;0
2015.01.09;18.40;15.91;0
2015.01.10;18.40;15.94;0
2015.01.11;18.40;15.97;0
2015.01.12;19.87;16.01;0
2015.01.13;20.71;16.05;0
2015.01.14;21.41;16.10;0
2015.01.15;22.72;16.15;0
2015.01.16;21.22;16.20;0
2015.01.17;21.22;16.24;0
2015.01.18;21.22;16.29;0
2015.01.19;21.22;16.34;0
2015.01.20;20.69;16.39;0
2015.01.21;20.02;16.43;0
2015.01.22;17.08;16.46;0
2015.01.23;17.06;16.48;0
2015.01.24;17.06;16.50;0
2015.01.25;17.06;16.52;0
2015.01.26;16.97;16.53;0
2015.01.27;19.22;16.56;0
2015.01.28;21.39;16.60;0
2015.01.29;19.48;16.63;0
2015.01.30;21.59;16.67;0
2015.01.31;21.59;16.71;0
2015.02.01;21.59;16.75;0
2015.02.02;20.79;16.77;0
2015.02.03;18.81;16.80;0
2015.02.04;19.16;16.83;0
2015.02.05;18.18;16.85;0
2015.02.06;18.41;16.87;0
2015.02.07;18.41;16.90;0
2015.02.08;18.41;16.93;0
2015.02.09;19.12;16.96;0
2015.02.10;17.46;16.98;0
2015.02.11;17.39;17.00;0
2015.02.12;16.10;17.01;1
2015.02.13;15.15;17.02;1
2015.02.14;15.15;17.02;1
2015.02.15;15.15;17.03;1
2015.02.16;15.15;17.02;1
2015.02.17;15.96;17.01;1
2015.02.18;15.90;17.01;1
2015.02.19;15.44;17.00;1
2015.02.20;14.67;16.99;1
2015.02.21;14.67;16.98;1
2015.02.22;14.67;16.97;1
2015.02.23;14.87;16.95;1
2015.02.24;14.26;16.94;1
2015.02.25;14.38;16.93;1
2015.02.26;14.33;16.91;1
2015.02.27;14.62;16.91;1
2015.02.28;14.62;16.91;1
2015.03.01;14.62;16.91;1
2015.03.02;14.27;16.92;1
2015.03.03;14.98;16.93;1
2015.03.04;15.59;16.94;1
2015.03.05;15.22;16.95;1
2015.03.06;16.75;16.97;1
2015.03.07;16.75;16.99;1
2015.03.08;16.75;17.01;1
2015.03.09;16.44;17.03;1
2015.03.10;18.02;17.05;0
2015.03.11;18.42;17.09;0
2015.03.12;17.15;17.11;0
2015.03.13;17.55;17.14;0
2015.03.14;17.55;17.16;0
2015.03.15;17.55;17.19;0
2015.03.16;16.91;17.21;1
2015.03.17;16.60;17.23;1
2015.03.18;14.99;17.24;1
2015.03.19;14.71;17.25;1
2015.03.20;13.82;17.26;1
2015.03.21;13.82;17.26;1
2015.03.22;13.82;17.26;1
2015.03.23;14.44;17.26;1
2015.03.24;14.62;17.27;1
2015.03.25;17.33;17.29;0
2015.03.26;17.50;17.31;0
2015.03.27;16.89;17.33;1
2015.03.28;16.89;17.34;1
2015.03.29;16.89;17.35;1
2015.03.30;16.06;17.37;1
2015.03.31;17.29;17.38;1
2015.04.01;17.35;17.39;1
2015.04.02;16.72;17.40;1
2015.04.03;16.72;17.40;1
2015.04.04;16.72;17.41;1
2015.04.05;16.72;17.43;1
2015.04.06;16.58;17.44;1
2015.04.07;16.39;17.46;1
2015.04.08;15.45;17.46;1
2015.04.09;14.70;17.47;1
2015.04.10;14.10;17.46;1
2015.04.11;14.10;17.45;1
2015.04.12;14.10;17.44;1
2015.04.13;15.45;17.43;1
2015.04.14;15.46;17.42;1
2015.04.15;14.63;17.41;1
2015.04.16;14.50;17.40;1
2015.04.17;16.03;17.39;1
2015.04.18;16.03;17.38;1
2015.04.19;16.03;17.36;1
2015.04.20;14.86;17.35;1
2015.04.21;14.93;17.33;1
2015.04.22;14.68;17.32;1
2015.04.23;14.22;17.30;1
2015.04.24;14.20;17.28;1
2015.04.25;14.20;17.26;1
2015.04.26;14.20;17.24;1
2015.04.27;15.18;17.22;1
2015.04.28;14.88;17.18;1
2015.04.29;15.47;17.14;1
2015.04.30;16.51;17.11;1
2015.05.01;15.07;17.06;1
2015.05.02;15.07;17.01;1
2015.05.03;15.07;16.95;1
2015.05.04;15.15;16.89;1
2015.05.05;16.66;16.86;1
2015.05.06;17.79;16.83;0
2015.05.07;17.37;16.81;0
2015.05.08;15.38;16.78;1
2015.05.09;15.38;16.77;1
2015.05.10;15.38;16.74;1
2015.05.11;15.56;16.73;1
2015.05.12;15.96;16.72;1
2015.05.13;15.62;16.71;1
2015.05.14;14.31;16.69;1
2015.05.15;13.89;16.67;1
2015.05.16;13.89;16.65;1
2015.05.17;13.89;16.64;1
2015.05.18;13.95;16.63;1
2015.05.19;14.15;16.62;1
2015.05.20;14.00;16.61;1
2015.05.21;13.38;16.60;1
2015.05.22;13.23;16.58;1
2015.05.23;13.23;16.56;1
2015.05.24;13.23;16.55;1
2015.05.25;13.23;16.54;1
2015.05.26;15.15;16.54;1
2015.05.27;13.96;16.54;1
2015.05.28;14.22;16.53;1
2015.05.29;14.75;16.54;1
2015.05.30;14.75;16.54;1
2015.05.31;14.75;16.54;1
2015.06.01;14.98;16.54;1
2015.06.02;15.46;16.54;1
2015.06.03;15.03;16.54;1
2015.06.04;15.79;16.55;1
2015.06.05;15.77;16.55;1
2015.06.06;15.77;16.55;1
2015.06.07;15.77;16.55;1
2015.06.08;16.94;16.56;0
2015.06.09;16.49;16.57;1
2015.06.10;15.07;16.57;1
2015.06.11;14.64;16.57;1
2015.06.12;15.16;16.57;1
2015.06.13;15.16;16.58;1
2015.06.14;15.16;16.59;1
2015.06.15;16.34;16.60;1
2015.06.16;16.00;16.61;1
2015.06.17;15.41;16.61;1
2015.06.18;13.88;16.61;1
2015.06.19;14.61;16.60;1
2015.06.20;14.61;16.59;1
2015.06.21;14.61;16.59;1
2015.06.22;13.83;16.58;1
2015.06.23;13.52;16.58;1
2015.06.24;14.24;16.58;1
2015.06.25;14.85;16.58;1
2015.06.26;15.33;16.58;1
2015.06.27;15.33;16.57;1
2015.06.28;15.33;16.55;1
2015.06.29;19.81;16.55;0
2015.06.30;19.34;16.53;0
2015.07.01;17.56;16.51;0
2015.07.02;17.66;16.48;0
2015.07.03;17.66;16.46;0
2015.07.04;17.66;16.43;0
2015.07.05;17.66;16.41;0
2015.07.06;17.91;16.42;0
2015.07.07;17.34;16.42;0
2015.07.08;20.07;16.43;0
2015.07.09;20.32;16.45;0
2015.07.10;17.92;16.46;0
2015.07.11;17.92;16.46;0
2015.07.12;17.92;16.47;0
2015.07.13;15.02;16.46;1
2015.07.14;14.27;16.45;1
2015.07.15;14.17;16.44;1
2015.07.16;12.59;16.42;1
2015.07.17;12.93;16.41;1
2015.07.18;12.93;16.39;1
2015.07.19;12.93;16.35;1
2015.07.20;14.03;16.32;1
2015.07.21;14.49;16.30;1
2015.07.22;14.17;16.27;1
2015.07.23;14.16;16.25;1
2015.07.24;15.85;16.23;1
2015.07.25;15.85;16.20;1
2015.07.26;15.85;16.17;1
2015.07.27;17.49;16.17;0
2015.07.28;15.51;16.16;1
2015.07.29;14.96;16.14;1
2015.07.30;14.44;16.12;1
2015.07.31;14.59;16.09;1
2015.08.01;14.59;16.06;1
2015.08.02;14.59;16.03;1
2015.08.03;15.18;15.99;1
2015.08.04;15.67;15.96;1
2015.08.05;15.13;15.93;1
2015.08.06;16.90;15.91;0
2015.08.07;16.90;15.89;0
2015.08.08;16.90;15.87;0
2015.08.09;16.90;15.85;0
2015.08.10;15.87;15.85;0
2015.08.11;17.45;15.85;0
2015.08.12;17.24;15.85;0
2015.08.13;16.95;15.85;0
2015.08.14;16.41;15.85;0
2015.08.15;16.41;15.83;0
2015.08.16;16.41;15.81;0
2015.08.17;15.55;15.79;1
2015.08.18;16.00;15.76;0
2015.08.19;17.36;15.74;0
2015.08.20;21.61;15.74;0
2015.08.21;30.20;15.79;0
2015.08.22;30.20;15.84;0
2015.08.23;30.20;15.90;0
2015.08.24;42.95;16.02;0
2015.08.25;38.32;16.12;0
2015.08.26;31.37;16.19;0
2015.08.27;28.46;16.24;0
2015.08.28;28.75;16.29;0
2015.08.29;28.75;16.34;0
2015.08.30;28.75;16.40;0
2015.08.31;29.92;16.47;0
2015.09.01;32.95;16.56;0
2015.09.02;28.41;16.62;0
2015.09.03;28.10;16.69;0
2015.09.04;28.92;16.76;0
2015.09.05;28.92;16.82;0
2015.09.06;28.92;16.89;0
2015.09.07;28.92;16.95;0
2015.09.08;26.56;17.01;0
2015.09.09;27.51;17.08;0
2015.09.10;26.44;17.14;0
2015.09.11;25.02;17.19;0
2015.09.12;25.02;17.24;0
2015.09.13;25.02;17.29;0
2015.09.14;25.44;17.35;0
2015.09.15;24.02;17.40;0
2015.09.16;22.58;17.44;0
2015.09.17;22.63;17.48;0
2015.09.18;23.60;17.52;0
2015.09.19;23.60;17.57;0
2015.09.20;23.60;17.61;0
2015.09.21;22.50;17.64;0
2015.09.22;24.58;17.68;0
2015.09.23;23.78;17.72;0
2015.09.24;24.72;17.76;0
2015.09.25;25.16;17.80;0
2015.09.26;25.16;17.84;0
2015.09.27;25.16;17.87;0
2015.09.28;28.99;17.93;0
2015.09.29;28.94;17.99;0
2015.09.30;26.82;18.03;0
2015.10.01;25.58;18.07;0
2015.10.02;23.71;18.11;0
2015.10.03;23.71;18.14;0
2015.10.04;23.71;18.19;0
2015.10.05;22.82;18.23;0
2015.10.06;22.65;18.27;0
2015.10.07;21.78;18.31;0
2015.10.08;20.91;18.35;0
2015.10.09;20.50;18.38;0
2015.10.10;20.50;18.41;0
2015.10.11;20.50;18.42;0
2015.10.12;19.01;18.43;0
2015.10.13;20.15;18.45;0
2015.10.14;20.71;18.46;0
2015.10.15;18.07;18.47;1
2015.10.16;17.20;18.48;1
2015.10.17;17.20;18.48;1
2015.10.18;17.20;18.48;1
2015.10.19;16.86;18.48;1
2015.10.20;17.95;18.48;1
2015.10.21;18.98;18.49;0
2015.10.22;15.63;18.49;1
2015.10.23;16.60;18.49;1
2015.10.24;16.60;18.49;1
2015.10.25;16.60;18.49;1
2015.10.26;17.75;18.51;1
2015.10.27;17.92;18.53;1
2015.10.28;16.94;18.54;1
2015.10.29;17.17;18.56;1
2015.10.30;17.30;18.57;1
2015.10.31;17.30;18.58;1
2015.11.01;17.30;18.59;1
2015.11.02;16.56;18.60;1
2015.11.03;16.77;18.60;1
2015.11.04;17.22;18.61;1
2015.11.05;17.20;18.62;1
2015.11.06;16.36;18.62;1
2015.11.07;16.36;18.63;1
2015.11.08;16.36;18.64;1
2015.11.09;18.03;18.66;1
2015.11.10;17.32;18.67;1
2015.11.11;17.72;18.69;1
2015.11.12;18.92;18.72;0
2015.11.13;21.24;18.75;0
2015.11.14;21.24;18.78;0
2015.11.15;21.24;18.81;0
2015.11.16;18.79;18.82;1
2015.11.17;19.34;18.84;0
2015.11.18;17.76;18.85;1
2015.11.19;17.94;18.87;1
2015.11.20;17.03;18.88;1
2015.11.21;17.03;18.88;1
2015.11.22;17.03;18.87;1
2015.11.23;17.31;18.87;1
2015.11.24;17.48;18.88;1
2015.11.25;16.98;18.89;1
2015.11.26;16.98;18.90;1
2015.11.27;17.13;18.91;1
2015.11.28;17.13;18.91;1
2015.11.29;17.13;18.92;1
2015.11.30;18.10;18.94;1
2015.12.01;17.15;18.96;1
2015.12.02;17.83;18.98;1
2015.12.03;19.72;19.01;0
2015.12.04;16.66;19.02;1
2015.12.05;16.66;19.03;1
2015.12.06;16.66;19.05;1
2015.12.07;17.60;19.07;1
2015.12.08;18.84;19.09;1
2015.12.09;20.45;19.13;0
2015.12.10;20.11;19.16;0
2015.12.11;24.38;19.22;0
2015.12.12;24.38;19.27;0
2015.12.13;24.38;19.32;0
2015.12.14;23.11;19.36;0
2015.12.15;21.51;19.40;0
2015.12.16;18.79;19.42;1
2015.12.17;20.28;19.44;0
2015.12.18;21.50;19.48;0
2015.12.19;21.50;19.51;0
2015.12.20;21.50;19.54;0
2015.12.21;20.22;19.56;0
2015.12.22;18.38;19.58;1
2015.12.23;17.68;19.58;1
2015.12.24;17.81;19.59;1
2015.12.25;17.81;19.60;1
2015.12.26;17.81;19.61;1
2015.12.27;17.81;19.62;1
2015.12.28;18.87;19.64;1
2015.12.29;17.84;19.65;1
2015.12.30;18.88;19.67;1
2015.12.31;19.63;19.70;1
2016.01.01;19.63;19.71;1
2016.01.02;19.63;19.73;1
2016.01.03;19.63;19.75;1
2016.01.04;22.42;19.79;0
2016.01.05;21.56;19.83;0
2016.01.06;22.48;19.87;0
2016.01.07;26.77;19.93;0
2016.01.08;28.33;20.00;0
2016.01.09;28.33;20.07;0
2016.01.10;28.33;20.15;0
2016.01.11;26.41;20.20;0
2016.01.12;24.16;20.25;0
2016.01.13;27.11;20.31;0
2016.01.14;25.96;20.36;0
2016.01.15;29.13;20.41;0
2016.01.16;29.13;20.45;0
2016.01.17;29.13;20.51;0
2016.01.18;29.13;20.57;0
2016.01.19;29.32;20.63;0
2016.01.20;30.84;20.69;0
2016.01.21;30.23;20.76;0
2016.01.22;25.74;20.80;0
2016.01.23;25.74;20.84;0
2016.01.24;25.74;20.87;0
2016.01.25;27.54;20.90;0
2016.01.26;26.42;20.95;0
2016.01.27;27.27;20.99;0
2016.01.28;26.32;21.03;0
2016.01.29;23.64;21.08;0
2016.01.30;23.64;21.12;0
2016.01.31;23.64;21.17;0
2016.02.01;23.06;21.22;0
2016.02.02;25.08;21.28;0
2016.02.03;25.05;21.34;0
2016.02.04;25.35;21.41;0
2016.02.05;27.65;21.48;0
2016.02.06;27.65;21.54;0
2016.02.07;27.65;21.61;0
2016.02.08;31.46;21.69;0
2016.02.09;31.91;21.78;0
2016.02.10;31.26;21.85;0
2016.02.11;31.87;21.93;0
2016.02.12;29.74;21.99;0
2016.02.13;29.74;22.06;0
2016.02.14;29.74;22.14;0
2016.02.15;29.74;22.22;0
2016.02.16;28.67;22.29;0
2016.02.17;27.19;22.35;0
2016.02.18;26.60;22.41;0
2016.02.19;24.91;22.46;0
2016.02.20;24.91;22.50;0
2016.02.21;24.91;22.55;0
2016.02.22;23.81;22.59;0
2016.02.23;25.30;22.63;0
2016.02.24;24.00;22.66;0
2016.02.25;22.62;22.69;1
2016.02.26;23.08;22.73;0
2016.02.27;23.08;22.76;0
2016.02.28;23.08;22.79;0
2016.02.29;23.55;22.82;0
2016.03.01;20.77;22.84;1
2016.03.02;20.60;22.86;1
2016.03.03;20.75;22.88;1
2016.03.04;20.81;22.91;1
2016.03.05;20.81;22.93;1
2016.03.06;20.81;22.95;1
2016.03.07;21.61;22.95;1
2016.03.08;22.72;22.91;1
2016.03.09;21.89;22.87;1
2016.03.10;21.49;22.83;1
2016.03.11;19.65;22.71;1
2016.03.12;19.65;22.62;1
2016.03.13;19.65;22.56;1
2016.03.14;19.57;22.52;1
2016.03.15;19.46;22.47;1
2016.03.16;17.80;22.41;1
2016.03.17;17.65;22.36;1
2016.03.18;17.20;22.30;1
2016.03.19;17.20;22.22;1
2016.03.20;17.20;22.16;1
2016.03.21;17.17;22.11;1
2016.03.22;16.98;22.05;1
2016.03.23;17.75;21.99;1
2016.03.24;17.31;21.93;1
2016.03.25;17.31;21.87;1
2016.03.26;17.31;21.83;1
2016.03.27;17.31;21.78;1
2016.03.28;18.39;21.74;1
2016.03.29;16.90;21.70;1
2016.03.30;16.53;21.65;1
2016.03.31;16.85;21.61;1
2016.04.01;15.84;21.57;1
2016.04.02;15.84;21.52;1
2016.04.03;15.84;21.49;1
2016.04.04;16.85;21.46;1
2016.04.05;18.02;21.43;1
2016.04.06;16.64;21.40;1
2016.04.07;18.62;21.37;1
2016.04.08;18.48;21.35;1
2016.04.09;18.48;21.32;1
2016.04.10;18.48;21.30;1
2016.04.11;18.59;21.27;1
2016.04.12;17.48;21.23;1
2016.04.13;16.26;21.18;1
2016.04.14;16.60;21.14;1
2016.04.15;16.05;21.08;1
2016.04.16;16.05;21.01;1
2016.04.17;16.05;20.96;1
2016.04.18;16.04;20.91;1
2016.04.19;16.43;20.87;1
2016.04.20;16.31;20.84;1
2016.04.21;16.57;20.80;1
2016.04.22;16.61;20.77;1
2016.04.23;16.61;20.74;1
2016.04.24;16.61;20.71;1
2016.04.25;17.21;20.70;1
2016.04.26;17.26;20.68;1
2016.04.27;17.06;20.66;1
2016.04.28;18.07;20.65;1
2016.04.29;19.30;20.65;1
2016.04.30;19.30;20.65;1
2016.05.01;19.30;20.64;1
2016.05.02;18.28;20.64;1
2016.05.03;19.02;20.65;1
2016.05.04;19.32;20.66;1
2016.05.05;19.14;20.67;1
2016.05.06;17.54;20.67;1
2016.05.07;17.54;20.67;1
2016.05.08;17.54;20.66;1
2016.05.09;17.38;20.67;1
2016.05.10;16.27;20.67;1
2016.05.11;17.16;20.67;1
2016.05.12;17.26;20.68;1
2016.05.13;17.10;20.67;1
2016.05.14;17.10;20.67;1
2016.05.15;17.10;20.67;1
2016.05.16;16.37;20.67;1
2016.05.17;17.60;20.67;1
2016.05.18;17.41;20.67;1
2016.05.19;17.88;20.67;1
2016.05.20;16.40;20.67;1
2016.05.21;16.40;20.67;1
2016.05.22;16.40;20.67;1
2016.05.23;16.85;20.66;1
2016.05.24;15.32;20.66;1
2016.05.25;15.01;20.65;1
2016.05.26;14.71;20.64;1
2016.05.27;14.55;20.63;1
2016.05.28;14.55;20.61;1
2016.05.29;14.55;20.60;1
2016.05.30;14.55;20.57;1
2016.05.31;15.25;20.54;1
2016.06.01;15.39;20.52;1
2016.06.02;15.15;20.48;1
2016.06.03;15.03;20.47;1
2016.06.04;15.03;20.44;1
2016.06.05;15.03;20.43;1
2016.06.06;15.25;20.42;1
2016.06.07;15.26;20.41;1
2016.06.08;15.27;20.40;1
2016.06.09;15.68;20.39;1
2016.06.10;17.64;20.39;1
2016.06.11;17.64;20.40;1
2016.06.12;17.64;20.40;1
2016.06.13;20.61;20.42;0
2016.06.14;20.43;20.43;1
2016.06.15;20.19;20.45;1
2016.06.16;19.83;20.46;1
2016.06.17;20.25;20.47;1
2016.06.18;20.25;20.49;1
2016.06.19;20.25;20.50;1
2016.06.20;19.31;20.50;1
2016.06.21;19.59;20.51;1
2016.06.22;21.64;20.54;0
2016.06.23;18.21;20.55;1
2016.06.24;24.88;20.58;0
2016.06.25;24.88;20.61;0
2016.06.26;24.88;20.63;0
2016.06.27;24.39;20.66;0
2016.06.28;20.11;20.63;1
2016.06.29;18.47;20.60;1
2016.06.30;17.58;20.57;1
2016.07.01;16.83;20.54;1
2016.07.02;16.83;20.52;1
2016.07.03;16.83;20.51;1
2016.07.04;16.83;20.49;1
2016.07.05;17.92;20.47;1
2016.07.06;17.49;20.45;1
2016.07.07;17.28;20.43;1
2016.07.08;15.74;20.41;1
2016.07.09;15.74;20.39;1
2016.07.10;15.74;20.38;1
2016.07.11;15.11;20.37;1
2016.07.12;15.09;20.36;1
2016.07.13;15.24;20.34;1
2016.07.14;14.66;20.33;1
2016.07.15;14.29;20.31;1
2016.07.16;14.29;20.29;1
2016.07.17;14.29;20.27;1
2016.07.18;14.71;20.24;1
2016.07.19;14.57;20.22;1
2016.07.20;14.27;20.19;1
2016.07.21;14.98;20.17;1
2016.07.22;14.59;20.13;1
2016.07.23;14.59;20.09;1
2016.07.24;14.59;20.05;1
2016.07.25;15.60;20.00;1
2016.07.26;15.93;19.93;1
2016.07.27;15.14;19.87;1
2016.07.28;14.84;19.80;1
2016.07.29;13.97;19.74;1
2016.07.30;13.97;19.69;1
2016.07.31;13.97;19.62;1
2016.08.01;14.52;19.56;1
2016.08.02;15.41;19.50;1
2016.08.03;15.18;19.43;1
2016.08.04;14.47;19.35;1
2016.08.05;13.77;19.28;1
2016.08.06;13.77;19.20;1
2016.08.07;13.77;19.11;1
2016.08.08;14.06;19.03;1
2016.08.09;14.19;18.97;1
2016.08.10;14.55;18.92;1
2016.08.11;14.31;18.86;1
2016.08.12;13.99;18.79;1
2016.08.13;13.99;18.73;1
2016.08.14;13.99;18.67;1
2016.08.15;14.01;18.60;1
2016.08.16;14.92;18.56;1
2016.08.17;14.76;18.52;1
2016.08.18;14.15;18.47;1
2016.08.19;13.42;18.42;1
2016.08.20;13.42;18.36;1
2016.08.21;13.42;18.30;1
2016.08.22;14.00;18.25;1
2016.08.23;14.21;18.18;1
2016.08.24;15.26;18.12;1
2016.08.25;15.36;18.06;1
2016.08.26;15.16;17.97;1
2016.08.27;15.16;17.89;1
2016.08.28;15.16;17.81;1
2016.08.29;15.00;17.73;1
2016.08.30;15.11;17.65;1
2016.08.31;15.34;17.58;1
2016.09.01;15.39;17.51;1
2016.09.02;14.32;17.43;1
2016.09.03;14.32;17.36;1
2016.09.04;14.32;17.30;1
2016.09.05;14.32;17.23;1
2016.09.06;14.32;17.18;1
2016.09.07;13.89;17.13;1
2016.09.08;14.48;17.07;1
2016.09.09;17.96;17.05;0
2016.09.10;17.96;17.01;0
2016.09.11;17.96;16.98;0
2016.09.12;15.31;16.94;1
2016.09.13;17.95;16.92;0
2016.09.14;18.30;16.89;0
2016.09.15;16.39;16.86;1
2016.09.16;15.14;16.82;1
2016.09.17;15.14;16.79;1
2016.09.18;15.14;16.76;1
2016.09.19;16.11;16.74;1
2016.09.20;16.55;16.72;1
2016.09.21;14.98;16.69;1
2016.09.22;13.66;16.65;1
2016.09.23;13.98;16.61;1
2016.09.24;13.98;16.57;1
2016.09.25;13.98;16.53;1
2016.09.26;16.44;16.51;1
2016.09.27;15.09;16.48;1
2016.09.28;15.03;16.46;1
2016.09.29;16.23;16.44;1
2016.09.30;15.45;16.42;1
2016.10.01;15.45;16.40;1
2016.10.02;15.45;16.39;1
2016.10.03;15.86;16.38;1
2016.10.04;16.25;16.38;1
2016.10.05;15.86;16.37;1
2016.10.06;15.70;16.36;1
2016.10.07;15.66;16.35;1
2016.10.08;15.66;16.35;1
2016.10.09;15.66;16.34;1
2016.10.10;15.50;16.33;1
2016.10.11;17.02;16.33;0
2016.10.12;17.23;16.33;0
2016.10.13;17.65;16.33;0
2016.10.14;17.40;16.32;0
2016.10.15;17.40;16.33;0
2016.10.16;17.40;16.33;0
2016.10.17;17.58;16.33;0
2016.10.18;16.97;16.34;0
2016.10.19;16.41;16.34;0
2016.10.20;15.63;16.34;1
2016.10.21;15.37;16.33;1
2016.10.22;15.37;16.32;1
2016.10.23;15.37;16.31;1
2016.10.24;14.93;16.30;1
2016.10.25;15.88;16.28;1
2016.10.26;16.51;16.27;0
2016.10.27;17.33;16.27;0
2016.10.28;18.23;16.27;0
2016.10.29;18.23;16.27;0
2016.10.30;18.23;16.28;0
2016.10.31;19.32;16.29;0
2016.11.01;20.66;16.32;0
2016.11.02;21.24;16.34;0
2016.11.03;22.36;16.37;0
2016.11.04;23.03;16.41;0
2016.11.05;23.03;16.44;0
2016.11.06;23.03;16.47;0
2016.11.07;19.66;16.49;0
2016.11.08;20.20;16.51;0
2016.11.09;17.15;16.51;0
2016.11.10;19.07;16.52;0
2016.11.11;18.95;16.53;0
2016.11.12;18.95;16.54;0
2016.11.13;18.95;16.55;0
2016.11.14;19.70;16.56;0
2016.11.15;17.60;16.55;0
2016.11.16;17.30;16.54;0
2016.11.17;16.02;16.52;1
2016.11.18;15.51;16.51;1
2016.11.19;15.51;16.49;1
2016.11.20;15.51;16.47;1
2016.11.21;14.74;16.45;1
2016.11.22;14.28;16.43;1
2016.11.23;14.26;16.42;1
2016.11.24;14.26;16.40;1
2016.11.25;14.39;16.39;1
2016.11.26;14.39;16.38;1
2016.11.27;14.39;16.36;1
2016.11.28;15.12;16.35;1
2016.11.29;14.94;16.34;1
2016.11.30;15.13;16.33;1
2016.12.01;17.18;16.33;0
2016.12.02;16.99;16.34;0
2016.12.03;16.99;16.33;0
2016.12.04;16.99;16.33;0
2016.12.05;15.87;16.32;1
2016.12.06;15.26;16.31;1
2016.12.07;15.20;16.31;1
2016.12.08;14.82;16.30;1
2016.12.09;14.27;16.29;1
2016.12.10;14.27;16.28;1
2016.12.11;14.27;16.28;1
2016.12.12;13.87;16.27;1
2016.12.13;14.33;16.27;1
2016.12.14;14.53;16.27;1
2016.12.15;14.21;16.27;1
2016.12.16;13.23;16.26;1
2016.12.17;13.23;16.25;1
2016.12.18;13.23;16.24;1
2016.12.19;13.11;16.23;1
2016.12.20;13.08;16.22;1
2016.12.21;13.26;16.22;1
2016.12.22;13.42;16.21;1
2016.12.23;13.24;16.20;1
2016.12.24;13.24;16.19;1
2016.12.25;13.24;16.18;1
2016.12.26;13.24;16.16;1
2016.12.27;14.24;16.15;1
2016.12.28;15.40;16.14;1
2016.12.29;15.56;16.13;1
2016.12.30;16.68;16.11;0
2016.12.31;16.68;16.09;0
2017.01.01;16.68;16.07;0
2017.01.02;16.68;16.05;0
2017.01.03;16.06;16.03;0
2017.01.04;15.18;16.01;1
2017.01.05;14.63;15.98;1
2017.01.06;13.85;15.95;1
2017.01.07;13.85;15.92;1
2017.01.08;13.85;15.88;1
2017.01.09;14.22;15.86;1
2017.01.10;14.13;15.81;1
2017.01.11;13.94;15.76;1
2017.01.12;13.86;15.70;1
2017.01.13;13.34;15.65;1
2017.01.14;13.34;15.61;1
2017.01.15;13.34;15.59;1
2017.01.16;13.34;15.57;1
2017.01.17;13.88;15.55;1
2017.01.18;13.51;15.53;1
2017.01.19;14.06;15.52;1
2017.01.20;13.04;15.50;1
2017.01.21;13.04;15.48;1
2017.01.22;13.04;15.45;1
2017.01.23;13.49;15.44;1
2017.01.24;12.64;15.42;1
2017.01.25;12.65;15.40;1
2017.01.26;12.64;15.39;1
2017.01.27;12.30;15.38;1
2017.01.28;12.30;15.36;1
2017.01.29;12.30;15.35;1
2017.01.30;13.71;15.34;1
2017.01.31;14.29;15.34;1
2017.02.01;13.09;15.34;1
2017.02.02;13.63;15.33;1
2017.02.03;12.78;15.32;1
2017.02.04;12.78;15.31;1
2017.02.05;12.78;15.31;1
2017.02.06;13.01;15.30;1
2017.02.07;13.03;15.29;1
2017.02.08;12.92;15.28;1
2017.02.09;12.65;15.27;1
2017.02.10;12.31;15.25;1
2017.02.11;12.31;15.24;1
2017.02.12;12.31;15.22;1
2017.02.13;12.31;15.21;1
2017.02.14;12.31;15.20;1
2017.02.15;12.31;15.19;1
2017.02.16;12.31;15.18;1
2017.02.17;12.31;15.17;1
2017.02.18;12.31;15.16;1
2017.02.19;12.31;15.14;1
2017.02.20;12.31;15.13;1
2017.02.21;12.31;15.13;1
2017.02.22;12.56;15.12;1
2017.02.23;13.29;15.12;1
2017.02.24;12.75;15.11;1
2017.02.25;12.75;15.10;1
2017.02.26;12.75;15.09;1
2017.02.27;13.19;15.09;1
2017.02.28;13.60;15.09;1
2017.03.01;12.90;15.08;1
2017.03.02;12.71;15.07;1
2017.03.03;11.77;15.06;1
2017.03.04;11.77;15.05;1
2017.03.05;11.77;15.03;1
2017.03.06;12.19;15.02;1
2017.03.07;12.13;15.02;1
2017.03.08;12.25;15.01;1
2017.03.09;12.47;15.01;1
2017.03.10;11.90;15.00;1
2017.03.11;11.90;14.98;1
2017.03.12;11.90;14.97;1
2017.03.13;11.19;14.95;1
2017.03.14;11.70;14.93;1
2017.03.15;11.28;14.91;1
2017.03.16;10.96;14.89;1
2017.03.17;10.57;14.87;1
2017.03.18;10.57;14.84;1
2017.03.19;10.57;14.82;1
2017.03.20;10.31;14.79;1
2017.03.21;12.50;14.79;1
2017.03.22;12.78;14.78;1
2017.03.23;13.70;14.77;1
2017.03.24;12.66;14.77;1
2017.03.25;12.66;14.76;1
2017.03.26;12.66;14.75;1
2017.03.27;12.78;14.74;1
2017.03.28;12.12;14.71;1
2017.03.29;11.53;14.68;1
2017.03.30;11.54;14.65;1
2017.03.31;11.75;14.63;1
2017.04.01;11.75;14.60;1
2017.04.02;11.75;14.57;1
2017.04.03;12.37;14.55;1
2017.04.04;12.15;14.53;1
2017.04.05;13.14;14.52;1
2017.04.06;12.73;14.51;1
2017.04.07;13.49;14.50;1
2017.04.08;13.49;14.48;1
2017.04.09;13.49;14.48;1
2017.04.10;14.22;14.48;1
2017.04.11;15.13;14.48;0
2017.04.12;15.56;14.49;0
2017.04.13;15.90;14.50;0
2017.04.14;15.90;14.50;0
2017.04.15;15.90;14.50;0
2017.04.16;15.90;14.51;0
2017.04.17;15.24;14.50;0
2017.04.18;15.47;14.50;0
2017.04.19;15.47;14.50;0
2017.04.20;14.46;14.50;1
2017.04.21;14.87;14.49;0
2017.04.22;14.87;14.49;0
2017.04.23;14.87;14.48;0
2017.04.24;12.06;14.46;1
2017.04.25;12.01;14.44;1
2017.04.26;11.95;14.43;1
2017.04.27;11.11;14.40;1
2017.04.28;11.53;14.38;1
2017.04.29;11.53;14.36;1
2017.04.30;11.53;14.33;1
2017.05.01;12.20;14.30;1
2017.05.02;12.95;14.28;1
2017.05.03;11.98;14.25;1
2017.05.04;12.18;14.22;1
2017.05.05;12.31;14.20;1
2017.05.06;12.31;14.17;1
2017.05.07;12.31;14.15;1
2017.05.08;11.86;14.14;1
2017.05.09;12.67;14.12;1
2017.05.10;12.34;14.11;1
2017.05.11;12.76;14.09;1
2017.05.12;12.30;14.08;1
2017.05.13;12.30;14.06;1
2017.05.14;12.30;14.04;1
2017.05.15;12.03;14.02;1
2017.05.16;11.59;13.98;1
2017.05.17;16.46;13.97;0
2017.05.18;15.66;13.96;0
2017.05.19;13.86;13.93;1
2017.05.20;13.86;13.90;1
2017.05.21;13.86;13.86;1
2017.05.22;12.88;13.81;1
2017.05.23;12.75;13.76;1
2017.05.24;12.37;13.71;1
2017.05.25;12.58;13.66;1
2017.05.26;12.26;13.62;1
2017.05.27;12.26;13.58;1
2017.05.28;12.26;13.56;1
2017.05.29;12.26;13.52;1
2017.05.30;12.90;13.49;1
2017.05.31;12.94;13.46;1
2017.06.01;12.69;13.43;1
2017.06.02;12.91;13.40;1
2017.06.03;12.91;13.37;1
2017.06.04;12.91;13.35;1
2017.06.05;13.20;13.34;1
2017.06.06;13.96;13.33;0
2017.06.07;14.05;13.32;0
2017.06.08;13.66;13.31;0
2017.06.09;18.13;13.33;0
2017.06.10;18.13;13.35;0
2017.06.11;18.13;13.37;0
2017.06.12;16.98;13.38;0
2017.06.13;15.10;13.39;0
2017.06.14;16.01;13.39;0
2017.06.15;16.20;13.40;0
2017.06.16;16.30;13.41;0
2017.06.17;16.30;13.42;0
2017.06.18;16.30;13.42;0
2017.06.19;14.60;13.41;0
2017.06.20;15.29;13.40;0
2017.06.21;14.76;13.39;0
2017.06.22;14.80;13.38;0
2017.06.23;14.47;13.37;0
2017.06.24;14.47;13.37;0
2017.06.25;14.47;13.36;0
2017.06.26;15.44;13.37;0
2017.06.27;17.26;13.38;0
2017.06.28;16.05;13.39;0
2017.06.29;18.43;13.41;0
2017.06.30;17.61;13.43;0
2017.07.01;17.61;13.45;0
2017.07.02;17.61;13.46;0
2017.07.03;18.74;13.48;0
2017.07.04;18.74;13.51;0
2017.07.05;17.26;13.53;0
2017.07.06;18.00;13.56;0
2017.07.07;16.81;13.57;0
2017.07.08;16.81;13.59;0
2017.07.09;16.81;13.61;0
2017.07.10;16.70;13.63;0
2017.07.11;16.42;13.64;0
2017.07.12;15.10;13.65;0
2017.07.13;14.62;13.66;0
2017.07.14;13.80;13.66;0
2017.07.15;13.80;13.66;0
2017.07.16;13.80;13.65;0
2017.07.17;14.50;13.65;0
2017.07.18;13.90;13.63;0
2017.07.19;13.95;13.62;0
2017.07.20;14.36;13.61;0
2017.07.21;14.36;13.60;0
2017.07.22;14.36;13.59;0
2017.07.23;14.36;13.58;0
2017.07.24;14.59;13.58;0
2017.07.25;13.82;13.58;0
2017.07.26;13.89;13.58;0
2017.07.27;15.89;13.59;0
2017.07.28;15.91;13.60;0
2017.07.29;15.91;13.61;0
2017.07.30;15.91;13.62;0
2017.07.31;15.87;13.63;0
2017.08.01;14.83;13.64;0
2017.08.02;14.61;13.64;0
2017.08.03;14.69;13.65;0
2017.08.04;14.09;13.65;0
2017.08.05;14.09;13.66;0
2017.08.06;14.09;13.66;0
2017.08.07;14.21;13.66;0
2017.08.08;15.23;13.67;0
2017.08.09;15.43;13.68;0
2017.08.10;19.06;13.71;0
2017.08.11;17.77;13.73;0
2017.08.12;17.77;13.76;0
2017.08.13;17.77;13.79;0
2017.08.14;15.06;13.80;0
2017.08.15;14.36;13.81;0
2017.08.16;14.22;13.82;0
2017.08.17;18.60;13.85;0
2017.08.18;17.85;13.87;0
2017.08.19;17.85;13.89;0
2017.08.20;17.85;13.91;0
2017.08.21;17.37;13.93;0
2017.08.22;15.21;13.94;0
2017.08.23;15.80;13.96;0
2017.08.24;15.97;13.97;0
2017.08.25;15.52;13.99;0
2017.08.26;15.52;14.00;0
2017.08.27;15.52;14.01;0
2017.08.28;15.18;14.02;0
2017.08.29;15.98;14.04;0
2017.08.30;15.12;14.06;0
2017.08.31;14.33;14.07;0
2017.09.01;14.10;14.08;0
2017.09.02;14.10;14.08;0
2017.09.03;14.10;14.09;0
2017.09.04;14.10;14.10;1
2017.09.05;16.13;14.12;0
2017.09.06;15.56;14.14;0
2017.09.07;15.40;14.15;0
2017.09.08;16.07;14.17;0
2017.09.09;16.07;14.19;0
2017.09.10;16.07;14.21;0
2017.09.11;14.07;14.21;1
2017.09.12;13.37;14.21;1
2017.09.13;12.80;14.22;1
2017.09.14;13.40;14.22;1
2017.09.15;12.51;14.22;1
2017.09.16;12.51;14.21;1
2017.09.17;12.51;14.21;1
2017.09.18;13.61;14.21;1
2017.09.19;13.30;14.22;1
2017.09.20;13.42;14.23;1
2017.09.21;13.71;14.24;1
2017.09.22;13.81;14.25;1
2017.09.23;13.81;14.25;1
2017.09.24;13.81;14.26;1
2017.09.25;15.65;14.28;0
2017.09.26;15.28;14.29;0
2017.09.27;15.32;14.31;0
2017.09.28;14.98;14.33;0
2017.09.29;13.85;14.34;1
2017.09.30;13.85;14.35;1
2017.10.01;13.85;14.36;1
2017.10.02;13.88;14.38;1
2017.10.03;13.62;14.39;1
2017.10.04;13.45;14.41;1
2017.10.05;12.88;14.42;1
2017.10.06;13.33;14.44;1
2017.10.07;13.33;14.44;1
2017.10.08;13.33;14.44;1
2017.10.09;14.04;14.44;1
2017.10.10;14.29;14.45;1
2017.10.11;14.09;14.46;1
2017.10.12;14.33;14.47;1
2017.10.13;13.97;14.47;1
2017.10.14;13.97;14.48;1
2017.10.15;13.97;14.49;1
2017.10.16;14.49;14.51;1
2017.10.17;14.40;14.52;1
2017.10.18;14.32;14.54;1
2017.10.19;14.64;14.55;0
2017.10.20;14.32;14.56;1
2017.10.21;14.32;14.57;1
2017.10.22;14.32;14.58;1
2017.10.23;15.74;14.59;0
2017.10.24;15.51;14.60;0
2017.10.25;16.31;14.62;0
2017.10.26;15.82;14.63;0
2017.10.27;14.30;14.63;1
2017.10.28;14.30;14.62;1
2017.10.29;14.30;14.62;1
2017.10.30;15.05;14.61;0
2017.10.31;15.06;14.61;0
2017.11.01;14.95;14.60;0
2017.11.02;14.70;14.60;0
2017.11.03;13.90;14.59;1
2017.11.04;13.90;14.58;1
2017.11.05;13.90;14.58;1
2017.11.06;13.90;14.57;1
2017.11.07;14.12;14.57;1
2017.11.08;14.06;14.57;1
2017.11.09;15.04;14.57;0
2017.11.10;15.03;14.58;0
2017.11.11;15.03;14.60;0
2017.11.12;15.03;14.61;0
2017.11.13;14.84;14.63;0
2017.11.14;15.00;14.65;0
2017.11.15;16.09;14.67;0
2017.11.16;14.31;14.68;1
2017.11.17;13.79;14.69;1
2017.11.18;13.79;14.70;1
2017.11.19;13.79;14.71;1
2017.11.20;13.82;14.71;1
2017.11.21;12.78;14.72;1
2017.11.22;12.74;14.72;1
2017.11.23;12.74;14.72;1
2017.11.24;12.38;14.72;1
2017.11.25;12.38;14.72;1
2017.11.26;12.38;14.72;1
2017.11.27;13.04;14.72;1
2017.11.28;13.41;14.73;1
2017.11.29;16.38;14.75;0
2017.11.30;15.93;14.77;0
2017.12.01;16.57;14.79;0
2017.12.02;16.57;14.81;0
2017.12.03;16.57;14.82;0
2017.12.04;18.03;14.83;0
2017.12.05;17.12;14.84;0
2017.12.06;16.71;14.86;0
2017.12.07;15.86;14.87;0
2017.12.08;14.42;14.88;1
2017.12.09;14.42;14.88;1
2017.12.10;14.42;14.89;1
2017.12.11;12.59;14.89;1
2017.12.12;12.86;14.90;1
2017.12.13;12.74;14.90;1
2017.12.14;12.39;14.90;1
2017.12.15;11.88;14.90;1
2017.12.16;11.88;14.89;1
2017.12.17;11.88;14.89;1
2017.12.18;12.53;14.89;1
2017.12.19;12.82;14.89;1
2017.12.20;12.78;14.89;1
2017.12.21;12.65;14.88;1
2017.12.22;12.54;14.88;1
2017.12.23;12.54;14.87;1
2017.12.24;12.54;14.87;1
2017.12.25;12.54;14.86;1
2017.12.26;13.64;14.84;1
2017.12.27;14.29;14.82;1
2017.12.28;14.62;14.80;1
2017.12.29;15.68;14.80;0
2017.12.30;15.68;14.80;0
2017.12.31;15.68;14.80;0
2018.01.01;15.68;14.79;0
2018.01.02;14.93;14.79;0
2018.01.03;14.16;14.78;1
2018.01.04;13.97;14.76;1
2018.01.05;13.48;14.76;1
2018.01.06;13.48;14.75;1
2018.01.07;13.48;14.74;1
2018.01.08;13.84;14.74;1
2018.01.09;14.63;14.74;1
2018.01.10;15.28;14.74;0
2018.01.11;14.77;14.75;0
2018.01.12;14.57;14.74;1
2018.01.13;14.57;14.73;1
2018.01.14;14.57;14.72;1
2018.01.15;14.57;14.70;1
2018.01.16;16.34;14.69;0
2018.01.17;16.20;14.69;0
2018.01.18;16.95;14.68;0
2018.01.19;16.15;14.67;0
2018.01.20;16.15;14.66;0
2018.01.21;16.15;14.65;0
2018.01.22;16.29;14.64;0
2018.01.23;16.75;14.64;0
2018.01.24;17.90;14.65;0
2018.01.25;18.25;14.66;0
2018.01.26;17.52;14.66;0
2018.01.27;17.52;14.67;0
2018.01.28;17.52;14.68;0
2018.01.29;19.22;14.70;0
2018.01.30;20.35;14.73;0
2018.01.31;19.65;14.76;0
2018.02.01;19.15;14.79;0
2018.02.02;20.66;14.82;0
2018.02.03;20.66;14.85;0
2018.02.04;20.66;14.89;0
2018.02.05;33.02;14.98;0
2018.02.06;26.70;15.04;0
2018.02.07;24.73;15.09;0
2018.02.08;33.89;15.19;0
2018.02.09;29.62;15.27;0
2018.02.10;29.62;15.35;0
2018.02.11;29.62;15.43;0
2018.02.12;24.94;15.47;0
2018.02.13;23.71;15.51;0
2018.02.14;20.87;15.53;0
2018.02.15;20.85;15.56;0
2018.02.16;20.46;15.58;0
2018.02.17;20.46;15.61;0
2018.02.18;20.46;15.64;0
2018.02.19;20.46;15.67;0
2018.02.20;21.67;15.71;0
2018.02.21;22.49;15.75;0
2018.02.22;20.91;15.78;0
2018.02.23;18.16;15.80;0
2018.02.24;18.16;15.82;0
2018.02.25;18.16;15.83;0
2018.02.26;18.12;15.83;0
2018.02.27;20.49;15.84;0
2018.02.28;22.01;15.86;0
2018.03.01;24.74;15.90;0
2018.03.02;21.53;15.93;0
2018.03.03;21.53;15.96;0
2018.03.04;21.53;16.00;0
2018.03.05;20.60;16.01;0
2018.03.06;20.60;16.02;0
2018.03.07;20.43;16.04;0
2018.03.08;19.26;16.04;0
2018.03.09;17.30;16.04;0
2018.03.10;17.30;16.05;0
2018.03.11;17.30;16.06;0
2018.03.12;17.56;16.07;0
2018.03.13;19.24;16.09;0
2018.03.14;19.52;16.11;0
2018.03.15;18.45;16.12;0
2018.03.16;17.64;16.13;0
2018.03.17;17.64;16.14;0
2018.03.18;17.64;16.16;0
2018.03.19;22.06;16.19;0
2018.03.20;22.13;16.23;0
2018.03.21;22.06;16.27;0
2018.03.22;26.63;16.34;0
2018.03.23;28.35;16.41;0
2018.03.24;28.35;16.47;0
2018.03.25;28.35;16.53;0
2018.03.26;25.15;16.58;0
2018.03.27;29.01;16.65;0
2018.03.28;30.19;16.72;0
2018.03.29;26.68;16.77;0
2018.03.30;26.68;16.83;0
2018.03.31;26.68;16.90;0
2018.04.01;26.68;16.97;0
2018.04.02;29.92;17.05;0
2018.04.03;28.05;17.13;0
2018.04.04;26.29;17.20;0
2018.04.05;25.03;17.26;0
2018.04.06;27.43;17.33;0
2018.04.07;27.43;17.40;0
2018.04.08;27.43;17.47;0
2018.04.09;26.95;17.54;0
2018.04.10;25.15;17.59;0
2018.04.11;24.69;17.65;0
2018.04.12;22.90;17.69;0
2018.04.13;22.06;17.73;0
2018.04.14;22.06;17.76;0
2018.04.15;22.06;17.79;0
2018.04.16;20.45;17.82;0
2018.04.17;19.43;17.85;0
2018.04.18;19.38;17.88;0
2018.04.19;20.16;17.91;0
2018.04.20;21.63;17.95;0
2018.04.21;21.63;17.99;0
2018.04.22;21.63;18.03;0
2018.04.23;22.12;18.07;0
2018.04.24;23.62;18.13;0
2018.04.25;23.07;18.17;0
2018.04.26;20.36;18.21;0
2018.04.27;20.52;18.24;0
2018.04.28;20.52;18.27;0
2018.04.29;20.52;18.30;0
2018.04.30;21.06;18.34;0
2018.05.01;19.71;18.37;0
2018.05.02;19.76;18.40;0
2018.05.03;19.65;18.42;0
2018.05.04;18.41;18.44;1
2018.05.05;18.41;18.46;1
2018.05.06;18.41;18.48;1
2018.05.07;18.71;18.50;0
2018.05.08;18.48;18.53;1
2018.05.09;17.62;18.54;1
2018.05.10;16.38;18.55;1
2018.05.11;16.19;18.55;1
2018.05.12;16.19;18.56;1
2018.05.13;16.19;18.56;1
2018.05.14;16.08;18.56;1
2018.05.15;17.51;18.57;1
2018.05.16;16.71;18.59;1
2018.05.17;17.19;18.60;1
2018.05.18;16.87;18.61;1
2018.05.19;16.87;18.62;1
2018.05.20;16.87;18.63;1
2018.05.21;16.92;18.64;1
2018.05.22;16.92;18.66;1
2018.05.23;16.27;18.67;1
2018.05.24;15.82;18.68;1
2018.05.25;16.06;18.69;1
2018.05.26;16.06;18.70;1
2018.05.27;16.06;18.71;1
2018.05.28;16.06;18.71;1
2018.05.29;18.42;18.73;1
2018.05.30;17.07;18.74;1
2018.05.31;16.78;18.75;1
2018.06.01;15.11;18.75;1
2018.06.02;15.11;18.75;1
2018.06.03;15.11;18.75;1
2018.06.04;15.49;18.75;1
2018.06.05;15.33;18.76;1
2018.06.06;15.51;18.77;1
2018.06.07;16.45;18.78;1
2018.06.08;16.51;18.79;1
2018.06.09;16.51;18.81;1
2018.06.10;16.51;18.83;1
2018.06.11;16.45;18.85;1
2018.06.12;15.70;18.87;1
2018.06.13;16.32;18.89;1
2018.06.14;15.94;18.90;1
2018.06.15;15.42;18.92;1
2018.06.16;15.42;18.93;1
2018.06.17;15.42;18.92;1
2018.06.18;16.82;18.93;1
2018.06.19;17.29;18.93;1
2018.06.20;16.89;18.93;1
2018.06.21;18.89;18.94;1
2018.06.22;18.38;18.94;1
2018.06.23;18.38;18.95;1
2018.06.24;18.38;18.96;1
2018.06.25;21.94;18.99;0
2018.06.26;20.51;19.02;0
2018.06.27;22.75;19.06;0
2018.06.28;21.76;19.10;0
2018.06.29;20.88;19.14;0
2018.06.30;20.88;19.18;0
2018.07.01;20.88;19.22;0
2018.07.02;20.81;19.26;0
2018.07.03;21.79;19.31;0
2018.07.04;21.79;19.36;0
2018.07.05;20.35;19.40;0
2018.07.06;18.72;19.44;1
2018.07.07;18.72;19.46;1
2018.07.08;18.72;19.49;1
2018.07.09;17.91;19.52;1
2018.07.10;17.90;19.55;1
2018.07.11;18.27;19.58;1
2018.07.12;17.12;19.60;1
2018.07.13;16.88;19.62;1
2018.07.14;16.88;19.64;1
2018.07.15;16.88;19.65;1
2018.07.16;17.72;19.67;1
2018.07.17;16.71;19.67;1
2018.07.18;16.53;19.67;1
2018.07.19;17.35;19.68;1
2018.07.20;17.11;19.69;1
2018.07.21;17.11;19.70;1
2018.07.22;17.11;19.72;1
2018.07.23;16.49;19.73;1
2018.07.24;17.13;19.75;1
2018.07.25;16.67;19.76;1
2018.07.26;16.87;19.78;1
2018.07.27;18.72;19.80;1
2018.07.28;18.72;19.82;1
2018.07.29;18.72;19.84;1
2018.07.30;20.44;19.87;0
2018.07.31;19.17;19.89;1
2018.08.01;18.49;19.91;1
2018.08.02;16.31;19.92;1
2018.08.03;15.81;19.93;1
2018.08.04;15.81;19.92;1
2018.08.05;15.81;19.92;1
2018.08.06;15.47;19.92;1
2018.08.07;14.76;19.91;1
2018.08.08;14.83;19.90;1
2018.08.09;14.91;19.90;1
2018.08.10;16.22;19.90;1
2018.08.11;16.22;19.89;1
2018.08.12;16.22;19.88;1
2018.08.13;16.52;19.88;1
2018.08.14;15.16;19.86;1
2018.08.15;17.19;19.86;1
2018.08.16;16.43;19.86;1
2018.08.17;15.86;19.84;1
2018.08.18;15.86;19.82;1
2018.08.19;15.86;19.80;1
2018.08.20;16.29;19.78;1
2018.08.21;16.22;19.76;1
2018.08.22;15.64;19.74;1
2018.08.23;15.79;19.71;1
2018.08.24;15.16;19.62;1
2018.08.25;15.16;19.57;1
2018.08.26;15.16;19.52;1
2018.08.27;15.60;19.43;1
2018.08.28;15.42;19.36;1
2018.08.29;15.27;19.28;1
2018.08.30;16.02;19.22;1
2018.08.31;16.04;19.17;1
2018.09.01;16.04;19.13;1
2018.09.02;16.04;19.11;1
2018.09.03;16.04;19.08;1
2018.09.04;17.10;19.07;1
2018.09.05;18.65;19.06;1
2018.09.06;19.17;19.05;0
2018.09.07;19.76;19.05;0
2018.09.08;19.76;19.04;0
2018.09.09;19.76;19.03;0
2018.09.10;19.04;19.02;0
2018.09.11;17.83;19.01;1
2018.09.12;17.47;19.01;1
2018.09.13;16.45;19.00;1
2018.09.14;16.12;18.99;1
2018.09.15;16.12;18.97;1
2018.09.16;16.12;18.94;1
2018.09.17;18.50;18.91;1
2018.09.18;17.35;18.89;1
2018.09.19;16.90;18.87;1
2018.09.20;16.20;18.84;1
2018.09.21;16.84;18.82;1
2018.09.22;16.84;18.80;1
2018.09.23;16.84;18.78;1
2018.09.24;17.25;18.77;1
2018.09.25;17.07;18.77;1
2018.09.26;17.40;18.77;1
2018.09.27;16.75;18.77;1
2018.09.28;16.58;18.77;1
2018.09.29;16.58;18.75;1
2018.09.30;16.58;18.74;1
2018.10.01;17.09;18.73;1
2018.10.02;17.55;18.73;1
2018.10.03;17.50;18.73;1
2018.10.04;20.12;18.74;0
2018.10.05;21.50;18.74;0
2018.10.06;21.50;18.74;0
2018.10.07;21.50;18.73;0
2018.10.08;22.19;18.71;0
2018.10.09;21.62;18.68;0
2018.10.10;27.53;18.67;0
2018.10.11;27.76;18.67;0
2018.10.12;24.69;18.67;0
2018.10.13;24.69;18.65;0
2018.10.14;24.69;18.62;0
2018.10.15;26.81;18.62;0
2018.10.16;22.51;18.60;0
2018.10.17;22.93;18.58;0
2018.10.18;26.08;18.58;0
2018.10.19;25.77;18.56;0
2018.10.20;25.77;18.54;0
2018.10.21;25.77;18.54;0
2018.10.22;25.16;18.54;0
2018.10.23;25.26;18.53;0
2018.10.24;30.25;18.55;0
2018.10.25;29.54;18.56;0
2018.10.26;29.87;18.57;0
2018.10.27;29.87;18.59;0
2018.10.28;29.87;18.62;0
2018.10.29;31.75;18.66;0
2018.10.30;30.73;18.71;0
2018.10.31;29.12;18.74;0
2018.11.01;26.12;18.76;0
2018.11.02;26.65;18.79;0
2018.11.03;26.65;18.83;0
2018.11.04;26.65;18.87;0
2018.11.05;27.26;18.90;0
2018.11.06;26.17;18.93;0
2018.11.07;22.39;18.93;0
2018.11.08;22.86;18.94;0
2018.11.09;24.27;18.95;0
2018.11.10;24.27;18.95;0
2018.11.11;24.27;18.96;0
2018.11.12;28.11;18.99;0
2018.11.13;27.68;19.03;0
2018.11.14;28.37;19.07;0
2018.11.15;26.05;19.10;0
2018.11.16;24.38;19.11;0
2018.11.17;24.38;19.14;0
2018.11.18;24.38;19.16;0
2018.11.19;27.44;19.20;0
2018.11.20;28.77;19.25;0
2018.11.21;26.96;19.29;0
2018.11.22;26.96;19.34;0
2018.11.23;27.93;19.38;0
2018.11.24;27.93;19.43;0
2018.11.25;27.93;19.48;0
2018.11.26;26.02;19.53;0
2018.11.27;24.73;19.57;0
2018.11.28;24.11;19.61;0
2018.11.29;24.33;19.65;0
2018.11.30;24.02;19.69;0
2018.12.01;24.02;19.72;0
2018.12.02;24.02;19.76;0
2018.12.03;21.70;19.78;0
2018.12.04;25.38;19.83;0
2018.12.05;25.38;19.87;0
2018.12.06;25.97;19.91;0
2018.12.07;28.03;19.97;0
2018.12.08;28.03;20.03;0
2018.12.09;28.03;20.08;0
2018.12.10;27.20;20.14;0
2018.12.11;26.77;20.19;0
2018.12.12;26.30;20.25;0
2018.12.13;25.80;20.29;0
2018.12.14;27.62;20.35;0
2018.12.15;27.62;20.40;0
2018.12.16;27.62;20.45;0
2018.12.17;30.07;20.52;0
2018.12.18;29.31;20.59;0
2018.12.19;29.43;20.66;0
2018.12.20;31.00;20.74;0
2018.12.21;33.87;20.83;0
2018.12.22;33.87;20.92;0
2018.12.23;33.87;21.02;0
2018.12.24;38.68;21.13;0
2018.12.25;38.68;21.24;0
2018.12.26;33.70;21.32;0
2018.12.27;34.37;21.41;0
2018.12.28;34.20;21.50;0
2018.12.29;34.20;21.59;0
2018.12.30;34.20;21.68;0
2018.12.31;31.44;21.76;0
2019.01.01;31.44;21.84;0
2019.01.02;30.09;21.91;0
2019.01.03;32.18;22.00;0
2019.01.04;28.57;22.06;0
2019.01.05;28.57;22.11;0
2019.01.06;28.57;22.17;0
2019.01.07;28.53;22.22;0
2019.01.08;27.66;22.27;0
2019.01.09;26.42;22.31;0
2019.01.10;25.91;22.34;0
2019.01.11;24.78;22.36;0
2019.01.12;24.78;22.38;0
2019.01.13;24.78;22.39;0
2019.01.14;25.74;22.41;0
2019.01.15;23.66;22.42;0
2019.01.16;24.07;22.44;0
2019.01.17;23.34;22.45;0
2019.01.18;21.89;22.46;1
2019.01.19;21.89;22.46;1
2019.01.20;21.89;22.46;1
2019.01.21;21.89;22.47;1
2019.01.22;25.02;22.50;0
2019.01.23;24.50;22.53;0
2019.01.24;23.49;22.55;0
2019.01.25;21.78;22.57;1
2019.01.26;21.78;22.59;1
2019.01.27;21.78;22.61;1
2019.01.28;23.43;22.64;0
2019.01.29;23.86;22.67;0
2019.01.30;21.18;22.69;1
2019.01.31;20.24;22.71;1
2019.02.01;19.80;22.72;1
2019.02.02;19.80;22.74;1
2019.02.03;19.80;22.75;1
2019.02.04;19.68;22.77;1
2019.02.05;19.47;22.78;1
2019.02.06;19.74;22.79;1
2019.02.07;20.92;22.81;1
2019.02.08;20.04;22.83;1
2019.02.09;20.04;22.84;1
2019.02.10;20.04;22.86;1
2019.02.11;20.07;22.87;1
2019.02.12;18.69;22.87;1
2019.02.13;19.00;22.88;1
2019.02.14;19.02;22.88;1
2019.02.15;17.70;22.86;1
2019.02.16;17.70;22.86;1
2019.02.17;17.70;22.85;1
2019.02.18;17.70;22.86;1
2019.02.19;18.10;22.87;1
2019.02.20;18.02;22.88;1
2019.02.21;18.19;22.89;1
2019.02.22;16.95;22.90;1
2019.02.23;16.95;22.91;1
2019.02.24;16.95;22.92;1
2019.02.25;17.81;22.94;1
2019.02.26;18.11;22.95;1
2019.02.27;17.60;22.95;1
2019.02.28;17.17;22.96;1
2019.03.01;16.12;22.96;1
2019.03.02;16.12;22.96;1
2019.03.03;16.12;22.96;1
2019.03.04;17.36;22.96;1
2019.03.05;17.06;22.97;1
2019.03.06;18.23;22.98;1
2019.03.07;19.59;23.00;1
2019.03.08;19.12;23.01;1
2019.03.09;19.12;23.03;1
2019.03.10;19.12;23.04;1
2019.03.11;16.36;23.05;1
2019.03.12;15.76;23.05;1
2019.03.13;15.38;23.05;1
2019.03.14;15.65;23.05;1
2019.03.15;15.12;23.05;1
2019.03.16;15.12;23.05;1
2019.03.17;15.12;23.05;1
2019.03.18;16.18;23.05;1
2019.03.19;16.73;23.05;1
2019.03.20;16.64;23.06;1
2019.03.21;16.59;23.06;1
2019.03.22;19.83;23.08;1
2019.03.23;19.83;23.09;1
2019.03.24;19.83;23.10;1
2019.03.25;19.44;23.10;1
2019.03.26;18.63;23.09;1
2019.03.27;18.74;23.09;1
2019.03.28;17.99;23.08;1
2019.03.29;16.62;23.07;1
2019.03.30;16.62;23.06;1
2019.03.31;16.62;23.06;1
2019.04.01;16.31;23.05;1
2019.04.02;16.33;23.06;1
2019.04.03;16.62;23.06;1
2019.04.04;16.79;23.06;1
2019.04.05;16.17;23.05;1
2019.04.06;16.17;23.04;1
2019.04.07;16.17;23.04;1
2019.04.08;16.82;23.04;1
2019.04.09;17.65;23.05;1
2019.04.10;16.76;23.05;1
2019.04.11;16.66;23.05;1
2019.04.12;15.63;23.04;1
2019.04.13;15.63;23.03;1
2019.04.14;15.63;23.02;1
2019.04.15;15.93;23.02;1
2019.04.16;15.88;23.01;1
2019.04.17;15.86;23.01;1
2019.04.18;15.15;23.00;1
2019.04.19;15.15;22.99;1
2019.04.20;15.15;22.98;1
2019.04.21;15.15;22.97;1
2019.04.22;15.74;22.95;1
2019.04.23;16.15;22.92;1
2019.04.24;16.67;22.90;1
2019.04.25;16.49;22.87;1
2019.04.26;15.79;22.84;1
2019.04.27;15.79;22.81;1
2019.04.28;15.79;22.75;1
2019.04.29;16.44;22.70;1
2019.04.30;16.60;22.66;1
2019.05.01;17.93;22.62;1
2019.05.02;17.62;22.59;1
2019.05.03;15.98;22.53;1
2019.05.04;15.98;22.50;1
2019.05.05;15.98;22.47;1
2019.05.06;18.70;22.43;1
2019.05.07;22.86;22.41;0
2019.05.08;22.52;22.40;0
2019.05.09;22.03;22.38;1
2019.05.10;19.10;22.35;1
2019.05.11;19.10;22.32;1
2019.05.12;19.10;22.26;1
2019.05.13;25.25;22.24;0
2019.05.14;22.23;22.20;0
2019.05.15;19.92;22.15;1
2019.05.16;18.40;22.10;1
2019.05.17;19.39;22.03;1
2019.05.18;19.39;21.98;1
2019.05.19;19.39;21.93;1
2019.05.20;21.64;21.91;1
2019.05.21;19.58;21.87;1
2019.05.22;19.84;21.84;1
2019.05.23;21.31;21.81;1
2019.05.24;20.63;21.78;1
2019.05.25;20.63;21.75;1
2019.05.26;20.63;21.74;1
2019.05.27;20.63;21.73;1
2019.05.28;21.83;21.72;0
2019.05.29;22.23;21.71;0
2019.05.30;21.68;21.69;1
2019.05.31;23.23;21.67;0
2019.06.01;23.23;21.65;0
2019.06.02;23.23;21.62;0
2019.06.03;24.22;21.61;0
2019.06.04;21.49;21.60;1
2019.06.05;20.87;21.58;1
2019.06.06;20.32;21.56;1
2019.06.07;19.93;21.52;1
2019.06.08;19.93;21.48;1
2019.06.09;19.93;21.44;1
2019.06.10;19.98;21.41;1
2019.06.11;20.22;21.37;1
2019.06.12;20.58;21.33;1
2019.06.13;20.03;21.29;1
2019.06.14;19.85;21.26;1
2019.06.15;19.85;21.24;1
2019.06.16;19.85;21.22;1
2019.06.17;20.04;21.19;1
2019.06.18;19.51;21.17;1
2019.06.19;18.80;21.15;1
2019.06.20;18.71;21.12;1
2019.06.21;19.18;21.11;1
2019.06.22;19.18;21.08;1
2019.06.23;19.18;21.05;1
2019.06.24;19.46;21.01;1
2019.06.25;20.77;20.98;1
2019.06.26;20.46;20.94;1
2019.06.27;20.07;20.90;1
2019.06.28;19.76;20.86;1
2019.06.29;19.76;20.83;1
2019.06.30;19.76;20.79;1
2019.07.01;17.64;20.75;1
2019.07.02;16.29;20.70;1
2019.07.03;16.15;20.64;1
2019.07.04;16.15;20.58;1
2019.07.05;16.47;20.51;1
2019.07.06;16.47;20.45;1
2019.07.07;16.47;20.38;1
2019.07.08;17.77;20.32;1
2019.07.09;17.42;20.24;1
2019.07.10;16.43;20.15;1
2019.07.11;16.64;20.06;1
2019.07.12;16.25;19.95;1
2019.07.13;16.25;19.84;1
2019.07.14;16.25;19.75;1
2019.07.15;16.22;19.66;1
2019.07.16;16.66;19.57;1
2019.07.17;18.00;19.49;1
2019.07.18;17.01;19.41;1
2019.07.19;17.69;19.34;1
2019.07.20;17.69;19.27;1
2019.07.21;17.69;19.21;1
2019.07.22;17.07;19.13;1
2019.07.23;16.07;19.07;1
2019.07.24;15.41;19.00;1
2019.07.25;16.02;18.94;1
2019.07.26;15.42;18.87;1
2019.07.27;15.42;18.81;1
2019.07.28;15.42;18.76;1
2019.07.29;16.35;18.71;1
2019.07.30;17.53;18.67;1
2019.07.31;18.78;18.64;0
2019.08.01;21.06;18.63;0
2019.08.02;21.37;18.60;0
2019.08.03;21.37;18.59;0
2019.08.04;21.37;18.58;0
2019.08.05;27.56;18.60;0
2019.08.06;24.27;18.61;0
2019.08.07;23.47;18.62;0
2019.08.08;21.14;18.62;0
2019.08.09;21.77;18.62;0
2019.08.10;21.77;18.60;0
2019.08.11;21.77;18.59;0
2019.08.12;25.18;18.59;0
2019.08.13;21.82;18.59;0
2019.08.14;26.38;18.62;0
2019.08.15;24.79;18.63;0
2019.08.16;21.51;18.62;0
2019.08.17;21.51;18.61;0
2019.08.18;21.51;18.61;0
2019.08.19;20.43;18.61;0
2019.08.20;21.27;18.62;0
2019.08.21;19.81;18.62;0
2019.08.22;20.83;18.63;0
2019.08.23;23.66;18.65;0
2019.08.24;23.66;18.67;0
2019.08.25;23.66;18.69;0
2019.08.26;23.24;18.70;0
2019.08.27;24.11;18.72;0
2019.08.28;23.12;18.73;0
2019.08.29;21.25;18.74;0
2019.08.30;22.39;18.75;0
2019.08.31;22.39;18.77;0
2019.09.01;22.39;18.79;0
2019.09.02;22.39;18.80;0
2019.09.03;23.37;18.83;0
2019.09.04;21.44;18.85;0
2019.09.05;19.91;18.86;0
2019.09.06;18.82;18.87;1
2019.09.07;18.82;18.87;1
2019.09.08;18.82;18.87;1
2019.09.09;19.42;18.88;0
2019.09.10;19.57;18.89;0
2019.09.11;18.60;18.90;1
2019.09.12;17.88;18.91;1
2019.09.13;18.13;18.91;1
2019.09.14;18.13;18.91;1
2019.09.15;18.13;18.91;1
2019.09.16;19.04;18.92;0
2019.09.17;18.58;18.93;1
2019.09.18;18.04;18.94;1
2019.09.19;17.55;18.95;1
2019.09.20;19.11;18.96;0
2019.09.21;19.11;18.97;0
2019.09.22;19.11;18.97;0
2019.09.23;18.64;18.97;1
2019.09.24;20.45;18.97;0
2019.09.25;19.14;18.97;0
2019.09.26;19.41;18.98;0
2019.09.27;20.89;19.00;0
2019.09.28;20.89;19.02;0
2019.09.29;20.89;19.05;0
2019.09.30;20.03;19.07;0
2019.10.01;21.95;19.11;0
2019.10.02;23.71;19.15;0
2019.10.03;22.33;19.19;0
2019.10.04;20.24;19.21;0
2019.10.05;20.24;19.23;0
2019.10.06;20.24;19.24;0
2019.10.07;21.63;19.27;0
2019.10.08;23.40;19.29;0
2019.10.09;21.88;19.30;0
2019.10.10;21.00;19.30;0
2019.10.11;19.44;19.30;0
2019.10.12;19.44;19.31;0
2019.10.13;19.44;19.31;0
2019.10.14;18.61;19.31;1
2019.10.15;17.18;19.32;1
2019.10.16;17.58;19.32;1
2019.10.17;17.39;19.32;1
2019.10.18;17.82;19.33;1
2019.10.19;17.82;19.34;1
2019.10.20;17.82;19.35;1
2019.10.21;17.39;19.35;1
2019.10.22;18.34;19.36;1
2019.10.23;17.78;19.37;1
2019.10.24;17.35;19.37;1
2019.10.25;16.17;19.37;1
2019.10.26;16.17;19.36;1
2019.10.27;16.17;19.36;1
2019.10.28;16.81;19.36;1
2019.10.29;17.47;19.37;1
2019.10.30;16.71;19.37;1
2019.10.31;17.36;19.38;1
2019.11.01;16.27;19.39;1
2019.11.02;16.27;19.39;1
2019.11.03;16.27;19.39;1
2019.11.04;16.56;19.40;1
2019.11.05;17.08;19.41;1
2019.11.06;16.45;19.41;1
2019.11.07;16.66;19.42;1
2019.11.08;16.17;19.42;1
2019.11.09;16.17;19.42;1
2019.11.10;16.17;19.42;1
2019.11.11;16.04;19.42;1
2019.11.12;15.86;19.42;1
2019.11.13;16.24;19.42;1
2019.11.14;15.85;19.42;1
2019.11.15;14.57;19.41;1
2019.11.16;14.57;19.40;1
2019.11.17;14.57;19.38;1
2019.11.18;14.94;19.37;1
2019.11.19;15.25;19.37;1
2019.11.20;15.61;19.37;1
2019.11.21;16.07;19.37;1
2019.11.22;15.60;19.35;1
2019.11.23;15.60;19.31;1
2019.11.24;15.60;19.28;1
2019.11.25;15.08;19.24;1
2019.11.26;14.78;19.22;1
2019.11.27;14.86;19.20;1
2019.11.28;14.86;19.18;1
2019.11.29;15.84;19.13;1
2019.11.30;15.84;19.10;1
2019.12.01;15.84;19.08;1
2019.12.02;18.07;19.08;1
2019.12.03;19.16;19.08;0
2019.12.04;18.33;19.07;1
2019.12.05;17.97;19.07;1
2019.12.06;16.44;19.04;1
2019.12.07;16.44;19.02;1
2019.12.08;16.44;19.01;1
2019.12.09;18.15;18.99;1
2019.12.10;18.02;18.98;1
2019.12.11;17.41;18.96;1
2019.12.12;16.55;18.94;1
2019.12.13;15.09;18.91;1
2019.12.14;15.09;18.88;1
2019.12.15;15.09;18.84;1
2019.12.16;14.02;18.81;1
2019.12.17;14.42;18.76;1
2019.12.18;14.75;18.72;1
2019.12.19;14.42;18.68;1
2019.12.20;14.47;18.63;1
2019.12.21;14.47;18.59;1
2019.12.22;14.47;18.56;1
2019.12.23;15.16;18.53;1
2019.12.24;15.14;18.51;1
2019.12.25;15.14;18.49;1
2019.12.26;15.07;18.46;1
2019.12.27;16.36;18.44;1
2019.12.28;16.36;18.42;1
2019.12.29;16.36;18.40;1
2019.12.30;17.90;18.39;1
2019.12.31;16.89;18.38;1
2020.01.01;16.89;18.36;1
2020.01.02;16.00;18.34;1
2020.01.03;16.95;18.33;1
2020.01.04;16.95;18.32;1
2020.01.05;16.95;18.31;1
2020.01.06;17.19;18.30;1
2020.01.07;17.15;18.29;1
2020.01.08;16.93;18.28;1
2020.01.09;16.04;18.26;1
2020.01.10;16.48;18.25;1
2020.01.11;16.48;18.23;1
2020.01.12;16.48;18.21;1
2020.01.13;15.57;18.18;1
2020.01.14;15.83;18.16;1
2020.01.15;15.54;18.14;1
2020.01.16;14.95;18.12;1
2020.01.17;14.97;18.11;1
2020.01.18;14.97;18.10;1
2020.01.19;14.97;18.09;1
2020.01.20;14.97;18.09;1
2020.01.21;16.22;18.09;1
2020.01.22;16.49;18.09;1
2020.01.23;16.23;18.08;1
2020.01.24;18.07;18.09;1
2020.01.25;18.07;18.09;1
2020.01.26;18.07;18.10;1
2020.01.27;21.46;18.12;0
2020.01.28;19.61;18.14;0
2020.01.29;19.57;18.15;0
2020.01.30;17.75;18.16;1
2020.01.31;21.33;18.19;0
2020.02.01;21.33;18.21;0
2020.02.02;21.33;18.23;0
2020.02.03;20.40;18.24;0
2020.02.04;18.45;18.25;0
2020.02.05;18.52;18.25;0
2020.02.06;18.41;18.26;0
2020.02.07;19.42;18.27;0
2020.02.08;19.42;18.28;0
2020.02.09;19.42;18.30;0
2020.02.10;19.31;18.32;0
2020.02.11;19.66;18.34;0
2020.02.12;18.04;18.36;1
2020.02.13;18.46;18.37;0
2020.02.14;17.95;18.38;1
2020.02.15;17.95;18.38;1
2020.02.16;17.95;18.38;1
2020.02.17;17.95;18.36;1
2020.02.18;19.12;18.35;0
2020.02.19;18.58;18.34;0
2020.02.20;20.33;18.33;0
2020.02.21;22.46;18.31;0
2020.02.22;22.46;18.30;0
2020.02.23;22.46;18.29;0
2020.02.24;29.23;18.33;0
2020.02.25;31.03;18.38;0
2020.02.26;30.38;18.42;0
2020.02.27;41.00;18.52;0
2020.02.28;43.13;18.61;0
2020.02.29;43.13;18.71;0
2020.03.01;43.13;18.80;0
2020.03.02;35.10;18.85;0
2020.03.03;39.33;18.94;0
2020.03.04;33.54;19.00;0
2020.03.05;41.40;19.10;0
2020.03.06;43.97;19.22;0
2020.03.07;43.97;19.33;0
2020.03.08;43.97;19.45;0
2020.03.09;53.68;19.61;0
2020.03.10;47.43;19.73;0
2020.03.11;50.70;19.87;0
2020.03.12;67.83;20.09;0
2020.03.13;51.84;20.23;0
2020.03.14;51.84;20.37;0
2020.03.15;51.84;20.51;0
2020.03.16;80.08;20.81;0
2020.03.17;71.55;21.05;0
2020.03.18;74.22;21.31;0
2020.03.19;69.12;21.55;0
2020.03.20;63.85;21.75;0
2020.03.21;63.85;21.96;0
2020.03.22;63.85;22.17;0
2020.03.23;58.36;22.36;0
2020.03.24;56.95;22.55;0
2020.03.25;60.99;22.76;0
2020.03.26;57.60;22.96;0
2020.03.27;61.38;23.17;0
2020.03.28;61.38;23.37;0
2020.03.29;61.38;23.59;0
2020.03.30;55.04;23.77;0
2020.03.31;51.29;23.94;0
2020.04.01;54.29;24.12;0
2020.04.02;48.91;24.28;0
2020.04.03;44.87;24.40;0
2020.04.04;44.87;24.54;0
2020.04.05;44.87;24.67;0
2020.04.06;42.93;24.80;0
2020.04.07;44.69;24.92;0
2020.04.08;42.34;25.04;0
2020.04.09;41.36;25.15;0
2020.04.10;41.36;25.27;0
2020.04.11;41.36;25.37;0
2020.04.12;41.36;25.48;0
2020.04.13;41.34;25.59;0
2020.04.14;38.33;25.68;0
2020.04.15;40.85;25.78;0
2020.04.16;40.36;25.88;0
2020.04.17;38.37;25.97;0
2020.04.18;38.37;26.05;0
2020.04.19;38.37;26.12;0
2020.04.20;43.85;26.23;0
2020.04.21;45.37;26.36;0
2020.04.22;42.37;26.47;0
2020.04.23;41.66;26.57;0
2020.04.24;36.50;26.65;0
2020.04.25;36.50;26.71;0
2020.04.26;36.50;26.79;0
2020.04.27;35.26;26.86;0
2020.04.28;36.61;26.94;0
2020.04.29;32.85;27.01;0
2020.04.30;35.28;27.09;0
2020.05.01;37.76;27.19;0
2020.05.02;37.76;27.29;0
2020.05.03;37.76;27.39;0
2020.05.04;36.86;27.49;0
2020.05.05;35.37;27.57;0
2020.05.06;35.60;27.66;0
2020.05.07;33.58;27.74;0
2020.05.08;30.64;27.81;0
2020.05.09;30.64;27.87;0
2020.05.10;30.64;27.93;0
2020.05.11;28.82;27.99;0
2020.05.12;33.30;28.08;0
2020.05.13;36.12;28.18;0
2020.05.14;33.79;28.27;0
2020.05.15;33.49;28.35;0
2020.05.16;33.49;28.43;0
2020.05.17;33.49;28.51;0
2020.05.18;30.22;28.58;0
2020.05.19;30.74;28.65;0
2020.05.20;29.12;28.71;0
2020.05.21;30.73;28.79;0
2020.05.22;29.36;28.85;0
2020.05.23;29.36;28.91;0
2020.05.24;29.36;28.98;0
2020.05.25;29.36;29.04;0
2020.05.26;29.42;29.11;0
2020.05.27;29.52;29.17;0
2020.05.28;29.68;29.24;0
2020.05.29;27.96;29.30;1
2020.05.30;27.96;29.36;1
2020.05.31;27.96;29.42;1
2020.06.01;28.99;29.48;1
2020.06.02;27.68;29.55;1
2020.06.03;27.45;29.61;1
2020.06.04;27.43;29.68;1
2020.06.05;25.53;29.73;1
2020.06.06;25.53;29.78;1
2020.06.07;25.53;29.83;1
2020.06.08;26.80;29.89;1
2020.06.09;28.70;29.95;1
2020.06.10;29.32;30.02;1
2020.06.11;36.81;30.13;0
2020.06.12;35.49;30.23;0
2020.06.13;35.49;30.33;0
2020.06.14;35.49;30.43;0
2020.06.15;33.67;30.53;0
2020.06.16;32.69;30.61;0
2020.06.17;32.91;30.70;0
2020.06.18;31.57;30.78;0
2020.06.19;32.54;30.85;0
2020.06.20;32.54;30.92;0
2020.06.21;32.54;30.99;0
2020.06.22;31.38;31.05;0
2020.06.23;31.23;31.13;0
2020.06.24;33.58;31.21;0
2020.06.25;31.81;31.29;0
2020.06.26;33.81;31.37;0
2020.06.27;33.81;31.45;0
2020.06.28;33.81;31.53;0
2020.06.29;32.30;31.61;0
2020.06.30;30.75;31.69;1
2020.07.01;29.51;31.76;1
2020.07.02;28.60;31.83;1
2020.07.03;28.60;31.90;1
2020.07.04;28.60;31.97;1
2020.07.05;28.60;32.04;1
2020.07.06;30.20;32.12;1
2020.07.07;31.72;32.21;1
2020.07.08;31.05;32.29;1
2020.07.09;32.68;32.38;0
2020.07.10;32.02;32.46;1
2020.07.11;32.02;32.55;1
2020.07.12;32.02;32.63;1
2020.07.13;37.60;32.74;0
2020.07.14;37.61;32.85;0
2020.07.15;35.84;32.95;0
2020.07.16;34.42;33.04;0
2020.07.17;30.77;33.10;1
2020.07.18;30.77;33.17;1
2020.07.19;30.77;33.24;1
2020.07.20;30.91;33.32;1
2020.07.21;30.91;33.39;1
2020.07.22;30.46;33.45;1
2020.07.23;32.75;33.53;1
2020.07.24;32.61;33.61;1
2020.07.25;32.61;33.69;1
2020.07.26;32.61;33.77;1
2020.07.27;31.55;33.84;1
2020.07.28;31.83;33.92;1
2020.07.29;30.13;33.99;1
2020.07.30;30.20;34.06;1
2020.07.31;27.93;34.12;1
2020.08.01;27.93;34.18;1
2020.08.02;27.93;34.24;1
2020.08.03;29.27;34.31;1
2020.08.04;29.12;34.38;1
2020.08.05;28.50;34.45;1
2020.08.06;28.53;34.52;1
2020.08.07;29.76;34.59;1
2020.08.08;29.76;34.66;1
2020.08.09;29.76;34.73;1
2020.08.10;29.86;34.79;1
2020.08.11;31.87;34.86;1
2020.08.12;30.16;34.92;1
2020.08.13;29.84;34.98;1
2020.08.14;29.15;35.02;1
2020.08.15;29.15;35.07;1
2020.08.16;29.15;35.12;1
2020.08.17;27.73;35.17;1
2020.08.18;26.90;35.20;1
2020.08.19;28.88;35.23;1
2020.08.20;28.44;35.27;1
2020.08.21;28.62;35.31;1
2020.08.22;28.62;35.36;1
2020.08.23;28.62;35.41;1
2020.08.24;29.83;35.47;1
2020.08.25;29.11;35.52;1
2020.08.26;32.10;35.58;1
2020.08.27;33.32;35.65;1
2020.08.28;32.80;35.72;1
2020.08.29;32.80;35.78;1
2020.08.30;32.80;35.86;1
2020.08.31;34.55;35.94;1
2020.09.01;34.67;36.02;1
2020.09.02;36.80;36.11;0
2020.09.03;42.09;36.24;0
2020.09.04;41.74;36.35;0
2020.09.05;41.74;36.47;0
2020.09.06;41.74;36.58;0
2020.09.07;41.74;36.69;0
2020.09.08;41.02;36.78;0
2020.09.09;38.25;36.86;0
2020.09.10;37.92;36.94;0
2020.09.11;35.27;36.97;1
2020.09.12;35.27;36.99;1
2020.09.13;35.27;37.01;1
2020.09.14;33.56;36.98;1
2020.09.15;33.79;36.93;1
2020.09.16;35.48;36.89;1
2020.09.17;36.27;36.86;1
2020.09.18;36.04;36.86;1
2020.09.19;36.04;36.85;1
2020.09.20;36.04;36.86;1
2020.09.21;36.43;36.83;1
2020.09.22;35.24;36.79;1
2020.09.23;37.25;36.76;0
2020.09.24;36.99;36.72;0
2020.09.25;34.93;36.63;1
2020.09.26;34.93;36.57;1
2020.09.27;34.93;36.49;1
2020.09.28;34.66;36.32;1
2020.09.29;35.25;36.24;1
2020.09.30;35.42;36.16;1
2020.10.01;34.99;36.07;1
2020.10.02;36.44;35.85;0
2020.10.03;36.44;35.68;0
2020.10.04;36.44;35.49;0
2020.10.05;35.67;35.32;0
2020.10.06;36.67;35.19;0
2020.10.07;35.61;35.05;0
2020.10.08;34.43;34.90;1
2020.10.09;32.60;34.77;1
2020.10.10;32.60;34.65;1
2020.10.11;32.60;34.51;1
2020.10.12;33.44;34.38;1
2020.10.13;34.48;34.25;0
2020.10.14;34.04;34.11;1
2020.10.15;34.54;33.98;0
2020.10.16;35.02;33.88;0
2020.10.17;35.02;33.80;0
2020.10.18;35.02;33.70;0
2020.10.19;36.14;33.64;0
2020.10.20;35.25;33.59;0
2020.10.21;35.08;33.54;0
2020.10.22;34.28;33.49;0
2020.10.23;33.45;33.44;0
2020.10.24;33.45;33.38;0
2020.10.25;33.45;33.34;0
2020.10.26;37.41;33.32;0
2020.10.27;36.56;33.30;0
2020.10.28;43.39;33.31;0
2020.10.29;40.08;33.30;0
2020.10.30;41.30;33.30;0
2020.10.31;41.30;33.31;0
2020.11.01;41.30;33.32;0
2020.11.02;40.90;33.32;0
2020.11.03;38.38;33.32;0
2020.11.04;33.36;33.29;0
2020.11.05;32.82;33.27;1
2020.11.06;30.01;33.20;1
2020.11.07;30.01;33.12;1
2020.11.08;30.01;33.06;1
2020.11.09;31.32;33.01;1
2020.11.10;32.53;32.99;1
2020.11.11;30.29;32.96;1
2020.11.12;30.91;32.93;1
2020.11.13;29.03;32.90;1
2020.11.14;29.03;32.86;1
2020.11.15;29.03;32.84;1
2020.11.16;27.37;32.80;1
2020.11.17;27.31;32.75;1
2020.11.18;27.47;32.70;1
2020.11.19;26.81;32.64;1
2020.11.20;26.91;32.59;1
2020.11.21;26.91;32.55;1
2020.11.22;26.91;32.51;1
2020.11.23;26.64;32.47;1
2020.11.24;25.99;32.45;1
2020.11.25;25.69;32.42;1
2020.11.26;25.69;32.40;1
2020.11.27;26.12;32.39;1
2020.11.28;26.12;32.35;1
2020.11.29;26.12;32.30;1
2020.11.30;26.68;32.26;1
2020.12.01;27.41;32.23;1
2020.12.02;27.55;32.20;1
2020.12.03;27.39;32.17;1
2020.12.04;27.02;32.16;1
2020.12.05;27.02;32.14;1
2020.12.06;27.02;32.13;1
2020.12.07;27.20;32.11;1
2020.12.08;26.08;32.09;1
2020.12.09;29.32;32.09;1
2020.12.10;29.15;32.09;1
2020.12.11;29.00;32.09;1
2020.12.12;29.00;32.09;1
2020.12.13;29.00;32.09;1
2020.12.14;29.44;32.09;1
2020.12.15;28.10;32.09;1
2020.12.16;27.85;32.09;1
2020.12.17;27.04;32.08;1
2020.12.18;26.91;32.07;1
2020.12.19;26.91;32.07;1
2020.12.20;26.91;32.06;1
2020.12.21;28.35;32.07;1
2020.12.22;27.94;32.08;1
2020.12.23;27.33;32.09;1
2020.12.24;25.94;32.09;1
2020.12.25;25.94;32.09;1
2020.12.26;25.94;32.07;1
2020.12.27;25.94;32.06;1
2020.12.28;25.91;32.00;1
2020.12.29;26.82;31.96;1
2020.12.30;26.29;31.91;1
2020.12.31;26.93;31.87;1
2021.01.01;26.93;31.84;1
2021.01.02;26.93;31.81;1
2021.01.03;26.93;31.78;1
2021.01.04;30.13;31.77;1
2021.01.05;28.42;31.75;1
2021.01.06;29.27;31.73;1
2021.01.07;26.99;31.71;1
2021.01.08;27.93;31.69;1
2021.01.09;27.93;31.67;1
2021.01.10;27.93;31.64;1
2021.01.11;28.92;31.63;1
2021.01.12;28.33;31.60;1
2021.01.13;27.36;31.57;1
2021.01.14;28.55;31.54;1
2021.01.15;29.17;31.53;1
2021.01.16;29.17;31.52;1
2021.01.17;29.17;31.52;1
2021.01.18;29.17;31.52;1
2021.01.19;27.71;31.52;1
2021.01.20;26.79;31.51;1
2021.01.21;27.01;31.50;1
2021.01.22;28.07;31.49;1
2021.01.23;28.07;31.47;1
2021.01.24;28.07;31.46;1
2021.01.25;28.73;31.44;1
2021.01.26;29.20;31.42;1
2021.01.27;39.61;31.46;0
2021.01.28;35.05;31.47;0
2021.01.29;37.44;31.47;0
2021.01.30;37.44;31.47;0
2021.01.31;37.44;31.48;0
2021.02.01;34.24;31.48;0
2021.02.02;29.49;31.47;1
2021.02.03;29.03;31.47;1
2021.02.04;27.09;31.45;1
2021.02.05;25.46;31.42;1
2021.02.06;25.46;31.39;1
2021.02.07;25.46;31.37;1
2021.02.08;26.18;31.33;1
2021.02.09;26.60;31.30;1
2021.02.10;27.41;31.28;1
2021.02.11;27.07;31.25;1
2021.02.12;26.36;31.22;1
2021.02.13;26.36;31.20;1
2021.02.14;26.36;31.18;1
2021.02.15;26.36;31.16;1
2021.02.16;28.52;31.16;1
2021.02.17;28.26;31.16;1
2021.02.18;27.59;31.16;1
2021.02.19;27.74;31.15;1
2021.02.20;27.74;31.15;1
2021.02.21;27.74;31.14;1
2021.02.22;31.02;31.16;1
2021.02.23;30.62;31.16;1
2021.02.24;28.67;31.16;1
2021.02.25;36.16;31.19;0
2021.02.26;34.06;31.21;0
2021.02.27;34.06;31.22;0
2021.02.28;34.06;31.24;0
2021.03.01;28.67;31.23;1
2021.03.02;30.11;31.24;1
2021.03.03;33.92;31.26;0
2021.03.04;34.83;31.29;0
2021.03.05;31.89;31.31;0
2021.03.06;31.89;31.34;0
2021.03.07;31.89;31.35;0
2021.03.08;33.87;31.38;0
2021.03.09;32.15;31.40;0
2021.03.10;31.52;31.41;0
2021.03.11;30.04;31.42;1
2021.03.12;30.10;31.42;1
2021.03.13;30.10;31.42;1
2021.03.14;30.10;31.41;1
2021.03.15;28.72;31.39;1
2021.03.16;29.27;31.37;1
2021.03.17;27.98;31.35;1
2021.03.18;30.61;31.34;1
2021.03.19;29.65;31.31;1
2021.03.20;29.65;31.29;1
2021.03.21;29.65;31.25;1
2021.03.22;26.70;31.18;1
2021.03.23;27.83;31.11;1
2021.03.24;28.97;31.04;1
2021.03.25;27.63;30.97;1
2021.03.26;25.64;30.89;1
2021.03.27;25.64;30.81;1
2021.03.28;25.64;30.75;1
2021.03.29;26.94;30.70;1
2021.03.30;26.39;30.65;1
2021.03.31;24.89;30.60;1
2021.04.01;23.21;30.54;1
2021.04.02;23.21;30.49;1
2021.04.03;23.21;30.43;1
2021.04.04;23.21;30.37;1
2021.04.05;23.93;30.31;1
2021.04.06;23.86;30.25;1
2021.04.07;23.43;30.19;1
2021.04.08;23.49;30.13;1
2021.04.09;23.23;30.06;1
2021.04.10;23.23;30.00;1
2021.04.11;23.23;29.93;1
2021.04.12;22.49;29.86;1
2021.04.13;22.11;29.79;1
2021.04.14;22.64;29.73;1
2021.04.15;21.68;29.66;1
2021.04.16;20.51;29.59;1
2021.04.17;20.51;29.52;1
2021.04.18;20.51;29.45;1
2021.04.19;22.82;29.38;1
2021.04.20;24.37;29.32;1
2021.04.21;22.82;29.26;1
2021.04.22;24.00;29.19;1
2021.04.23;22.32;29.13;1
2021.04.24;22.32;29.06;1
2021.04.25;22.32;28.99;1
2021.04.26;22.57;28.93;1
2021.04.27;22.71;28.88;1
2021.04.28;22.36;28.83;1
2021.04.29;22.42;28.78;1
2021.04.30;22.90;28.73;1
2021.05.01;22.90;28.67;1
2021.05.02;22.90;28.61;1
2021.05.03;23.34;28.56;1
2021.05.04;25.70;28.51;1
2021.05.05;25.66;28.46;1
2021.05.06;24.83;28.41;1
2021.05.07;22.79;28.34;1
2021.05.08;22.79;28.28;1
2021.05.09;22.79;28.22;1
2021.05.10;26.59;28.18;1
2021.05.11;27.86;28.15;1
2021.05.12;31.87;28.15;0
2021.05.13;29.02;28.12;0
2021.05.14;24.99;28.06;1
2021.05.15;24.99;28.00;1
2021.05.16;24.99;27.91;1
2021.05.17;25.59;27.84;1
2021.05.18;26.14;27.76;1
2021.05.19;26.66;27.69;1
2021.05.20;24.24;27.61;1
2021.05.21;24.30;27.52;1
2021.05.22;24.30;27.45;1
2021.05.23;24.30;27.41;1
2021.05.24;22.76;27.36;1
2021.05.25;23.40;27.32;1
2021.05.26;22.35;27.29;1
2021.05.27;22.12;27.25;1
2021.05.28;21.44;27.20;1
2021.05.29;21.44;27.14;1
2021.05.30;21.44;27.10;1
2021.05.31;21.44;27.05;1
2021.06.01;22.68;27.02;1
2021.06.02;22.01;26.98;1
2021.06.03;23.25;26.95;1
2021.06.04;21.22;26.92;1
2021.06.05;21.22;26.89;1
2021.06.06;21.22;26.86;1
2021.06.07;21.37;26.83;1
2021.06.08;21.58;26.81;1
2021.06.09;22.01;26.78;1
2021.06.10;19.98;26.75;1
2021.06.11;19.16;26.71;1
2021.06.12;19.16;26.68;1
2021.06.13;19.16;26.64;1
2021.06.14;20.06;26.62;1
2021.06.15;20.93;26.59;1
2021.06.16;21.46;26.57;1
2021.06.17;20.35;26.54;1
2021.06.18;22.43;26.52;1
2021.06.19;22.43;26.49;1
2021.06.20;22.43;26.47;1
2021.06.21;20.78;26.43;1
2021.06.22;20.00;26.40;1
2021.06.23;19.82;26.36;1
2021.06.24;19.60;26.33;1
2021.06.25;19.31;26.29;1
2021.06.26;19.31;26.25;1
2021.06.27;19.31;26.20;1
2021.06.28;19.58;26.15;1
2021.06.29;20.09;26.11;1
2021.06.30;20.14;26.07;1
2021.07.01;20.07;26.02;1
2021.07.02;19.28;25.97;1
2021.07.03;19.28;25.93;1
2021.07.04;19.28;25.88;1
2021.07.05;19.28;25.84;1
2021.07.06;21.00;25.81;1
2021.07.07;21.11;25.79;1
2021.07.08;23.60;25.77;1
2021.07.09;21.23;25.73;1
2021.07.10;21.23;25.70;1
2021.07.11;21.23;25.67;1
2021.07.12;19.68;25.64;1
2021.07.13;20.87;25.61;1
2021.07.14;19.99;25.58;1
2021.07.15;20.11;25.55;1
2021.07.16;21.06;25.53;1
2021.07.17;21.06;25.50;1
2021.07.18;21.06;25.47;1
2021.07.19;23.44;25.46;1
2021.07.20;21.68;25.43;1
2021.07.21;20.40;25.40;1
2021.07.22;19.78;25.36;1
2021.07.23;19.06;25.31;1
2021.07.24;19.06;25.26;1
2021.07.25;19.06;25.21;1
2021.07.26;20.37;25.18;1
2021.07.27;22.84;25.15;1
2021.07.28;20.96;25.12;1
2021.07.29;20.55;25.08;1
2021.07.30;20.81;25.04;1
2021.07.31;20.81;25.00;1
2021.08.01;20.81;24.97;1
2021.08.02;21.49;24.93;1
2021.08.03;20.52;24.89;1
2021.08.04;20.68;24.85;1
2021.08.05;20.19;24.80;1
2021.08.06;19.61;24.75;1
2021.08.07;19.61;24.71;1
2021.08.08;19.61;24.68;1
2021.08.09;19.69;24.64;1
2021.08.10;20.38;24.60;1
2021.08.11;20.13;24.56;1
2021.08.12;19.40;24.52;1
2021.08.13;18.52;24.47;1
2021.08.14;18.52;24.42;1
2021.08.15;18.52;24.31;1
2021.08.16;19.05;24.23;1
2021.08.17;21.17;24.15;1
2021.08.18;24.35;24.08;0
2021.08.19;23.52;24.01;1
2021.08.20;20.97;23.95;1
2021.08.21;20.97;23.90;1
2021.08.22;20.97;23.86;1
2021.08.23;19.80;23.83;1
2021.08.24;19.86;23.80;1
2021.08.25;19.60;23.77;1
2021.08.26;21.37;23.75;1
2021.08.27;18.54;23.71;1
2021.08.28;18.54;23.67;1
2021.08.29;18.54;23.63;1
2021.08.30;19.08;23.59;1
2021.08.31;19.48;23.55;1
2021.09.01;19.84;23.52;1
2021.09.02;20.03;23.49;1
2021.09.03;19.75;23.46;1
2021.09.04;19.75;23.41;1
2021.09.05;19.75;23.37;1
2021.09.06;19.75;23.33;1
2021.09.07;20.96;23.30;1
2021.09.08;20.81;23.26;1
2021.09.09;21.45;23.23;1
2021.09.10;22.75;23.19;1
2021.09.11;22.75;23.15;1
2021.09.12;22.75;23.12;1
2021.09.13;21.60;23.05;1
2021.09.14;21.68;22.98;1
2021.09.15;20.12;22.92;1
2021.09.16;20.17;22.85;1
2021.09.17;22.27;22.81;1
2021.09.18;22.27;22.77;1
2021.09.19;22.27;22.72;1
2021.09.20;27.23;22.68;0
2021.09.21;26.42;22.65;0
2021.09.22;22.97;22.61;0
2021.09.23;21.22;22.55;1
2021.09.24;20.93;22.49;1
2021.09.25;20.93;22.43;1
2021.09.26;20.93;22.38;1
2021.09.27;21.83;22.34;1
2021.09.28;27.35;22.32;0
2021.09.29;26.71;22.31;0
2021.09.30;26.65;22.29;0
2021.10.01;24.87;22.27;0
2021.10.02;24.87;22.25;0
2021.10.03;24.87;22.23;0
2021.10.04;27.72;22.22;0
2021.10.05;25.45;22.20;0
2021.10.06;24.87;22.17;0
2021.10.07;23.22;22.14;0
2021.10.08;23.16;22.12;0
2021.10.09;23.16;22.10;0
2021.10.10;23.16;22.07;0
2021.10.11;23.49;22.05;0
2021.10.12;23.41;22.04;0
2021.10.13;21.23;22.02;1
2021.10.14;19.09;21.99;1
2021.10.15;18.51;21.94;1
2021.10.16;18.51;21.90;1
2021.10.17;18.51;21.87;1
2021.10.18;18.83;21.85;1
2021.10.19;18.31;21.83;1
2021.10.20;18.73;21.80;1
2021.10.21;18.63;21.78;1
2021.10.22;19.12;21.76;1
2021.10.23;19.12;21.73;1
2021.10.24;19.12;21.71;1
2021.10.25;18.80;21.69;1
2021.10.26;19.38;21.67;1
2021.10.27;20.12;21.65;1
2021.10.28;19.75;21.63;1
2021.10.29;19.64;21.62;1
2021.10.30;19.64;21.61;1
2021.10.31;19.64;21.59;1
2021.11.01;19.73;21.58;1
2021.11.02;19.73;21.58;1
2021.11.03;19.43;21.57;1
2021.11.04;20.26;21.57;1
2021.11.05;21.57;21.57;0
2021.11.06;21.57;21.55;0
2021.11.07;21.57;21.55;0
2021.11.08;21.88;21.54;0
2021.11.09;22.69;21.54;0
2021.11.10;23.27;21.54;0
2021.11.11;22.37;21.54;0
2021.11.12;21.42;21.54;1
2021.11.13;21.42;21.53;1
2021.11.14;21.42;21.53;1
2021.11.15;21.71;21.52;0
2021.11.16;21.28;21.51;1
2021.11.17;21.56;21.51;0
2021.11.18;21.39;21.50;1
2021.11.19;21.75;21.49;0
2021.11.20;21.75;21.47;0
2021.11.21;21.75;21.45;0
2021.11.22;23.50;21.45;0
2021.11.23;24.43;21.45;0
2021.11.24;23.82;21.46;0
2021.11.25;23.82;21.46;0
2021.11.26;28.45;21.47;0
2021.11.27;28.45;21.48;0
2021.11.28;28.45;21.46;0
2021.11.29;24.63;21.44;0
2021.11.30;27.39;21.45;0
2021.12.01;30.95;21.48;0
2021.12.02;29.78;21.50;0
2021.12.03;33.41;21.54;0
2021.12.04;33.41;21.58;0
2021.12.05;33.41;21.61;0
2021.12.06;30.17;21.64;0
2021.12.07;25.79;21.65;0
2021.12.08;24.82;21.65;0
2021.12.09;26.42;21.66;0
2021.12.10;23.95;21.67;0
2021.12.11;23.95;21.67;0
2021.12.12;23.95;21.68;0
2021.12.13;24.04;21.69;0
2021.12.14;25.31;21.71;0
2021.12.15;23.42;21.72;0
2021.12.16;25.24;21.74;0
2021.12.17;26.55;21.76;0
2021.12.18;26.55;21.78;0
2021.12.19;26.55;21.81;0
2021.12.20;27.88;21.83;0
2021.12.21;24.96;21.85;0
2021.12.22;22.15;21.85;0
2021.12.23;21.32;21.85;1
2021.12.24;21.32;21.85;1
2021.12.25;21.32;21.85;1
2021.12.26;21.32;21.85;1
2021.12.27;21.72;21.86;1
2021.12.28;21.54;21.87;1
2021.12.29;21.28;21.88;1
2021.12.30;21.38;21.89;1
2021.12.31;21.20;21.90;1
2022.01.01;21.20;21.90;1
2022.01.02;21.20;21.90;1
2022.01.03;21.17;21.90;1
2022.01.04;22.32;21.90;0
2022.01.05;25.98;21.92;0
2022.01.06;25.81;21.93;0
2022.01.07;25.65;21.96;0
2022.01.08;25.65;21.99;0
2022.01.09;25.65;22.02;0
2022.01.10;25.83;22.05;0
2022.01.11;24.28;22.07;0
2022.01.12;23.44;22.09;0
2022.01.13;27.05;22.13;0
2022.01.14;25.72;22.16;0
2022.01.15;25.72;22.19;0
2022.01.16;25.72;22.22;0
2022.01.17;25.72;22.25;0
2022.01.18;29.36;22.30;0
2022.01.19;29.02;22.34;0
2022.01.20;30.61;22.40;0
2022.01.21;34.06;22.48;0
2022.01.22;34.06;22.54;0
2022.01.23;34.06;22.61;0
2022.01.24;35.55;22.67;0
2022.01.25;38.20;22.75;0
2022.01.26;38.10;22.83;0
2022.01.27;36.64;22.91;0
2022.01.28;33.31;22.98;0
2022.01.29;33.31;23.04;0
2022.01.30;33.31;23.11;0
2022.01.31;30.16;23.16;0
2022.02.01;28.00;23.19;0
2022.02.02;29.58;23.24;0
2022.02.03;31.24;23.29;0
2022.02.04;30.32;23.32;0
2022.02.05;30.32;23.36;0
2022.02.06;30.32;23.41;0
2022.02.07;30.02;23.47;0
2022.02.08;28.33;23.51;0
2022.02.09;26.87;23.55;0
2022.02.10;30.07;23.61;0
2022.02.11;34.16;23.67;0
2022.02.12;34.16;23.73;0
2022.02.13;34.16;23.80;0
2022.02.14;34.07;23.86;0
2022.02.15;31.16;23.92;0
2022.02.16;29.45;23.96;0
2022.02.17;33.21;24.02;0
2022.02.18;33.05;24.08;0
2022.02.19;33.05;24.14;0
2022.02.20;33.05;24.20;0
2022.02.21;33.05;24.27;0
2022.02.22;33.13;24.34;0
2022.02.23;35.27;24.41;0
2022.02.24;34.02;24.49;0
2022.02.25;31.19;24.54;0
2022.02.26;31.19;24.60;0
2022.02.27;31.19;24.65;0
2022.02.28;32.72;24.72;0
2022.03.01;35.22;24.80;0
2022.03.02;33.05;24.88;0
2022.03.03;33.34;24.95;0
2022.03.04;34.89;25.03;0
2022.03.05;34.89;25.10;0
2022.03.06;34.89;25.15;0
2022.03.07;38.73;25.23;0
2022.03.08;38.02;25.31;0
2022.03.09;35.34;25.38;0
2022.03.10;34.23;25.45;0
2022.03.11;34.85;25.53;0
2022.03.12;34.85;25.60;0
2022.03.13;34.85;25.68;0
2022.03.14;36.55;25.75;0
2022.03.15;34.65;25.83;0
2022.03.16;30.81;25.89;0
2022.03.17;29.51;25.95;0
2022.03.18;27.76;25.99;0
2022.03.19;27.76;26.03;0
2022.03.20;27.76;26.07;0
2022.03.21;28.66;26.12;0
2022.03.22;27.71;26.16;0
2022.03.23;28.84;26.20;0
2022.03.24;27.89;26.24;0
2022.03.25;27.34;26.28;0
2022.03.26;27.34;26.31;0
2022.03.27;27.34;26.34;0
2022.03.28;26.53;26.37;0
2022.03.29;25.87;26.39;1
2022.03.30;26.40;26.40;1
2022.03.31;26.99;26.43;0
2022.04.01;25.91;26.45;1
2022.04.02;25.91;26.47;1
2022.04.03;25.91;26.50;1
2022.04.04;24.93;26.52;1
2022.04.05;27.40;26.55;0
2022.04.06;28.91;26.58;0
2022.04.07;28.48;26.61;0
2022.04.08;28.06;26.61;0
2022.04.09;28.06;26.62;0
2022.04.10;28.06;26.65;0
2022.04.11;30.75;26.70;0
2022.04.12;30.38;26.74;0
2022.04.13;26.85;26.77;0
2022.04.14;28.86;26.81;0
2022.04.15;28.86;26.85;0
2022.04.16;28.86;26.86;0
2022.04.17;28.86;26.87;0
2022.04.18;29.53;26.88;0
2022.04.19;29.10;26.90;0
2022.04.20;28.47;26.92;0
2022.04.21;31.37;26.95;0
2022.04.22;35.39;26.99;0
2022.04.23;35.39;27.04;0
2022.04.24;35.39;27.09;0
2022.04.25;33.83;27.15;0
2022.04.26;38.93;27.22;0
2022.04.27;36.91;27.29;0
2022.04.28;35.49;27.36;0
2022.04.29;38.25;27.43;0
2022.04.30;38.25;27.50;0
2022.05.01;38.25;27.59;0
2022.05.02;37.81;27.68;0
2022.05.03;36.00;27.77;0
2022.05.04;31.98;27.84;0
2022.05.05;37.19;27.93;0
2022.05.06;37.40;28.02;0
2022.05.07;37.40;28.12;0
2022.05.08;37.40;28.21;0
2022.05.09;41.43;28.33;0
2022.05.10;40.08;28.43;0
2022.05.11;40.67;28.54;0
2022.05.12;41.36;28.65;0
2022.05.13;37.61;28.74;0
2022.05.14;37.61;28.83;0
2022.05.15;37.61;28.92;0
2022.05.16;37.44;29.01;0
2022.05.17;33.88;29.08;0
2022.05.18;38.81;29.18;0
2022.05.19;36.15;29.26;0
2022.05.20;36.18;29.34;0
2022.05.21;36.18;29.42;0
2022.05.22;36.18;29.51;0
2022.05.23;35.18;29.58;0
2022.05.24;36.17;29.66;0
2022.05.25;35.38;29.73;0
2022.05.26;33.63;29.79;0
2022.05.27;32.00;29.84;0
2022.05.28;32.00;29.88;0
2022.05.29;32.00;29.93;0
2022.05.30;32.00;29.97;0
2022.05.31;33.01;30.03;0
2022.06.01;32.60;30.09;0
2022.06.02;31.44;30.14;0
2022.06.03;31.75;30.19;0
2022.06.04;31.75;30.24;0
2022.06.05;31.75;30.29;0
2022.06.06;32.16;30.35;0
2022.06.07;31.03;30.39;0
2022.06.08;30.69;30.44;0
2022.06.09;32.73;30.49;0
2022.06.10;33.97;30.54;0
2022.06.11;33.97;30.59;0
2022.06.12;33.97;30.64;0
2022.06.13;40.36;30.73;0
2022.06.14;38.51;30.78;0
2022.06.15;35.35;30.81;0
2022.06.16;38.67;30.86;0
2022.06.17;36.66;30.92;0
2022.06.18;36.66;30.97;0
2022.06.19;36.66;31.00;0
2022.06.20;36.66;31.03;0
2022.06.21;36.06;31.04;0
2022.06.22;35.94;31.06;0
2022.06.23;35.30;31.07;0
2022.06.24;33.77;31.08;0
2022.06.25;33.77;31.12;0
2022.06.26;33.77;31.17;0
2022.06.27;33.56;31.20;0
2022.06.28;35.43;31.26;0
2022.06.29;35.33;31.32;0
2022.06.30;36.21;31.38;0
2022.07.01;34.27;31.43;0
2022.07.02;34.27;31.48;0
2022.07.03;34.27;31.53;0
2022.07.04;34.27;31.58;0
2022.07.05;34.86;31.62;0
2022.07.06;33.75;31.65;0
2022.07.07;32.81;31.68;0
2022.07.08;31.18;31.70;1
2022.07.09;31.18;31.73;1
2022.07.10;31.18;31.78;1
2022.07.11;32.93;31.83;0
2022.07.12;33.97;31.90;0
2022.07.13;33.67;31.96;0
2022.07.14;32.64;32.02;0
2022.07.15;30.39;32.06;1
2022.07.16;30.39;32.10;1
2022.07.17;30.39;32.15;1
2022.07.18;31.58;32.20;1
2022.07.19;30.66;32.25;1
2022.07.20;30.58;32.29;1
2022.07.21;29.31;32.34;1
2022.07.22;29.19;32.38;1
2022.07.23;29.19;32.41;1
2022.07.24;29.19;32.43;1
2022.07.25;29.42;32.44;1
2022.07.26;30.91;32.47;1
2022.07.27;29.59;32.49;1
2022.07.28;28.48;32.50;1
2022.07.29;27.25;32.51;1
2022.07.30;27.25;32.53;1
2022.07.31;27.25;32.54;1
2022.08.01;28.75;32.55;1
2022.08.02;30.00;32.57;1
2022.08.03;27.98;32.59;1
2022.08.04;27.81;32.60;1
2022.08.05;27.13;32.60;1
2022.08.06;27.13;32.59;1
2022.08.07;27.13;32.58;1
2022.08.08;27.65;32.57;1
2022.08.09;28.41;32.54;1
2022.08.10;25.72;32.50;1
2022.08.11;26.13;32.46;1
2022.08.12;25.18;32.41;1
2022.08.13;25.18;32.34;1
2022.08.14;25.18;32.28;1
2022.08.15;25.40;32.22;1
2022.08.16;25.55;32.18;1
2022.08.17;26.33;32.15;1
2022.08.18;25.52;32.11;1
2022.08.19;26.74;32.09;1
2022.08.20;26.74;32.08;1
2022.08.21;26.74;32.07;1
2022.08.22;29.65;32.06;1
2022.08.23;29.69;32.06;1
2022.08.24;28.96;32.05;1
2022.08.25;28.08;32.04;1
2022.08.26;31.72;32.05;1
2022.08.27;31.72;32.07;1
2022.08.28;31.72;32.09;1
2022.08.29;32.30;32.10;0
2022.08.30;32.12;32.09;0
2022.08.31;32.19;32.08;0
2022.09.01;32.26;32.07;0
2022.09.02;32.32;32.06;0
2022.09.03;32.32;32.07;0
2022.09.04;32.32;32.08;0
2022.09.05;32.32;32.08;0
2022.09.06;33.59;32.08;0
2022.09.07;31.56;32.07;1
2022.09.08;30.48;32.06;1
2022.09.09;29.23;32.04;1
2022.09.10;29.23;32.02;1
2022.09.11;29.23;31.99;1
2022.09.12;29.81;31.97;1
2022.09.13;33.18;31.98;0
2022.09.14;32.57;31.99;0
2022.09.15;32.65;32.00;0
2022.09.16;32.83;32.00;0
2022.09.17;32.83;31.99;0
2022.09.18;32.83;31.98;0
2022.09.19;32.36;31.98;0
2022.09.20;33.30;31.97;0
2022.09.21;33.87;31.97;0
2022.09.22;32.92;31.96;0
2022.09.23;34.88;31.94;0
2022.09.24;34.88;31.92;0
2022.09.25;34.88;31.92;0
2022.09.26;36.93;31.93;0
2022.09.27;37.15;31.94;0
2022.09.28;35.51;31.95;0
2022.09.29;36.91;31.96;0
2022.09.30;36.61;31.96;0
2022.10.01;36.61;31.97;0
2022.10.02;36.61;32.00;0
2022.10.03;35.56;32.03;0
2022.10.04;34.42;32.06;0
2022.10.05;34.33;32.09;0
2022.10.06;35.84;32.13;0
2022.10.07;36.86;32.17;0
2022.10.08;36.86;32.22;0
2022.10.09;36.86;32.26;0
2022.10.10;38.57;32.31;0
2022.10.11;39.38;32.37;0
2022.10.12;39.51;32.43;0
2022.10.13;38.27;32.49;0
2022.10.14;37.75;32.55;0
2022.10.15;37.75;32.60;0
2022.10.16;37.75;32.66;0
2022.10.17;37.07;32.71;0
2022.10.18;36.11;32.76;0
2022.10.19;36.37;32.82;0
2022.10.20;35.77;32.86;0
2022.10.21;35.25;32.92;0
2022.10.22;35.25;32.96;0
2022.10.23;35.25;32.99;0
2022.10.24;35.50;33.02;0
2022.10.25;34.14;33.05;0
2022.10.26;33.28;33.08;0
2022.10.27;33.82;33.11;0
2022.10.28;31.86;33.11;1
2022.10.29;31.86;33.12;1
2022.10.30;31.86;33.15;1
2022.10.31;31.16;33.16;1
2022.11.01;31.99;33.17;1
2022.11.02;32.10;33.19;1
2022.11.03;31.79;33.20;1
2022.11.04;30.86;33.21;1
2022.11.05;30.86;33.22;1
2022.11.06;30.86;33.23;1
2022.11.07;30.84;33.23;1
2022.11.08;31.53;33.21;1
2022.11.09;32.49;33.19;1
2022.11.10;30.35;33.17;1
2022.11.11;28.97;33.15;1
2022.11.12;28.97;33.10;1
2022.11.13;28.97;33.06;1
2022.11.14;30.02;33.03;1
2022.11.15;30.30;32.99;1
2022.11.16;30.05;32.95;1
2022.11.17;30.02;32.91;1
2022.11.18;29.25;32.86;1
2022.11.19;29.25;32.83;1
2022.11.20;29.25;32.82;1
2022.11.21;29.00;32.78;1
2022.11.22;27.79;32.73;1
2022.11.23;26.66;32.67;1
2022.11.24;26.66;32.62;1
2022.11.25;26.79;32.55;1
2022.11.26;26.79;32.48;1
2022.11.27;26.79;32.41;1
2022.11.28;28.31;32.35;1
2022.11.29;28.36;32.30;1
2022.11.30;26.46;32.24;1
2022.12.01;26.09;32.19;1
2022.12.02;24.78;32.12;1
2022.12.03;24.78;32.08;1
2022.12.04;24.78;32.01;1
2022.12.05;26.16;31.96;1
2022.12.06;27.53;31.91;1
2022.12.07;28.11;31.87;1
2022.12.08;27.59;31.83;1
2022.12.09;27.94;31.79;1
2022.12.10;27.94;31.75;1
2022.12.11;27.94;31.72;1
2022.12.12;30.06;31.70;1
2022.12.13;26.91;31.67;1
2022.12.14;25.75;31.64;1
2022.12.15;27.34;31.62;1
2022.12.16;27.33;31.59;1
2022.12.17;27.33;31.57;1
2022.12.18;27.33;31.54;1
2022.12.19;27.41;31.52;1
2022.12.20;26.65;31.49;1
2022.12.21;25.15;31.46;1
2022.12.22;27.35;31.44;1
2022.12.23;26.33;31.41;1
2022.12.24;26.33;31.39;1
2022.12.25;26.33;31.36;1
2022.12.26;26.33;31.33;1
2022.12.27;27.78;31.30;1
2022.12.28;28.38;31.27;1
2022.12.29;27.36;31.24;1
2022.12.30;27.60;31.18;1
2022.12.31;27.60;31.12;1
2023.01.01;27.60;31.08;1
2023.01.02;27.60;31.03;1
2023.01.03;29.11;30.99;1
2023.01.04;28.36;30.95;1
2023.01.05;28.81;30.91;1
2023.01.06;26.96;30.86;1
2023.01.07;26.96;30.82;1
2023.01.08;26.96;30.77;1
2023.01.09;27.86;30.73;1
2023.01.10;26.94;30.70;1
2023.01.11;27.34;30.67;1
2023.01.12;24.76;30.62;1
2023.01.13;23.82;30.57;1
2023.01.14;23.82;30.52;1
2023.01.15;23.82;30.46;1
2023.01.16;23.82;30.40;1
2023.01.17;24.75;30.35;1
2023.01.18;25.51;30.30;1
2023.01.19;25.28;30.26;1
2023.01.20;24.54;30.21;1
2023.01.21;24.54;30.16;1
2023.01.22;24.54;30.11;1
2023.01.23;24.61;30.07;1
2023.01.24;24.55;30.04;1
2023.01.25;24.54;30.01;1
2023.01.26;25.01;29.98;1
2023.01.27;24.57;29.93;1
2023.01.28;24.57;29.89;1
2023.01.29;24.57;29.84;1
2023.01.30;26.25;29.81;1
2023.01.31;25.79;29.79;1
2023.02.01;24.04;29.75;1
2023.02.02;25.06;29.73;1
2023.02.03;25.40;29.70;1
2023.02.04;25.40;29.67;1
2023.02.05;25.40;29.64;1
2023.02.06;25.89;29.63;1
2023.02.07;25.46;29.61;1
2023.02.08;26.45;29.60;1
2023.02.09;27.64;29.59;1
2023.02.10;27.09;29.58;1
2023.02.11;27.09;29.56;1
2023.02.12;27.09;29.54;1
2023.02.13;27.26;29.54;1
2023.02.14;25.06;29.53;1
2023.02.15;24.09;29.51;1
2023.02.16;26.06;29.51;1
2023.02.17;25.82;29.49;1
2023.02.18;25.82;29.47;1
2023.02.19;25.82;29.46;1
2023.02.20;25.82;29.45;1
2023.02.21;28.57;29.46;1
2023.02.22;28.02;29.46;1
2023.02.23;26.83;29.46;1
2023.02.24;27.18;29.46;1
2023.02.25;27.18;29.45;1
2023.02.26;27.18;29.46;1
2023.02.27;26.65;29.46;1
2023.02.28;26.40;29.47;1
2023.03.01;26.48;29.47;1
2023.03.02;25.70;29.48;1
2023.03.03;24.36;29.47;1
2023.03.04;24.36;29.46;1
2023.03.05;24.36;29.45;1
2023.03.06;24.25;29.45;1
2023.03.07;24.65;29.44;1
2023.03.08;24.08;29.42;1
2023.03.09;26.55;29.42;1
2023.03.10;27.94;29.42;1
2023.03.11;27.94;29.41;1
2023.03.12;27.94;29.40;1
2023.03.13;29.39;29.41;1
2023.03.14;26.72;29.38;1
2023.03.15;28.69;29.37;1
2023.03.16;26.62;29.34;1
2023.03.17;28.35;29.32;1
2023.03.18;28.35;29.30;1
2023.03.19;28.35;29.28;1
2023.03.20;27.55;29.26;1
2023.03.21;25.68;29.23;1
2023.03.22;26.60;29.20;1
2023.03.23;26.56;29.17;1
2023.03.24;25.78;29.14;1
2023.03.25;25.78;29.10;1
2023.03.26;25.78;29.07;1
2023.03.27;25.07;29.04;1
2023.03.28;24.50;29.02;1
2023.03.29;23.99;28.99;1
2023.03.30;23.99;28.97;1
2023.03.31;23.60;28.94;1
2023.04.01;23.60;28.89;1
2023.04.02;23.60;28.84;1
2023.04.03;23.67;28.80;1
2023.04.04;24.28;28.76;1
2023.04.05;24.62;28.71;1
2023.04.06;23.86;28.67;1
2023.04.07;23.86;28.63;1
2023.04.08;23.86;28.58;1
2023.04.09;23.86;28.53;1
2023.04.10;24.56;28.49;1
2023.04.11;24.71;28.44;1
2023.04.12;24.49;28.38;1
2023.04.13;23.28;28.33;1
2023.04.14;22.22;28.25;1
2023.04.15;22.22;28.18;1
2023.04.16;22.22;28.11;1
2023.04.17;21.91;28.04;1
2023.04.18;21.41;27.96;1
2023.04.19;21.24;27.88;1
2023.04.20;21.77;27.81;1
2023.04.21;21.29;27.74;1
2023.04.22;21.29;27.67;1
2023.04.23;21.29;27.61;1
2023.04.24;21.52;27.54;1
2023.04.25;22.97;27.47;1
2023.04.26;22.77;27.40;1
2023.04.27;21.05;27.32;1
2023.04.28;20.12;27.23;1
2023.04.29;20.12;27.13;1
2023.04.30;20.12;27.03;1
2023.05.01;20.19;26.94;1
2023.05.02;21.63;26.86;1
2023.05.03;22.03;26.78;1
2023.05.04;23.14;26.71;1
2023.05.05;20.36;26.63;1
2023.05.06;20.36;26.55;1
2023.05.07;20.36;26.47;1
2023.05.08;20.31;26.39;1
2023.05.09;20.85;26.32;1
2023.05.10;19.76;26.24;1
2023.05.11;19.40;26.16;1
2023.05.12;19.53;26.08;1
2023.05.13;19.53;26.01;1
2023.05.14;19.53;25.94;1
2023.05.15;19.55;25.87;1
2023.05.16;19.84;25.81;1
2023.05.17;19.16;25.74;1
2023.05.18;19.32;25.68;1
2023.05.19;19.68;25.62;1
2023.05.20;19.68;25.56;1
2023.05.21;19.68;25.50;1
2023.05.22;19.97;25.44;1
2023.05.23;20.99;25.39;1
2023.05.24;22.40;25.35;1
2023.05.25;21.69;25.30;1
2023.05.26;22.21;25.26;1
2023.05.27;22.21;25.21;1
2023.05.28;22.21;25.16;1
2023.05.29;22.21;25.12;1
2023.05.30;22.42;25.09;1
2023.05.31;22.12;25.06;1
2023.06.01;20.46;25.01;1
2023.06.02;19.29;24.96;1
2023.06.03;19.29;24.90;1
2023.06.04;19.29;24.85;1
2023.06.05;19.42;24.80;1
2023.06.06;18.54;24.74;1
2023.06.07;19.21;24.69;1
2023.06.08;18.66;24.64;1
2023.06.09;18.89;24.59;1
2023.06.10;18.89;24.55;1
2023.06.11;18.89;24.51;1
2023.06.12;20.46;24.48;1
2023.06.13;20.06;24.44;1
2023.06.14;19.72;24.41;1
2023.06.15;20.28;24.37;1
2023.06.16;19.55;24.33;1
2023.06.17;19.55;24.29;1
2023.06.18;19.55;24.25;1
2023.06.19;19.55;24.22;1
2023.06.20;19.95;24.19;1
2023.06.21;19.29;24.17;1
2023.06.22;18.82;24.14;1
2023.06.23;19.29;24.10;1
2023.06.24;19.29;24.06;1
2023.06.25;19.29;24.02;1
2023.06.26;20.37;23.98;1
2023.06.27;20.08;23.94;1
2023.06.28;20.02;23.90;1
2023.06.29;19.98;23.86;1
2023.06.30;19.55;23.81;1
2023.07.01;19.55;23.77;1
2023.07.02;19.55;23.74;1
2023.07.03;19.87;23.71;1
2023.07.04;19.87;23.67;1
2023.07.05;19.91;23.63;1
2023.07.06;21.11;23.60;1
2023.07.07;20.60;23.57;1
2023.07.08;20.60;23.54;1
2023.07.09;20.60;23.51;1
2023.07.10;21.08;23.48;1
2023.07.11;20.90;23.45;1
2023.07.12;19.48;23.42;1
2023.07.13;19.78;23.39;1
2023.07.14;19.65;23.35;1
2023.07.15;19.65;23.31;1
2023.07.16;19.65;23.27;1
2023.07.17;19.43;23.23;1
2023.07.18;19.29;23.19;1
2023.07.19;19.68;23.15;1
2023.07.20;20.20;23.11;1
2023.07.21;19.61;23.07;1
2023.07.22;19.61;23.02;1
2023.07.23;19.61;22.98;1
2023.07.24;19.83;22.94;1
2023.07.25;19.71;22.90;1
2023.07.26;18.99;22.86;1
2023.07.27;19.83;22.82;1
2023.07.28;18.92;22.78;1
2023.07.29;18.92;22.74;1
2023.07.30;18.92;22.70;1
2023.07.31;19.32;22.67;1
2023.08.01;19.67;22.65;1
2023.08.02;22.13;22.64;1
2023.08.03;22.08;22.63;1
2023.08.04;22.02;22.62;1
2023.08.05;22.02;22.61;1
2023.08.06;22.02;22.59;1
2023.08.07;20.82;22.57;1
2023.08.08;21.07;22.55;1
2023.08.09;21.50;22.54;1
2023.08.10;21.03;22.52;1
2023.08.11;20.45;22.50;1
2023.08.12;20.45;22.48;1
2023.08.13;20.45;22.46;1
2023.08.14;20.20;22.43;1
2023.08.15;21.37;22.42;1
2023.08.16;22.08;22.41;1
2023.08.17;22.71;22.40;0
2023.08.18;22.01;22.37;1
2023.08.19;22.01;22.36;1
2023.08.20;22.01;22.35;1
2023.08.21;21.89;22.33;1
2023.08.22;21.82;22.31;1
2023.08.23;21.36;22.29;1
2023.08.24;22.58;22.28;0
2023.08.25;20.88;22.25;1
2023.08.26;20.88;22.23;1
2023.08.27;20.88;22.20;1
2023.08.28;20.39;22.17;1
2023.08.29;19.33;22.13;1
2023.08.30;19.07;22.09;1
2023.08.31;18.74;22.04;1
2023.09.01;18.41;22.00;1
2023.09.02;18.41;21.97;1
2023.09.03;18.41;21.94;1
2023.09.04;18.41;21.90;1
2023.09.05;19.40;21.87;1
2023.09.06;19.79;21.84;1
2023.09.07;19.95;21.81;1
2023.09.08;19.15;21.78;1
2023.09.09;19.15;21.73;1
2023.09.10;19.15;21.68;1
2023.09.11;18.84;21.64;1
2023.09.12;19.21;21.60;1
2023.09.13;18.07;21.56;1
2023.09.14;17.25;21.51;1
2023.09.15;18.69;21.47;1
2023.09.16;18.69;21.43;1
2023.09.17;18.69;21.39;1
2023.09.18;18.96;21.36;1
2023.09.19;19.21;21.33;1
2023.09.20;20.46;21.31;1
2023.09.21;22.48;21.30;0
2023.09.22;22.01;21.29;0
2023.09.23;22.01;21.28;0
2023.09.24;22.01;21.27;0
2023.09.25;21.65;21.24;0
2023.09.26;22.87;21.22;0
2023.09.27;22.34;21.19;0
2023.09.28;21.53;21.16;0
2023.09.29;21.28;21.12;0
2023.09.30;21.28;21.09;0
2023.10.01;21.28;21.05;0
2023.10.02;21.51;21.03;0
2023.10.03;23.77;21.01;0
2023.10.04;22.68;20.98;0
2023.10.05;22.76;20.95;0
2023.10.06;21.41;20.92;0
2023.10.07;21.41;20.90;0
2023.10.08;21.41;20.87;0
2023.10.09;21.82;20.85;0
2023.10.10;21.13;20.82;0
2023.10.11;20.16;20.80;1
2023.10.12;20.63;20.77;1
2023.10.13;22.75;20.76;0
2023.10.14;22.75;20.75;0
2023.10.15;22.75;20.74;0
2023.10.16;21.39;20.73;0
2023.10.17;21.96;20.72;0
2023.10.18;23.44;20.72;0
2023.10.19;24.74;20.73;0
2023.10.20;25.31;20.74;0
2023.10.21;25.31;20.74;0
2023.10.22;25.31;20.74;0
2023.10.23;23.97;20.75;0
2023.10.24;22.34;20.74;0
2023.10.25;24.34;20.74;0
2023.10.26;24.85;20.74;0
2023.10.27;24.44;20.74;0
2023.10.28;24.44;20.74;0
2023.10.29;24.44;20.74;0
2023.10.30;23.61;20.74;0
2023.10.31;22.46;20.75;0
2023.11.01;20.68;20.74;1
2023.11.02;19.54;20.72;1
2023.11.03;18.62;20.71;1
2023.11.04;18.62;20.69;1
2023.11.05;18.62;20.68;1
2023.11.06;18.65;20.67;1
2023.11.07;18.45;20.65;1
2023.11.08;18.16;20.64;1
2023.11.09;19.01;20.62;1
2023.11.10;17.95;20.61;1
2023.11.11;17.95;20.58;1
2023.11.12;17.95;20.56;1
2023.11.13;18.82;20.55;1
2023.11.14;17.89;20.53;1
2023.11.15;18.09;20.52;1
2023.11.16;17.83;20.51;1
2023.11.17;17.41;20.50;1
2023.11.18;17.41;20.48;1
2023.11.19;17.41;20.45;1
2023.11.20;17.14;20.42;1
2023.11.21;17.55;20.41;1
2023.11.22;16.66;20.39;1
2023.11.23;16.66;20.37;1
2023.11.24;16.12;20.35;1
2023.11.25;16.12;20.33;1
2023.11.26;16.12;20.31;1
2023.11.27;16.44;20.30;1
2023.11.28;16.15;20.28;1
2023.11.29;16.52;20.26;1
2023.11.30;16.72;20.25;1
2023.12.01;16.21;20.23;1
2023.12.02;16.21;20.22;1
2023.12.03;16.21;20.20;1
2023.12.04;17.21;20.19;1
2023.12.05;16.99;20.18;1
2023.12.06;17.03;20.16;1
2023.12.07;17.08;20.15;1
2023.12.08;15.94;20.13;1
2023.12.09;15.94;20.11;1
2023.12.10;15.94;20.07;1
2023.12.11;16.27;20.05;1
2023.12.12;15.38;20.01;1
2023.12.13;15.35;19.98;1
2023.12.14;15.42;19.94;1
2023.12.15;15.47;19.91;1
2023.12.16;15.47;19.87;1
2023.12.17;15.47;19.84;1
2023.12.18;15.87;19.82;1
2023.12.19;15.80;19.80;1
2023.12.20;16.98;19.79;1
2023.12.21;17.18;19.78;1
2023.12.22;16.62;19.77;1
2023.12.23;16.62;19.76;1
2023.12.24;16.62;19.74;1
2023.12.25;16.62;19.73;1
2023.12.26;17.00;19.72;1
2023.12.27;16.22;19.71;1
2023.12.28;16.36;19.70;1
2023.12.29;16.20;19.68;1
2023.12.30;16.20;19.66;1
2023.12.31;16.20;19.64;1
2024.01.01;16.20;19.62;1
2024.01.02;17.59;19.61;1
2024.01.03;18.02;19.60;1
2024.01.04;17.89;19.59;1
2024.01.05;17.13;19.58;1
2024.01.06;17.13;19.57;1
2024.01.07;17.13;19.56;1
2024.01.08;16.86;19.55;1
2024.01.09;16.55;19.53;1
2024.01.10;16.60;19.52;1
2024.01.11;16.40;19.50;1
2024.01.12;16.54;19.48;1
2024.01.13;16.54;19.47;1
2024.01.14;16.54;19.45;1
2024.01.15;16.54;19.43;1
2024.01.16;17.87;19.42;1
2024.01.17;18.70;19.42;1
2024.01.18;17.95;19.41;1
2024.01.19;17.40;19.40;1
2024.01.20;17.40;19.39;1
2024.01.21;17.40;19.37;1
2024.01.22;17.20;19.36;1
2024.01.23;16.55;19.33;1
2024.01.24;16.96;19.32;1
2024.01.25;17.26;19.30;1
2024.01.26;17.03;19.28;1
2024.01.27;17.03;19.26;1
2024.01.28;17.03;19.25;1
2024.01.29;17.39;19.24;1
2024.01.30;17.57;19.23;1
2024.01.31;18.25;19.22;1
2024.02.01;17.33;19.21;1
2024.02.02;17.22;19.20;1
2024.02.03;17.22;19.19;1
2024.02.04;17.22;19.17;1
2024.02.05;17.57;19.16;1
2024.02.06;17.31;19.15;1
2024.02.07;16.94;19.14;1
2024.02.08;16.96;19.12;1
2024.02.09;16.86;19.11;1
2024.02.10;16.86;19.09;1
2024.02.11;16.86;19.08;1
2024.02.12;18.09;19.07;1
2024.02.13;19.49;19.08;0
2024.02.14;18.26;19.07;1
2024.02.15;17.85;19.07;1
2024.02.16;18.60;19.06;1
2024.02.17;18.60;19.06;1
2024.02.18;18.60;19.04;1
2024.02.19;18.60;19.02;1
2024.02.20;19.78;19.01;0
2024.02.21;19.60;19.00;0
2024.02.22;18.39;18.98;1
2024.02.23;17.70;18.97;1
2024.02.24;17.70;18.95;1
2024.02.25;17.70;18.93;1
2024.02.26;17.83;18.92;1
2024.02.27;17.58;18.90;1
2024.02.28;17.86;18.89;1
2024.02.29;17.21;18.87;1
2024.03.01;17.20;18.86;1
2024.03.02;17.20;18.84;1
2024.03.03;17.20;18.81;1
2024.03.04;17.60;18.79;1
2024.03.05;18.46;18.77;1
2024.03.06;18.54;18.75;1
2024.03.07;18.61;18.73;1
2024.03.08;19.04;18.72;0
2024.03.09;19.04;18.71;0
2024.03.10;19.04;18.69;0
2024.03.11;19.37;18.68;0
2024.03.12;18.13;18.66;1
2024.03.13;17.91;18.65;1
2024.03.14;18.61;18.64;1
2024.03.15;19.25;18.63;0
2024.03.16;19.25;18.63;0
2024.03.17;19.25;18.63;0
2024.03.18;19.40;18.64;0
2024.03.19;18.78;18.64;0
2024.03.20;17.55;18.63;1
2024.03.21;17.38;18.63;1
2024.03.22;17.04;18.62;1
2024.03.23;17.04;18.61;1
2024.03.24;17.04;18.60;1
2024.03.25;17.23;18.58;1
2024.03.26;17.10;18.57;1
2024.03.27;16.61;18.56;1
2024.03.28;16.66;18.55;1
2024.03.29;16.66;18.54;1
2024.03.30;16.66;18.52;1
2024.03.31;16.66;18.52;1
2024.04.01;17.56;18.52;1
2024.04.02;18.18;18.52;1
2024.04.03;18.04;18.51;1
2024.04.04;19.95;18.52;0
2024.04.05;19.23;18.52;0
2024.04.06;19.23;18.52;0
2024.04.07;19.23;18.51;0
2024.04.08;18.77;18.50;0
2024.04.09;18.56;18.48;0
2024.04.10;18.99;18.46;0
2024.04.11;18.40;18.44;1
2024.04.12;20.39;18.44;0
2024.04.13;20.39;18.43;0
2024.04.14;20.39;18.42;0
2024.04.15;22.84;18.42;0
2024.04.16;22.01;18.43;0
2024.04.17;22.21;18.43;0
2024.04.18;21.64;18.43;0
2024.04.19;22.95;18.44;0
2024.04.20;22.95;18.44;0
2024.04.21;22.95;18.44;0
2024.04.22;21.11;18.43;0
2024.04.23;19.84;18.42;0
2024.04.24;20.43;18.42;0
2024.04.25;20.37;18.41;0
2024.04.26;19.33;18.40;0
2024.04.27;19.33;18.39;0
2024.04.28;19.33;18.39;0
2024.04.29;19.22;18.38;0
2024.04.30;18.43;18.36;0
2024.05.01;19.43;18.34;0
2024.05.02;18.73;18.32;0
2024.05.03;17.40;18.30;1
2024.05.04;17.40;18.28;1
2024.05.05;17.40;18.25;1
2024.05.06;17.42;18.21;1
2024.05.07;16.91;18.17;1
2024.05.08;16.80;18.13;1
2024.05.09;16.67;18.08;1
2024.05.10;16.46;18.05;1
2024.05.11;16.46;18.02;1
2024.05.12;16.46;17.98;1
2024.05.13;17.40;17.94;1
2024.05.14;17.29;17.90;1
2024.05.15;16.34;17.86;1
2024.05.16;16.26;17.82;1
2024.05.17;15.85;17.78;1
2024.05.18;15.85;17.75;1
2024.05.19;15.85;17.73;1
2024.05.20;15.92;17.71;1
2024.05.21;15.51;17.69;1
2024.05.22;16.40;17.68;1
2024.05.23;16.46;17.67;1
2024.05.24;15.66;17.66;1
2024.05.25;15.66;17.64;1
2024.05.26;15.66;17.63;1
2024.05.27;15.66;17.61;1
2024.05.28;16.57;17.61;1
2024.05.29;17.49;17.60;1
2024.05.30;17.77;17.60;0
2024.05.31;16.70;17.59;1
2024.06.01;16.70;17.59;1
2024.06.02;16.70;17.58;1
2024.06.03;16.89;17.57;1
2024.06.04;16.86;17.57;1
2024.06.05;16.63;17.57;1
2024.06.06;16.43;17.56;1
2024.06.07;15.88;17.56;1
2024.06.08;15.88;17.55;1
2024.06.09;15.88;17.54;1
2024.06.10;16.00;17.54;1
2024.06.11;15.83;17.54;1
2024.06.12;13.59;17.53;1
2024.06.13;15.10;17.52;1
2024.06.14;16.05;17.52;1
2024.06.15;16.05;17.52;1
2024.06.16;16.05;17.52;1
2024.06.17;16.83;17.52;1
2024.06.18;16.70;17.52;1
2024.06.19;16.70;17.52;1
2024.06.20;17.26;17.53;1
2024.06.21;16.95;17.53;1
2024.06.22;16.95;17.53;1
2024.06.23;16.95;17.53;1
2024.06.24;17.24;17.53;1
2024.06.25;16.70;17.53;1
2024.06.26;16.50;17.53;1
2024.06.27;16.29;17.53;1
2024.06.28;16.24;17.53;1
2024.06.29;16.24;17.54;1
2024.06.30;16.24;17.54;1
2024.07.01;16.08;17.55;1
2024.07.02;16.07;17.55;1
2024.07.03;16.28;17.55;1
2024.07.04;16.28;17.56;1
2024.07.05;16.76;17.56;1
2024.07.06;16.76;17.57;1
2024.07.07;16.76;17.57;1
2024.07.08;17.03;17.57;1
2024.07.09;17.02;17.57;1
2024.07.10;17.28;17.57;1
2024.07.11;17.92;17.58;0
2024.07.12;17.26;17.58;1
2024.07.13;17.26;17.58;1
2024.07.14;17.26;17.59;1
2024.07.15;18.35;17.60;0
2024.07.16;18.35;17.61;0
2024.07.17;20.46;17.63;0
2024.07.18;21.26;17.65;0
2024.07.19;21.51;17.68;0
2024.07.20;21.51;17.70;0
2024.07.21;21.51;17.72;0
2024.07.22;19.97;17.73;0
2024.07.23;20.02;17.74;0
2024.07.24;23.06;17.77;0
2024.07.25;24.11;17.81;0
2024.07.26;22.41;17.83;0
2024.07.27;22.41;17.86;0
2024.07.28;22.41;17.89;0
2024.07.29;22.83;17.93;0
2024.07.30;23.94;17.96;0
2024.07.31;22.29;17.99;0
2024.08.01;24.71;18.03;0
2024.08.02;27.71;18.09;0
2024.08.03;27.71;18.14;0
2024.08.04;27.71;18.18;0
2024.08.05;35.10;18.27;0
2024.08.06;29.20;18.33;0
2024.08.07;29.02;18.38;0
2024.08.08;26.88;18.43;0
2024.08.09;24.94;18.47;0
2024.08.10;24.94;18.51;0
2024.08.11;24.94;18.55;0
2024.08.12;24.93;18.59;0
2024.08.13;23.26;18.62;0
2024.08.14;21.19;18.64;0
2024.08.15;20.28;18.66;0
2024.08.16;19.94;18.67;0
2024.08.17;19.94;18.68;0
2024.08.18;19.94;18.69;0
2024.08.19;19.93;18.71;0
2024.08.20;21.11;18.72;0
2024.08.21;21.22;18.74;0
2024.08.22;22.83;18.77;0
2024.08.23;21.11;18.79;0
2024.08.24;21.11;18.81;0
2024.08.25;21.11;18.83;0
2024.08.26;21.57;18.85;0
2024.08.27;20.91;18.87;0
2024.08.28;22.58;18.90;0
2024.08.29;20.58;18.92;0
2024.08.30;19.29;18.93;0
2024.08.31;19.29;18.93;0
2024.09.01;19.29;18.93;0
2024.09.02;19.29;18.94;0
2024.09.03;23.59;18.96;0
2024.09.04;24.20;18.99;0
2024.09.05;23.54;19.02;0
2024.09.06;25.64;19.05;0
2024.09.07;25.64;19.08;0
2024.09.08;25.64;19.11;0
2024.09.09;23.92;19.14;0
2024.09.10;23.62;19.17;0
2024.09.11;22.16;19.19;0
2024.09.12;21.73;19.21;0
2024.09.13;21.28;19.23;0
2024.09.14;21.28;19.25;0
2024.09.15;21.28;19.26;0
2024.09.16;22.51;19.29;0
2024.09.17;22.69;19.32;0
2024.09.18;22.71;19.34;0
2024.09.19;21.09;19.36;0
2024.09.20;20.35;19.38;0
2024.09.21;20.35;19.39;0
2024.09.22;20.35;19.40;0
2024.09.23;19.54;19.40;0
2024.09.24;19.25;19.40;1
2024.09.25;19.07;19.40;1
2024.09.26;19.29;19.40;1
2024.09.27;20.04;19.41;0
2024.09.28;20.04;19.42;0
2024.09.29;20.04;19.43;0
2024.09.30;20.19;19.43;0
2024.10.01;21.67;19.45;0
2024.10.02;21.35;19.46;0
2024.10.03;22.48;19.47;0
2024.10.04;21.64;19.48;0
2024.10.05;21.64;19.50;0
2024.10.06;21.64;19.52;0
2024.10.07;24.34;19.55;0
2024.10.08;23.62;19.59;0
2024.10.09;23.42;19.62;0
2024.10.10;23.60;19.65;0
2024.10.11;23.29;19.68;0
2024.10.12;23.29;19.71;0
2024.10.13;23.29;19.75;0
2024.10.14;23.32;19.78;0
2024.10.15;24.54;19.82;0
2024.10.16;23.64;19.85;0
2024.10.17;22.85;19.89;0
2024.10.18;21.76;19.91;0
2024.10.19;21.76;19.92;0
2024.10.20;21.76;19.94;0
2024.10.21;21.96;19.95;0
2024.10.22;22.03;19.97;0
2024.10.23;22.92;19.99;0
2024.10.24;22.47;20.00;0
2024.10.25;23.24;20.02;0
2024.10.26;23.24;20.05;0
2024.10.27;23.24;20.07;0
2024.10.28;22.93;20.09;0
2024.10.29;22.44;20.10;0
2024.10.30;23.09;20.11;0
2024.10.31;24.86;20.14;0
2024.11.01;23.74;20.14;0
2024.11.02;23.74;20.15;0
2024.11.03;23.74;20.16;0
2024.11.04;23.88;20.17;0
2024.11.05;22.50;20.17;0
2024.11.06;18.86;20.15;1
2024.11.07;18.35;20.12;1
2024.11.08;17.88;20.11;1
2024.11.09;17.88;20.10;1
2024.11.10;17.88;20.08;1
2024.11.11;18.37;20.07;1
2024.11.12;18.12;20.07;1
2024.11.13;17.50;20.06;1
2024.11.14;17.70;20.05;1
2024.11.15;19.83;20.05;1
2024.11.16;19.83;20.06;1
2024.11.17;19.83;20.06;1
2024.11.18;19.77;20.07;1
2024.11.19;19.99;20.08;1
2024.11.20;20.85;20.10;0
2024.11.21;20.21;20.11;0
2024.11.22;18.57;20.12;1
2024.11.23;18.57;20.13;1
2024.11.24;18.57;20.14;1
2024.11.25;17.59;20.14;1
2024.11.26;16.80;20.14;1
2024.11.27;16.68;20.14;1
2024.11.28;16.68;20.14;1
2024.11.29;16.07;20.14;1
2024.11.30;16.07;20.13;1
2024.12.01;16.07;20.13;1
2024.12.02;16.12;20.13;1
2024.12.03;15.76;20.13;1
2024.12.04;15.69;20.13;1
2024.12.05;15.69;20.13;1
2024.12.06;15.15;20.12;1
2024.12.07;15.15;20.12;1
2024.12.08;15.15;20.12;1
2024.12.09;16.55;20.12;1
2024.12.10;16.54;20.12;1
2024.12.11;15.88;20.12;1
2024.12.12;16.36;20.12;1
2024.12.13;16.61;20.13;1
2024.12.14;16.61;20.13;1
2024.12.15;16.61;20.13;1
2024.12.16;18.44;20.13;1
2024.12.17;19.44;20.14;1
2024.12.18;27.63;20.20;0
2024.12.19;26.33;20.25;0
2024.12.20;21.49;20.27;0
2024.12.21;21.49;20.29;0
2024.12.22;21.49;20.32;0
2024.12.23;19.03;20.33;1
2024.12.24;17.03;20.33;1
2024.12.25;17.03;20.34;1
2024.12.26;17.53;20.35;1
2024.12.27;18.54;20.36;1
2024.12.28;18.54;20.37;1
2024.12.29;18.54;20.40;1
2024.12.30;19.79;20.42;1
2024.12.31;19.92;20.44;1
2025.01.01;19.92;20.46;1
2025.01.02;20.50;20.48;0
2025.01.03;19.12;20.50;1
2025.01.04;19.12;20.51;1
2025.01.05;19.12;20.52;1
2025.01.06;19.00;20.53;1
2025.01.07;20.73;20.55;0
2025.01.08;20.69;20.57;0
2025.01.09;20.69;20.58;0
2025.01.10;21.73;20.61;0
2025.01.11;21.73;20.63;0
2025.01.12;21.73;20.66;0
2025.01.13;21.80;20.69;0
2025.01.14;21.45;20.71;0
2025.01.15;19.29;20.73;1
2025.01.16;19.61;20.74;1
2025.01.17;18.96;20.76;1
2025.01.18;18.96;20.77;1
2025.01.19;18.96;20.79;1
2025.01.20;18.96;20.80;1
2025.01.21;18.64;20.81;1
2025.01.22;18.68;20.82;1
2025.01.23;18.38;20.83;1
2025.01.24;18.22;20.83;1
2025.01.25;18.22;20.84;1
2025.01.26;18.22;20.84;1
2025.01.27;21.61;20.86;0
2025.01.28;20.31;20.88;1
2025.01.29;20.60;20.89;1
2025.01.30;19.80;20.91;1
2025.01.31;20.11;20.92;1
2025.02.01;20.11;20.92;1
2025.02.02;20.11;20.92;1
2025.02.03;21.28;20.92;0
2025.02.04;20.03;20.92;1
2025.02.05;19.18;20.90;1
2025.02.06;18.58;20.89;1
2025.02.07;19.18;20.88;1
2025.02.08;19.18;20.88;1
2025.02.09;19.18;20.86;1
2025.02.10;18.84;20.83;1
2025.02.11;18.77;20.82;1
2025.02.12;18.69;20.80;1
2025.02.13;18.41;20.78;1
2025.02.14;18.03;20.75;1
2025.02.15;18.03;20.72;1
2025.02.16;18.03;20.70;1
2025.02.17;18.03;20.67;1
2025.02.18;19.23;20.63;1
2025.02.19;19.00;20.58;1
2025.02.20;18.90;20.54;1
2025.02.21;20.96;20.47;0
2025.02.22;20.96;20.43;0
2025.02.23;20.96;20.39;0
2025.02.24;21.46;20.36;0
2025.02.25;21.98;20.35;0
2025.02.26;21.94;20.33;0
2025.02.27;24.09;20.33;0
2025.02.28;22.66;20.32;0
2025.03.01;22.66;20.31;0
2025.03.02;22.66;20.32;0
2025.03.03;24.96;20.34;0
2025.03.04;25.22;20.37;0
2025.03.05;24.26;20.39;0
2025.03.06;26.23;20.42;0
2025.03.07;25.55;20.45;0
2025.03.08;25.55;20.47;0
2025.03.09;25.55;20.49;0
2025.03.10;28.84;20.52;0
2025.03.11;28.70;20.56;0
2025.03.12;26.82;20.59;0
2025.03.13;27.58;20.62;0
2025.03.14;25.79;20.64;0
2025.03.15;25.79;20.67;0
2025.03.16;25.79;20.68;0
2025.03.17;25.04;20.71;0
2025.03.18;25.85;20.74;0
2025.03.19;23.62;20.76;0
2025.03.20;23.38;20.78;0
2025.03.21;22.92;20.80;0
2025.03.22;22.92;20.80;0
2025.03.23;22.92;20.79;0
2025.03.24;21.27;20.78;0
2025.03.25;20.57;20.75;1
2025.03.26;22.04;20.74;0
2025.03.27;22.41;20.72;0
2025.03.28;25.06;20.73;0
2025.03.29;25.06;20.73;0
2025.03.30;25.06;20.75;0
2025.03.31;25.37;20.77;0
2025.04.01;24.80;20.78;0
2025.04.02;23.65;20.79;0
2025.04.03;30.57;20.84;0
2025.04.04;37.65;20.92;0
2025.04.05;37.65;20.99;0
2025.04.06;37.65;21.07;0
2025.04.07;38.64;21.15;0
2025.04.08;39.56;21.25;0
2025.04.09;34.80;21.32;0
2025.04.10;43.25;21.44;0
2025.04.11;39.95;21.54;0
2025.04.12;39.95;21.64;0
2025.04.13;39.95;21.75;0
2025.04.14;34.33;21.82;0
2025.04.15;32.71;21.89;0
2025.04.16;35.38;21.96;0
2025.04.17;32.83;22.03;0
2025.04.18;32.83;22.09;0
2025.04.19;32.83;22.14;0
2025.04.20;32.83;22.20;0
2025.04.21;36.87;22.27;0
2025.04.22;33.98;22.34;0
2025.04.23;31.83;22.39;0
2025.04.24;29.96;22.43;0
2025.04.25;28.37;22.45;0
2025.04.26;28.37;22.47;0
2025.04.27;28.37;22.50;0
2025.04.28;28.54;22.52;0
2025.04.29;27.60;22.54;0
2025.04.30;27.80;22.57;0
2025.05.01;27.69;22.59;0
2025.05.02;25.73;22.60;0
2025.05.03;25.73;22.61;0
2025.05.04;25.73;22.62;0
2025.05.05;26.54;22.63;0
2025.05.06;27.11;22.66;0
2025.05.07;26.49;22.69;0
2025.05.08;25.97;22.71;0
2025.05.09;25.50;22.72;0
2025.05.10;25.50;22.74;0
2025.05.11;25.50;22.75;0
2025.05.12;22.28;22.75;1
2025.05.13;22.28;22.75;1
2025.05.14;22.66;22.75;1
2025.05.15;21.89;22.74;1
2025.05.16;21.20;22.73;1
2025.05.17;21.20;22.72;1
2025.05.18;21.20;22.71;1
2025.05.19;21.95;22.70;1
2025.05.20;22.07;22.69;1
2025.05.21;24.20;22.69;0
2025.05.22;23.63;22.69;0
2025.05.23;25.29;22.70;0
2025.05.24;25.29;22.71;0
2025.05.25;25.29;22.75;0
2025.05.26;25.29;22.78;0
2025.05.27;22.32;22.80;1
2025.05.28;22.76;22.83;1
2025.05.29;21.80;22.85;1
2025.05.30;20.87;22.86;1
2025.05.31;20.87;22.87;1
2025.06.01;20.87;22.89;1
2025.06.02;19.43;22.90;1
2025.06.03;18.74;22.89;1
2025.06.04;19.01;22.89;1
2025.06.05;21.48;22.90;1
2025.06.06;19.81;22.90;1
2025.06.07;19.81;22.90;1
2025.06.08;19.81;22.89;1
2025.06.09;20.17;22.89;1
2025.06.10;19.82;22.90;1
2025.06.11;20.38;22.91;1
2025.06.12;20.69;22.92;1
2025.06.13;22.41;22.94;1
2025.06.14;22.41;22.97;1
2025.06.15;22.41;23.00;1
2025.06.16;21.09;23.02;1
2025.06.17;23.31;23.06;0
2025.06.18;22.14;23.09;1
2025.06.19;22.14;23.12;1
2025.06.20;22.23;23.15;1
2025.06.21;22.23;23.18;1
2025.06.22;22.23;23.21;1
2025.06.23;21.15;23.24;1
2025.06.24;19.46;23.26;1
2025.06.25;19.00;23.28;1
2025.06.26;18.99;23.30;1
2025.06.27;18.89;23.31;1
2025.06.28;18.89;23.32;1
2025.06.29;18.89;23.34;1
2025.06.30;19.56;23.35;1
2025.07.01;19.88;23.37;1
2025.07.02;19.74;23.39;1
2025.07.03;19.47;23.40;1
2025.07.04;19.47;23.41;1
2025.07.05;19.47;23.41;1
2025.07.06;19.47;23.37;1
2025.07.07;20.68;23.34;1
2025.07.08;19.53;23.33;1
2025.07.09;18.71;23.31;1
2025.07.10;18.76;23.30;1
2025.07.11;19.04;23.30;1
2025.07.12;19.04;23.31;1
2025.07.13;19.04;23.32;1
2025.07.14;19.78;23.33;1
2025.07.15;19.74;23.34;1
2025.07.16;19.54;23.34;1
2025.07.17;18.67;23.34;1
2025.07.18;18.61;23.34;1
2025.07.19;18.61;23.33;1
2025.07.20;18.61;23.32;1
2025.07.21;18.71;23.32;1
2025.07.22;18.95;23.31;1
2025.07.23;17.94;23.31;1
2025.07.24;17.72;23.30;1
2025.07.25;17.16;23.29;1
2025.07.26;17.16;23.27;1
2025.07.27;17.16;23.26;1
2025.07.28;17.27;23.24;1
2025.07.29;18.21;23.22;1
2025.07.30;17.32;23.20;1
2025.07.31;19.23;23.19;1
2025.08.01;21.54;23.19;1
2025.08.02;21.54;23.19;1
2025.08.03;21.54;23.20;1
2025.08.04;19.24;23.20;1
2025.08.05;19.87;23.20;1
2025.08.06;18.77;23.20;1
2025.08.07;18.82;23.20;1
2025.08.08;17.29;23.19;1
2025.08.09;17.29;23.18;1
2025.08.10;17.29;23.18;1
2025.08.11;18.17;23.18;1
2025.08.12;16.84;23.17;1
2025.08.13;16.73;23.16;1
2025.08.14;17.08;23.16;1
2025.08.15;17.50;23.14;1
2025.08.16;17.50;23.12;1
2025.08.17;17.50;23.11;1
2025.08.18;17.75;23.10;1
2025.08.19;19.39;23.09;1
2025.08.20;20.00;23.09;1
2025.08.21;20.55;23.09;1
2025.08.22;18.06;23.08;1
2025.08.23;18.06;23.07;1
2025.08.24;18.06;23.06;1
2025.08.25;18.42;23.06;1
2025.08.26;18.19;23.06;1
2025.08.27;18.69;23.05;1
2025.08.28;17.62;23.05;1
2025.08.29;19.11;23.05;1
2025.08.30;19.11;23.05;1
2025.08.31;19.11;23.05;1
2025.09.01;19.11;23.05;1
2025.09.02;20.36;23.07;1
2025.09.03;19.69;23.07;1
2025.09.04;18.79;23.08;1
2025.09.05;18.44;23.08;1
2025.09.06;18.44;23.08;1
2025.09.07;18.44;23.07;1
2025.09.08;18.35;23.07;1
2025.09.09;18.22;23.06;1
2025.09.10;18.62;23.05;1
2025.09.11;18.23;23.03;1
2025.09.12;18.18;23.02;1
2025.09.13;18.18;23.00;1
2025.09.14;18.18;22.98;1
2025.09.15;19.12;22.95;1
2025.09.16;19.57;22.94;1
2025.09.17;19.02;22.92;1
2025.09.18;18.86;22.90;1
2025.09.19;18.74;22.87;1
2025.09.20;18.74;22.84;1
2025.09.21;18.74;22.81;1
2025.09.22;19.42;22.77;1
2025.09.23;20.13;22.75;1
2025.09.24;19.93;22.72;1
2025.09.25;20.54;22.69;1
2025.09.26;19.33;22.65;1
2025.09.27;19.33;22.60;1
2025.09.28;19.33;22.56;1
2025.09.29;19.87;22.52;1
2025.09.30;20.00;22.50;1
2025.10.01;19.87;22.47;1
2025.10.02;20.01;22.44;1
2025.10.03;20.08;22.41;1
2025.10.04;20.08;22.38;1
2025.10.05;20.08;22.37;1
2025.10.06;20.40;22.35;1
2025.10.07;20.82;22.34;1
2025.10.08;20.02;22.33;1
2025.10.09;20.04;22.31;1
2025.10.10;25.23;22.33;0
2025.10.11;25.23;22.35;0
2025.10.12;25.23;22.37;0
2025.10.13;22.80;22.37;0
2025.10.14;24.28;22.37;0
2025.10.15;24.42;22.37;0
2025.10.16;28.26;22.38;0
2025.10.17;24.97;22.38;0
2025.10.18;24.97;22.38;0
2025.10.19;24.97;22.39;0
2025.10.20;22.64;22.35;0
2025.10.21;22.59;22.27;0
2025.10.22;23.30;22.20;0
2025.10.23;21.72;22.12;1
2025.10.24;20.61;22.03;1
2025.10.25;20.61;21.94;1
2025.10.26;20.61;21.86;1
2025.10.27;20.50;21.75;1
2025.10.28;21.31;21.66;1
2025.10.29;21.76;21.57;0
2025.10.30;21.66;21.48;0
2025.10.31;21.99;21.41;0
2025.11.01;21.99;21.36;0
2025.11.02;21.99;21.29;0
2025.11.03;21.73;21.24;0
2025.11.04;23.30;21.19;0
2025.11.05;22.60;21.14;0
2025.11.06;24.64;21.10;0
2025.11.07;24.58;21.04;0
2025.11.08;24.58;20.99;0
2025.11.09;24.58;20.95;0
2025.11.10;22.62;20.92;0
2025.11.11;22.67;20.89;0
2025.11.12;23.06;20.86;0
2025.11.13;25.88;20.85;0
2025.11.14;26.15;20.84;0
2025.11.15;26.15;20.83;0
2025.11.16;26.15;20.82;0
2025.11.17;28.16;20.82;0
2025.11.18;30.51;20.85;0
2025.11.19;29.30;20.87;0
2025.11.20;32.72;20.90;0
2025.11.21;28.95;20.91;0
2025.11.22;28.95;20.92;0
2025.11.23;28.95;20.93;0
2025.11.24;25.57;20.93;0
2025.11.25;23.67;20.92;0
2025.11.26;22.26;20.91;0
2025.11.27;22.26;20.89;0
2025.11.28;21.17;20.88;0
2025.11.29;21.17;20.88;0
2025.11.30;21.17;20.87;0
2025.12.01;22.06;20.87;0
2025.12.02;21.28;20.87;0
2025.12.03;20.65;20.87;1
2025.12.04;20.19;20.87;1
2025.12.05;19.62;20.85;1
2025.12.06;19.62;20.84;1
2025.12.07;19.62;20.82;1
2025.12.08;20.75;20.80;1
2025.12.09;20.76;20.78;1
2025.12.10;19.67;20.75;1
2025.12.11;18.40;20.72;1
2025.12.12;20.62;20.70;1
2025.12.13;20.62;20.69;1
2025.12.14;20.62;20.68;1
2025.12.15;20.71;20.67;0
2025.12.16;20.19;20.67;1
2025.12.17;21.78;20.67;0
2025.12.18;20.72;20.67;0
2025.12.19;18.52;20.67;1
2025.12.20;18.52;20.67;1
2025.12.21;18.52;20.66;1
2025.12.22;17.85;20.64;1
2025.12.23;17.47;20.63;1
2025.12.24;17.20;20.62;1
2025.12.25;17.20;20.61;1
2025.12.26;17.38;20.59;1
2025.12.27;17.38;20.58;1
2025.12.28;17.38;20.57;1
2025.12.29;18.39;20.55;1
2025.12.30;18.95;20.54;1
2025.12.31;19.56;20.52;1
2026.01.01;19.56;20.51;1
2026.01.02;19.75;20.50;1
2026.01.03;19.75;20.48;1
2026.01.04;19.75;20.47;1
2026.01.05;20.01;20.46;1
2026.01.06;19.53;20.45;1
2026.01.07;20.03;20.44;1
2026.01.08;20.15;20.43;1
2026.01.09;19.06;20.42;1
2026.01.10;19.06;20.41;1
2026.01.11;19.06;20.41;1
2026.01.12;19.53;20.42;1
2026.01.13;20.05;20.42;1
2026.01.14;20.96;20.43;0
2026.01.15;20.20;20.44;1
2026.01.16;20.29;20.44;1
2026.01.17;20.29;20.45;1
2026.01.18;20.29;20.45;1
2026.01.19;20.29;20.45;1
2026.01.20;24.26;20.48;0
2026.01.21;21.19;20.48;0
2026.01.22;20.08;20.49;1
2026.01.23;20.37;20.49;1
2026.01.24;20.37;20.49;1
2026.01.25;20.37;20.50;1
2026.01.26;20.43;20.51;1
2026.01.27;20.55;20.51;0
2026.01.28;20.37;20.52;1
2026.01.29;21.44;20.53;0
2026.01.30;22.52;20.55;0
2026.01.31;22.52;20.56;0
2026.02.01;22.52;20.58;0
2026.02.02;21.23;20.59;0
2026.02.03;23.45;20.61;0
2026.02.04;26.01;20.65;0
2026.02.05;29.19;20.70;0
2026.02.06;24.30;20.73;0
2026.02.07;24.30;20.76;0
2026.02.08;24.30;20.79;0
2026.02.09;23.42;20.82;0
2026.02.10;23.46;20.85;0
2026.02.11;23.26;20.88;0
2026.02.12;26.87;20.93;0
2026.02.13;26.37;20.97;0
2026.02.14;26.37;21.01;0
2026.02.15;26.37;21.06;0
2026.02.16;26.37;21.10;0
2026.02.17;25.98;21.12;0
2026.02.18;24.96;21.14;0
2026.02.19;25.64;21.16;0
2026.02.20;24.23;21.18;0
2026.02.21;24.23;21.20;0
2026.02.22;24.23;21.23;0
2026.02.23;26.36;21.27;0
2026.02.24;24.82;21.30;0
2026.02.25;22.94;21.33;0
2026.02.26;23.61;21.36;0
2026.02.27;24.52;21.40;0
2026.02.28;24.52;21.43;0
2026.03.01;24.52;21.47;0
2026.03.02;25.40;21.52;0
2026.03.03;27.51;21.57;0
2026.03.04;24.87;21.60;0
2026.03.05;26.00;21.64;0
2026.03.06;31.44;21.71;0
2026.03.07;31.44;21.77;0
2026.03.08;31.44;21.83;0
2026.03.09;27.69;21.87;0
2026.03.10;27.33;21.91;0
2026.03.11;26.82;21.96;0
2026.03.12;29.83;22.02;0
2026.03.13;29.87;22.07;0
2026.03.14;29.87;22.13;0
2026.03.15;29.87;22.19;0
2026.03.16;26.32;22.23;0
2026.03.17;24.66;22.26;0
2026.03.18;27.72;22.30;0
2026.03.19;26.90;22.34;0
2026.03.20;29.20;22.39;0
2026.03.21;29.20;22.43;0
2026.03.22;29.20;22.48;0
2026.03.23;27.98;22.53;0
2026.03.24;28.74;22.58;0
2026.03.25;27.65;22.63;0
2026.03.26;29.86;22.68;0
2026.03.27;33.54;22.76;0
2026.03.28;33.54;22.84;0
2026.03.29;33.54;22.91;0
2026.03.30;33.26;22.99;0
2026.03.31;28.24;23.04;0
2026.04.01;27.56;23.08;0
2026.04.02;27.04;23.13;0
2026.04.03;27.04;23.17;0
2026.04.04;27.04;23.20;0
2026.04.05;27.04;23.24;0
2026.04.06;27.39;23.29;0
2026.04.07;28.43;23.34;0
2026.04.08;25.24;23.37;0
2026.04.09;23.50;23.39;0
2026.04.10;23.09;23.41;1
2026.04.11;23.09;23.42;1
2026.04.12;23.09;23.44;1
2026.04.13;22.19;23.45;1
2026.04.14;21.80;23.46;1
2026.04.15;22.25;23.48;1
2026.04.16;22.18;23.49;1
2026.04.17;21.57;23.50;1
2026.04.18;21.57;23.51;1
2026.04.19;21.57;23.51;1
2026.04.20;22.93;23.53;1
2026.04.21;23.80;23.55;0
2026.04.22;23.58;23.57;0
2026.04.23;23.32;23.58;1
2026.04.24;23.38;23.60;1
2026.04.25;23.38;23.61;1
2026.04.26;23.38;23.63;1
2026.04.27;23.08;23.64;1
2026.04.28;23.24;23.63;1
2026.04.29;23.76;23.62;0
2026.04.30;21.79;23.61;1
2026.05.01;21.92;23.60;1
2026.05.02;21.92;23.59;1
2026.05.03;21.92;23.58;1
2026.05.04;23.04;23.55;1
2026.05.05;22.46;23.54;1
2026.05.06;23.58;23.53;0
2026.05.07;23.15;23.52;1
2026.05.08;23.76;23.53;0
2026.05.09;23.76;23.53;0
2026.05.10;23.76;23.54;0
2026.05.11;24.74;23.55;0
2026.05.12;24.13;23.57;0
2026.05.13;24.59;23.59;0
2026.05.14;24.08;23.61;0
2026.05.15;25.33;23.63;0
2026.05.16;25.33;23.65;0
2026.05.17;25.33;23.67;0
2026.05.18;24.21;23.68;0
2026.05.19;24.09;23.69;0
2026.05.20;23.71;23.70;0
2026.05.21;22.74;23.70;1
2026.05.22;22.82;23.71;1
2026.05.23;22.82;23.71;1
2026.05.24;22.82;23.71;1
2026.05.25;22.82;23.70;1
2026.05.26;23.90;23.70;0
2026.05.27;23.39;23.69;1
2026.05.28;22.92;23.68;1
2026.05.29;22.58;23.68;1
2026.05.30;22.58;23.68;1
2026.05.31;22.58;23.68;1
2026.06.01;23.18;23.67;1
2026.06.02;23.27;23.65;1
2026.06.03;23.84;23.64;0
2026.06.04;23.22;23.62;1
2026.06.05;30.47;23.64;0
2026.06.06;30.47;23.64;0
2026.06.07;30.47;23.64;0
2026.06.08;27.12;23.61;0
2026.06.09;29.78;23.62;0
2026.06.10;32.68;23.64;0
2026.06.11;30.44;23.64;0
2026.06.12;27.27;23.65;0
2026.06.13;27.27;23.67;0
2026.06.14;27.27;23.70;0
2026.06.15;25.92;23.71;0
2026.06.16;26.95;23.74;0
2026.06.17;28.56;23.78;0
2026.06.18;26.31;23.81;0
2026.06.19;26.31;23.83;0
2026.06.20;26.31;23.85;0
2026.06.21;26.31;23.88;0
2026.06.22;27.67;23.92;0
2026.06.23;32.37;23.98;0
2026.06.24;30.18;24.03;0
2026.06.25;30.91;24.09;0
2026.06.26;30.82;24.14;0
2026.06.27;30.82;24.19;0
2026.06.28;30.82;24.25;0
2026.06.29;29.37;24.30;0
2026.06.30;27.11;24.33;0
2026.07.01;27.69;24.37;0
2026.07.02;27.98;24.41;0
2026.07.03;27.98;24.44;0
2026.07.04;27.98;24.48;0
2026.07.05;27.98;24.51;0
2026.07.06;26.81;24.54;0
2026.07.07;27.92;24.59;0
2026.07.08;27.86;24.64;0
2026.07.09;26.91;24.68;0
2026.07.10;24.89;24.71;0
2026.07.11;24.89;24.75;0
2026.07.12;24.89;24.79;0
2026.07.13;27.30;24.84;0
2026.07.14;26.28;24.88;0
2026.07.15;25.65;24.93;0
2026.07.16;27.34;24.98;0
2026.07.17;29.03;25.03;0
2026.07.18;29.03;25.08;0
2026.07.19;29.03;25.13;0
2026.07.20;28.53;25.17;0
2026.07.21;26.66;25.21;0
2026.07.22;26.74;25.24;0
2026.07.23;28.06;25.28;0
2026.07.24;28.39;25.32;0
2026.07.25;28.39;25.37;0
2026.07.26;28.39;25.41;0
2026.07.27;28.65;25.45;0
2026.07.28;28.61;25.50;0
2026.07.29;30.84;25.56;0
2026.07.30;27.55;25.60;0
2026.07.31;26.00;25.63;0
2026.08.01;26.00;25.66;0
2026.08.02;26.00;25.69;0
2026.08.03;24.77;25.71;1
2026.08.04;25.48;25.74;1
2026.08.05;24.15;25.76;1
2026.08.06;23.95;25.78;1
2026.08.07;22.82;25.79;1
2026.08.08;22.82;25.78;1
2026.08.09;22.82;25.79;1
2026.08.10;23.04;25.80;1
2026.08.11;22.38;25.81;1
2026.08.12;20.97;25.82;1
2026.08.13;21.23;25.82;1
2026.08.14;20.72;25.82;1
2026.08.15;20.72;25.82;1
2026.08.16;20.72;25.83;1
2026.08.17;21.51;25.83;1
2026.08.18;22.56;25.83;1
2026.08.19;22.04;25.82;1
2026.08.20;23.26;25.83;1
2026.08.21;21.98;25.83;1
2026.08.22;21.98;25.82;1
2026.08.23;21.98;25.80;1
2026.08.24;22.69;25.77;1
2026.08.25;21.79;25.76;1
2026.08.26;21.42;25.74;1
2026.08.27;20.24;25.72;1
2026.08.28;19.92;25.71;1
2026.08.29;19.92;25.69;1
2026.08.30;19.92;25.67;1
2026.08.31;20.18;25.64;1
2026.09.01;21.96;25.62;1
2026.09.02;21.07;25.59;1
2026.09.03;20.16;25.56;1
2026.09.04;20.04;25.53;1
2026.09.05;20.04;25.50;1
2026.09.06;20.04;25.47;1
2026.09.07;20.04;25.45;1
2026.09.08;21.71;25.43;1
2026.09.09;22.32;25.42;1
2026.09.10;23.33;25.42;1
2026.09.11;21.02;25.39;1
